Time;CPU usage;Used memory;Number of bytes received;Number of bytes transmitted;Average read latency of the datastore LUN_080;Average read latency of the datastore LUN_081;Average read latency of the datastore LUN_082;Average read latency of the datastore LUN_083;Average read latency of the datastore LUN_084;Average read latency of the datastore LUN_085;Average write latency of the datastore LUN_080;Average write latency of the datastore LUN_081;Average write latency of the datastore LUN_082;Average write latency of the datastore LUN_083;Average write latency of the datastore LUN_084;Average write latency of the datastore LUN_085
2019-06-27T00:00:00+02:00;10226000000;2,25E+11;5877248;31498752;1;0;0,5;0;1,5;5;1;0;1;0;0;5
2019-06-27T00:02:00+02:00;9362500000;2,25E+11;4866560;5431296;3;13;2,5;8;0,5;22,5;10;12,5;9;26;8;7
2019-06-27T00:04:00+02:00;8490000000;2,25E+11;5247488;5050368;4;11;2;12;1;17;5;3;3,5;0,5;3;5
2019-06-27T00:06:00+02:00;9079000000;2,25E+11;6056960;6340608;7;19,5;4,5;6;2,5;15;5,5;4,5;8;6;8;4,5
2019-06-27T00:08:00+02:00;7504000000;2,25E+11;4986368;5183488;2;0,5;2;0;0;6,5;2;4;3;1;1,5;3
2019-06-27T00:10:00+02:00;9547000000;2,25E+11;8224768;7968768;4;2;2;0;0;11;2,5;10,5;5;1;3;4
2019-06-27T00:12:00+02:00;10823000000;2,25E+11;7103488;7086592;0;0;0;0;0;7,5;3;3;2;2,5;3,5;1,5
2019-06-27T00:14:00+02:00;11031000000;2,25E+11;7892992;7607296;0,5;0;0;0;0;10;1;0;2;4;1;8
2019-06-27T00:16:00+02:00;9431000000;2,25E+11;8099840;8070144;1;1;2,5;1;0;48,5;4,5;112;6;12;5;8
2019-06-27T00:18:00+02:00;13212000000;2,25E+11;6759936;9068544;0;0;0;0;0;6;1;1;1;0;1;0
2019-06-27T00:20:00+02:00;8644000000;2,25E+11;6560768;6436864;2;12,5;0,5;0;3;4,5;0,5;0;2,5;0;0,5;0
2019-06-27T00:22:00+02:00;9427500000;2,25E+11;7067648;6916608;3;0;2;0;0;5,5;0,5;0,5;1;0;1;0
2019-06-27T00:24:00+02:00;10618500000;2,25E+11;7186432;8844288;0,5;0;0,5;0;0;5;0;0;1;0;1;0
2019-06-27T00:26:00+02:00;8938000000;2,25E+11;6968832;6974976;0;0;0,5;0;0;6;0;0;0,5;0,5;1;0
2019-06-27T00:28:00+02:00;9521500000;2,25E+11;4646400;4480512;1;0;0,5;0;6,5;4;1;0,5;3;1;0;1
2019-06-27T00:30:00+02:00;9063000000;2,25E+11;4451328;4802048;5;0;1;0;0;6,5;1,5;0,5;1,5;0;2,5;1
2019-06-27T00:32:00+02:00;12589000000;2,25E+11;5592064;5842432;3;0;0,5;0;0;7;1;0;2;0;1;0,5
2019-06-27T00:34:00+02:00;10414000000;2,25E+11;4825088;5331968;5,5;0;1;0;0;6,5;0;0;1;0;1;0
2019-06-27T00:36:00+02:00;9201500000;2,25E+11;3442176;3969024;6;0;1;0;0;7;0,5;0;4;0;1,5;0,5
2019-06-27T00:38:00+02:00;8879000000;2,25E+11;2281472;2536448;6;0;1,5;0;0;5,5;0;0,5;1;0;1;0
2019-06-27T00:40:00+02:00;9932500000;2,25E+11;4221440;4824576;8,5;0;0;0;3,5;6,5;0,5;0,5;6;2;1,5;0,5
2019-06-27T00:42:00+02:00;9594000000;2,25E+11;3568640;4151296;8;0;0;0;1;6;0;0,5;0,5;1,5;2;0
2019-06-27T00:44:00+02:00;8237000000;2,25E+11;2969088;3534848;2,5;0;1;0;8,5;5,5;0,5;0,5;1;0;1;0
2019-06-27T00:46:00+02:00;9373500000;2,25E+11;2779136;2550272;12;0;1;0;1,5;10;5;1;6;4;5;1
2019-06-27T00:48:00+02:00;8388000000;2,25E+11;1705472;1948672;1,5;0;1;0;0;7;0,5;1,5;0,5;0;1;0
2019-06-27T00:50:00+02:00;8263500000;2,25E+11;2249216;1977856;0;0;1;0;0;4,5;0;1;2;0;2;0,5
2019-06-27T00:52:00+02:00;10321000000;2,25E+11;2271232;2379776;4,5;2,5;2;0;0;4,5;0;1;1,5;0;2,5;0,5
2019-06-27T00:54:00+02:00;7628500000;2,25E+11;2970112;4635648;0;1;0,5;0;2;5,5;0;0,5;1;0,5;0,5;0
2019-06-27T00:56:00+02:00;8900500000;2,25E+11;4047872;3985920;3,5;0;0,5;0;2,5;3;1,5;4;2,5;0;1,5;5
2019-06-27T00:58:00+02:00;7590500000;2,25E+11;3987968;4367872;3,5;0;0,5;0;0;4,5;0,5;0;1;0;0,5;0
2019-06-27T01:00:00+02:00;12049500000;2,25E+11;5260288;20267520;3,5;0;0;0;1;4;0;0;1;0;0;2,5
2019-06-27T01:02:00+02:00;12096000000;2,25E+11;5711872;25553920;1,5;4;0,5;0;0;11;4,5;4,5;5,5;7,5;15,5;3
2019-06-27T01:04:00+02:00;13504500000;2,25E+11;4373504;25716224;3;0;1;0;0;7,5;2;0;2,5;0;2;3
2019-06-27T01:06:00+02:00;10057000000;2,25E+11;3350528;25145344;1,5;0;1;0;0;11,5;5,5;1,5;5,5;0;6,5;5
2019-06-27T01:08:00+02:00;8511500000;2,25E+11;3107328;22136832;0;1;2;4,5;0,5;5,5;1;0;1,5;0;1;0,5
2019-06-27T01:10:00+02:00;9200000000;2,25E+11;7735296;25029120;0;0;1;0;0,5;6;1;0,5;1;0;1;1
2019-06-27T01:12:00+02:00;8203500000;2,25E+11;5633536;31196672;1;0;0;0;19,5;7;3,5;1;6;307;9,5;3,5
2019-06-27T01:14:00+02:00;10612000000;2,25E+11;4604928;28273152;0,5;0;0;0;5;5;0;0;2;0;2;0
2019-06-27T01:16:00+02:00;9649000000;2,25E+11;3563008;30279168;0,5;2,5;0,5;0;0;5,5;1;0,5;2,5;0;1;0
2019-06-27T01:18:00+02:00;9343000000;2,25E+11;5318656;25823232;0;0;4;0;0;8;1;0;1;0;1;1
2019-06-27T01:20:00+02:00;8843000000;2,25E+11;5538816;23697408;0,5;0;1,5;0;0;5,5;1;1;1,5;0;1;0,5
2019-06-27T01:22:00+02:00;9342000000;2,25E+11;7052800;24425472;0;0;0;0;3;6;0,5;0,5;2;0;1,5;0,5
2019-06-27T01:24:00+02:00;9322500000;2,25E+11;6194176;26540032;0;0;1,5;0;0;5,5;0;0,5;1,5;0,5;2,5;0,5
2019-06-27T01:26:00+02:00;10360000000;2,25E+11;6227456;21058048;2;0;4;0;0,5;9;2,5;0,5;24;1;3;0,5
2019-06-27T01:28:00+02:00;12762000000;2,25E+11;6977536;23292928;4;2,5;1,5;0;1,5;7;0,5;0;1,5;1,5;1;0
2019-06-27T01:30:00+02:00;9199000000;2,25E+11;6619648;28450304;6;0;4;0;10;10;6;2,5;10,5;2;11;4
2019-06-27T01:32:00+02:00;10127500000;2,25E+11;3981312;34523648;4;0;3,5;0;7,5;6;6;1;1;0;3;2
2019-06-27T01:34:00+02:00;8421000000;2,25E+11;3815936;32652800;0,5;0;0;0;0;6;1;0,5;0,5;0;1;1
2019-06-27T01:36:00+02:00;8889500000;2,25E+11;4533760;36329472;1,5;0;0,5;0;0;6;1;0;1;0;1;2
2019-06-27T01:38:00+02:00;7563500000;2,25E+11;3701760;40995840;1,5;0;1;0;1;3,5;1;0,5;1,5;0;1,5;1
2019-06-27T01:40:00+02:00;8113000000;2,25E+11;4443648;27445248;0;0;1;0;0;6;1,5;1,5;1,5;0;1,5;2
2019-06-27T01:42:00+02:00;8292000000;2,25E+11;3321856;19954688;1,5;0;1,5;0;0;5,5;1,5;1,5;2;0;2;2
2019-06-27T01:44:00+02:00;8251500000;2,25E+11;3145728;36560384;0,5;1,5;2,5;0;1;5;2;2;2;0;1,5;2,5
2019-06-27T01:46:00+02:00;10223000000;2,25E+11;4932096;30060032;3;0;0;0;0,5;8,5;4;1,5;2,5;0;3,5;4
2019-06-27T01:48:00+02:00;7970500000;2,25E+11;4323328;32644608;1;3,5;1,5;0;1;4,5;1;1,5;2;0;0,5;1,5
2019-06-27T01:50:00+02:00;10572500000;2,25E+11;4150784;39359488;1;3;1,5;0;2;5;1;1;2;0;1;2
2019-06-27T01:52:00+02:00;7844000000;2,25E+11;3767296;34366976;3;1,5;7;0;0,5;10;4;1;5,5;3;6;2
2019-06-27T01:54:00+02:00;8088500000;2,25E+11;4130816;38195200;1;0;3;0;1;4,5;1;0,5;1;0;1;1
2019-06-27T01:56:00+02:00;8612500000;2,25E+11;4710400;19491840;1;8;12,5;6;1;8,5;4;3;2;54,5;5;4
2019-06-27T01:58:00+02:00;7675500000;2,25E+11;3331072;37757952;1;0;1;0;3;5;1;1;4;0,5;1,5;1,5
2019-06-27T02:00:00+02:00;9332000000;2,25E+11;4069376;3582976;3;0;2,5;0;0;4;1;1;3,5;0,5;1,5;1
2019-06-27T02:02:00+02:00;13109000000;2,25E+11;4165120;21349376;5;0;2;0;29;8,5;5;5,5;9;3;6;4,5
2019-06-27T02:04:00+02:00;12537000000;2,25E+11;4316160;19399680;4;0;3;0;52;null;null;null;null;null;null;null
2019-06-27T02:06:00+02:00;9711000000;2,25E+11;3650048;16218112;7;0;1,5;1,5;4,5;7;5,5;2,5;6,5;2,5;6;2
2019-06-27T02:08:00+02:00;10571500000;2,25E+11;3125760;15047680;5;1;1;0;2;13;5;7;6;0;4;5
2019-06-27T02:10:00+02:00;8059000000;2,25E+11;3843072;24870912;2;0;1;0;1,5;4;3;2;3,5;0,5;14,5;3
2019-06-27T02:12:00+02:00;8427500000;2,25E+11;4077568;24064512;2;0;1;0;0;11,5;3;3,5;2,5;0;2,5;1
2019-06-27T02:14:00+02:00;8744500000;2,25E+11;3201024;8085504;4;0;0,5;0;3;6,5;1;2;1,5;0,5;2,5;2
2019-06-27T02:16:00+02:00;7901000000;2,25E+11;3124224;17772032;6;4,5;2;3;4,5;5,5;2;2,5;3,5;21;4,5;6,5
2019-06-27T02:18:00+02:00;9275000000;2,25E+11;1850880;10898432;2,5;2;1;0;4;8;2;2;8;2;1;1
2019-06-27T02:20:00+02:00;6983000000;2,25E+11;2025472;12141056;1;0;1;0;0;6;1;1,5;2;0,5;1,5;1,5
2019-06-27T02:22:00+02:00;10297000000;2,25E+11;2352640;26294272;0;0;1;0;0;6;1;0;2;0;2;1
2019-06-27T02:24:00+02:00;9871500000;2,25E+11;null;null;2;2;2;0;2;5;1;0;2;0;3;1
2019-06-27T02:26:00+02:00;8200000000;2,25E+11;1825792;28695552;2;0;0;0;1,5;5;1;0;2;0;2,5;1
2019-06-27T02:28:00+02:00;6736500000;2,25E+11;1558528;21727232;4,5;2;0;1,5;1,5;4;1,5;0,5;2;0;2,5;1
2019-06-27T02:30:00+02:00;6815000000;2,25E+11;1211904;22202880;3,5;2,5;2;0;3,5;11;18;4,5;9,5;1,5;4;2,5
2019-06-27T02:32:00+02:00;8401000000;2,25E+11;2102272;28461568;3,5;0;2;0;1;7;1;1;2;12;1;1,5
2019-06-27T02:34:00+02:00;8168000000;2,25E+11;1602560;31395840;1;1,5;1;0;0,5;5;1;0,5;2;0;0,5;1
2019-06-27T02:36:00+02:00;7864000000;2,25E+11;1207808;33894912;2;0;0;0;0;5;2;1;1;0;1,5;0,5
2019-06-27T02:38:00+02:00;7773000000;2,25E+11;2313216;30521344;3,5;2,5;0;3;0,5;4,5;1;1;1,5;0;1;0,5
2019-06-27T02:40:00+02:00;7953000000;2,25E+11;1681408;22152704;2;3;2;0;6;3,5;1;32;1,5;19;3;3
2019-06-27T02:42:00+02:00;7562500000;2,25E+11;1750016;29355008;0,5;0;0,5;0;0,5;6;2;32,5;2;19;3,5;0
2019-06-27T02:44:00+02:00;6458000000;2,25E+11;1216000;28830720;1,5;0,5;1,5;0;1;4,5;1;0;1,5;1;1;1
2019-06-27T02:46:00+02:00;9228500000;2,25E+11;1677312;27457536;0,5;0,5;1,5;0;1;2;2;2;2;1;1;13
2019-06-27T02:48:00+02:00;7848500000;2,25E+11;1152000;28423680;1,5;0,5;0,5;2,5;0,5;4;1;3,5;1,5;0;1,5;12,5
2019-06-27T02:50:00+02:00;8332500000;2,24E+11;1114624;18292736;4;1;2;0;3;18;3;2;1;5;4,5;3,5
2019-06-27T02:52:00+02:00;8040500000;2,24E+11;1753088;31653888;1,5;0;2,5;0;0,5;17,5;6;12;8;6;4;3
2019-06-27T02:54:00+02:00;7122500000;2,24E+11;922112;12457472;0;0;1;0;3;3,5;1;0,5;2;0;2;1
2019-06-27T02:56:00+02:00;8011000000;2,24E+11;1532928;17391104;9;0;2,5;0;5,5;5,5;5;1,5;5,5;3,5;8;2
2019-06-27T02:58:00+02:00;7131500000;2,24E+11;1122304;13350400;0;0;1;0;0,5;3,5;2;0,5;1,5;1;1,5;1,5
2019-06-27T03:00:00+02:00;10331500000;2,24E+11;1657856;21535232;0;0;0,5;0;0,5;3;1;0;2;0;0;4,5
2019-06-27T03:02:00+02:00;12751500000;2,24E+11;3293696;16596480;2,5;2,5;9,5;0;4;13;5,5;4,5;5;6,5;8,5;5
2019-06-27T03:04:00+02:00;12626000000;2,25E+11;8742912;28048384;1;1,5;1;0;0;2;1;1;0;0;2;1,5
2019-06-27T03:06:00+02:00;9729000000;2,25E+11;5184000;23403520;1,5;2,5;4;0;5;6,5;4,5;7,5;5;2,5;5;2
2019-06-27T03:08:00+02:00;7933000000;2,25E+11;1172480;21898752;2,5;0;7;0;0;6;1;0;0;1;1;1,5
2019-06-27T03:10:00+02:00;7942500000;2,25E+11;1470464;20071424;1;0;1,5;0;0;5,5;1,5;1;2;0;2,5;1
2019-06-27T03:12:00+02:00;8289500000;2,25E+11;980992;16599040;8;0;1;0;0;4,5;2;0,5;2,5;0;1,5;2
2019-06-27T03:14:00+02:00;7032500000;2,25E+11;1387520;14487552;5;0;0,5;0;3,5;4,5;2;1;2;0;0,5;2
2019-06-27T03:16:00+02:00;7217500000;2,25E+11;1447936;26788352;0;0;1;1;3;7;1,5;1,5;3;1,5;3;1
2019-06-27T03:18:00+02:00;9472500000;2,25E+11;1333760;22175232;0;0;1;0;3,5;4;4;5,5;3,5;0;2;2
2019-06-27T03:20:00+02:00;6502000000;2,25E+11;1380352;21453824;1,5;0;0,5;0;0,5;4,5;1;0,5;1,5;0;2;1
2019-06-27T03:22:00+02:00;7659000000;2,25E+11;995328;23907328;2,5;0;0,5;0;0,5;4;1;0;6;0;1;1,5
2019-06-27T03:24:00+02:00;9293000000;2,25E+11;1134592;21210624;11,5;5,5;10,5;0;5,5;5,5;25;2,5;10;0,5;5,5;2
2019-06-27T03:26:00+02:00;7782500000;2,25E+11;1118720;21631488;0;0;1;0;0;6;3;2;2;0;1;1,5
2019-06-27T03:28:00+02:00;8736000000;2,25E+11;1412096;13794304;0,5;2;0,5;0;0;5;1,5;0,5;2,5;2;1;1,5
2019-06-27T03:30:00+02:00;7511500000;2,25E+11;5681152;27041280;0;0;2;0;4;6;2;5;17;1,5;9;6,5
2019-06-27T03:32:00+02:00;8371500000;2,25E+11;12402688;33303552;4;0;0,5;0;1;5,5;7,5;4;15,5;1;9;6,5
2019-06-27T03:34:00+02:00;10455500000;2,25E+11;6309376;26626048;0;3;3;0;4;4;2;1,5;4,5;0;2,5;2
2019-06-27T03:36:00+02:00;8604500000;2,25E+11;1341440;24434688;5,5;0;1,5;0;0;4,5;4;2,5;8;1;3;3
2019-06-27T03:38:00+02:00;9731000000;2,25E+11;1155584;20754432;1;0,5;2,5;0;1,5;2,5;1;1;1;0;2;0,5
2019-06-27T03:40:00+02:00;8360500000;2,25E+11;860160;25566720;0;0,5;2,5;0;1,5;3;2;2;2;0;2;1
2019-06-27T03:42:00+02:00;8983500000;2,25E+11;1278464;22472192;5;0;1;1,5;0,5;4;4;2;4,5;0;5,5;3
2019-06-27T03:44:00+02:00;9284500000;2,25E+11;1073152;26680832;3,5;0;0,5;0;0;5;11;0;1;0;1;0,5
2019-06-27T03:46:00+02:00;6991500000;2,25E+11;823296;13364224;6,5;0,5;1;0;10;5;1,5;3,5;3,5;0;4;1,5
2019-06-27T03:48:00+02:00;5961500000;2,25E+11;1184768;21189632;6;0;3;0;14;3;1;1;3;4,5;1,5;1,5
2019-06-27T03:50:00+02:00;9833500000;2,25E+11;1173504;13554688;3,5;0;1;2,5;0;3,5;1;1;4;0;2,5;1,5
2019-06-27T03:52:00+02:00;7549500000;2,25E+11;1496064;25122304;6;0;3;0;1,5;2,5;2;1,5;5,5;1;3,5;1
2019-06-27T03:54:00+02:00;9029000000;2,25E+11;1173504;18022400;5;0;0,5;0;0,5;3;1;0;3;1;1;1
2019-06-27T03:56:00+02:00;8799500000;2,25E+11;960512;12010496;5,5;0;1,5;0;1;6,5;1;2;3;0;1,5;1,5
2019-06-27T03:58:00+02:00;8397500000;2,25E+11;1160192;31288320;5;0;0,5;0;0;5;1;0;5;1;4;0
2019-06-27T04:00:00+02:00;9569000000;2,25E+11;1232384;23911424;6;1;2,5;0;4,5;7;2,5;1,5;3;1;3;2
2019-06-27T04:02:00+02:00;10371500000;2,25E+11;980992;16866816;6,5;1;7;0;4;3;62;4;109;0;23;3
2019-06-27T04:04:00+02:00;10939500000;2,25E+11;578560;1183744;6,5;0;2;0;1,5;11,5;20;6;22;0;9;2,5
2019-06-27T04:06:00+02:00;11376000000;2,25E+11;993792;903168;6;0;7;0;0;5,5;34;4,5;58;0;40;3
2019-06-27T04:08:00+02:00;8937000000;2,25E+11;521216;663552;7;0,5;9,5;0;1,5;5,5;21,5;3,5;36,5;11;28,5;4
2019-06-27T04:10:00+02:00;9523500000;2,25E+11;1662976;1668608;5;0;1;2;1,5;2;10,5;4;13;4,5;32,5;3
2019-06-27T04:12:00+02:00;10647000000;2,25E+11;529920;805376;6,5;0;11;0,5;1,5;8;6,5;5,5;15,5;4,5;134,5;2
2019-06-27T04:14:00+02:00;8950000000;2,25E+11;498176;1973760;5,5;0;0,5;0;1;14,5;15;2,5;18;7,5;38,5;2,5
2019-06-27T04:16:00+02:00;8867500000;2,25E+11;925696;1677312;5,5;2;1,5;0;0,5;5;48;1;2;0;9;2
2019-06-27T04:18:00+02:00;10542500000;2,25E+11;587264;1498112;7;1;4,5;1;5;5,5;28;0;15,5;2;57,5;1
2019-06-27T04:20:00+02:00;10805000000;2,25E+11;799232;3365888;6;0;4;0;1;5,5;8;2;2;5,5;54;1
2019-06-27T04:22:00+02:00;7863000000;2,25E+11;451584;3566592;8;0,5;2;0;3;6;5,5;4;12;0;29,5;3
2019-06-27T04:24:00+02:00;7846500000;2,25E+11;1127936;4174848;6;0;0;0;0;3,5;13,5;2,5;5,5;0;9,5;1
2019-06-27T04:26:00+02:00;8392000000;2,25E+11;830464;2863104;7;0;0,5;0;0,5;4;29;3,5;28;0;37,5;1
2019-06-27T04:28:00+02:00;9749500000;2,25E+11;636928;1932288;5;0;0,5;0;0;3,5;0;1;1;0;1;0,5
2019-06-27T04:30:00+02:00;8051500000;2,25E+11;515072;601088;6;0;0,5;0;1,5;11;0,5;0;2;1;10;1
2019-06-27T04:32:00+02:00;6564500000;2,25E+11;569344;689664;5;0;2;1,5;0,5;7;0,5;0;1;0,5;1,5;0,5
2019-06-27T04:34:00+02:00;7025000000;2,25E+11;595456;561152;4,5;0;0;0;0;5;0;0;1;0;1;1
2019-06-27T04:36:00+02:00;7233500000;2,25E+11;352256;294912;4,5;0;1;2;0;2,5;0,5;0;1;0;1,5;1
2019-06-27T04:38:00+02:00;9791000000;2,25E+11;726016;430592;4;1;0;0;2;3,5;0;0;1;0;1;0,5
2019-06-27T04:40:00+02:00;6791000000;2,25E+11;333824;236544;4;0;0,5;0;0,5;4,5;0;0;0,5;0;1;0
2019-06-27T04:42:00+02:00;7768500000;2,25E+11;738816;631296;6;4;0,5;0;0,5;12;0;0,5;2;0;0,5;0,5
2019-06-27T04:44:00+02:00;7070000000;2,25E+11;439296;273920;5;3,5;0,5;0;0;6;0;0,5;1;0;0;0
2019-06-27T04:46:00+02:00;6487500000;2,25E+11;564736;361984;6,5;8,5;0,5;0;36,5;5;0,5;0,5;2;0;1,5;0,5
2019-06-27T04:48:00+02:00;8116000000;2,25E+11;576512;558080;6,5;8,5;1;0;36,5;3;1;1;1;0;0;0,5
2019-06-27T04:50:00+02:00;8581000000;2,25E+11;390144;386560;6,5;1;1,5;0;0,5;5,5;0;0;1;2,5;0,5;0,5
2019-06-27T04:52:00+02:00;8723500000;2,25E+11;745472;526848;1;7;1;0;0;4,5;0;0;1;0,5;1,5;0,5
2019-06-27T04:54:00+02:00;6101500000;2,25E+11;1065984;1508352;7;0;1;0;0;4,5;0,5;0,5;1;0;1;0,5
2019-06-27T04:56:00+02:00;7525000000;2,25E+11;803328;510464;8;0;1;0;0;4;1;0,5;0,5;0;0,5;0
2019-06-27T04:58:00+02:00;7537500000;2,25E+11;700416;684544;7,5;0;0,5;1;0;4,5;0,5;0,5;0,5;0;0;0
2019-06-27T05:00:00+02:00;9306500000;2,25E+11;573440;562688;11,5;0;1;0;0;4,5;3,5;2;2;0;2,5;1
2019-06-27T05:02:00+02:00;10746500000;2,25E+11;698368;472576;12;0;0,5;0;0;5;1;0;1;0;1;1
2019-06-27T05:04:00+02:00;9831000000;2,25E+11;641536;626688;7;0;1;0;0;5;0,5;0,5;1,5;0;1;0,5
2019-06-27T05:06:00+02:00;10845500000;2,25E+11;890880;782848;6,5;0;1;0;0;4;1;5;2;1;2;0,5
2019-06-27T05:08:00+02:00;7054500000;2,25E+11;461824;446464;4,5;0;0,5;0;0;4,5;0,5;0;1;0;1,5;0,5
2019-06-27T05:10:00+02:00;7582500000;2,25E+11;603136;755200;5;0;1;0;0;6,5;3;2;1,5;0;1,5;2,5
2019-06-27T05:12:00+02:00;5668000000;2,25E+11;627712;221184;5,5;1;1;0;1;3;3,5;2,5;1,5;0;2,5;1
2019-06-27T05:14:00+02:00;9952000000;2,25E+11;596480;370176;10;1,5;0,5;0;0;7;1;0,5;1;0;1;1
2019-06-27T05:16:00+02:00;6815500000;2,25E+11;599040;713728;17,5;1,5;1;0;0;20;3,5;3;3;12;7;3
2019-06-27T05:18:00+02:00;6296500000;2,25E+11;571904;531968;5;0;2,5;0;0;5;0;0,5;1;0;0,5;0
2019-06-27T05:20:00+02:00;7252500000;2,25E+11;768512;531968;5,5;0;2,5;1;0;4;0;0;1;0;1;1
2019-06-27T05:22:00+02:00;6953500000;2,25E+11;727552;672256;13,5;0;0;0;0;10,5;1,5;2;1,5;0;6;1,5
2019-06-27T05:24:00+02:00;7478500000;2,25E+11;754688;624640;4;0;1;0;1;3,5;0;0;1;0;1;0
2019-06-27T05:26:00+02:00;6976500000;2,25E+11;481280;401408;8,5;1;3;0;1;16,5;9,5;4;6;0;5;2,5
2019-06-27T05:28:00+02:00;5590500000;2,25E+11;1090560;1089024;6;13;3;0;0;5,5;0,5;2,5;1;0;0,5;0
2019-06-27T05:30:00+02:00;7387000000;2,25E+11;484864;274432;4,5;0;0,5;0;1,5;2,5;0;0;0,5;0;0;0
2019-06-27T05:32:00+02:00;9086000000;2,25E+11;582656;659968;8,5;0;1;0;0;6;1;0,5;1;0,5;0,5;1
2019-06-27T05:34:00+02:00;8106500000;2,25E+11;636928;634368;3,5;0;1;0;0;7;0;1;2;0;1;0,5
2019-06-27T05:36:00+02:00;6584500000;2,25E+11;389120;450560;5,5;0;1,5;0;1;5;0;0;1;0;1;1
2019-06-27T05:38:00+02:00;9719000000;2,25E+11;731136;510464;9;7;3;6;11;1;0;0;2;0;1;1
2019-06-27T05:40:00+02:00;6224000000;2,25E+11;726016;351232;6,5;1,5;2;0;0;2,5;0;0,5;2;0;0,5;0,5
2019-06-27T05:42:00+02:00;8506000000;2,25E+11;738304;544256;6;1;0;3;0;2,5;0,5;0;0,5;0;0,5;0,5
2019-06-27T05:44:00+02:00;7264500000;2,25E+11;787456;331776;4;0;0,5;0;0;3,5;0,5;0;0,5;0;0;0
2019-06-27T05:46:00+02:00;8246500000;2,25E+11;571904;429056;6;0;0,5;1;30;8;0,5;0;2;13;1;1,5
2019-06-27T05:48:00+02:00;7580000000;2,25E+11;588288;469504;4;0;0;1;0;1;0;0;1;0;1;0
2019-06-27T05:50:00+02:00;6505500000;2,25E+11;481280;337408;5;0;1,5;0;0,5;4;6;0,5;2,5;0,5;6;1
2019-06-27T05:52:00+02:00;8381000000;2,25E+11;778752;512512;4,5;0;1,5;0;0,5;9;0;0;1;0;0;0
2019-06-27T05:54:00+02:00;7426000000;2,25E+11;657920;689152;5,5;0;0;0;0;2;0;0;0,5;0;1;1
2019-06-27T05:56:00+02:00;9703500000;2,25E+11;628224;526336;5;0;0;0;3;9;1;1;2,5;0;1,5;0,5
2019-06-27T05:58:00+02:00;6048500000;2,25E+11;858112;633856;5;2,5;0,5;0;0;6,5;0,5;0;2;0;0,5;0
2019-06-27T06:00:00+02:00;9383500000;2,25E+11;528384;275968;6;6;20;0;3;5,5;1;0,5;1,5;0;14;1
2019-06-27T06:02:00+02:00;10424000000;2,25E+11;994304;490496;4,5;0;0,5;0;0;6;1,5;2,5;1,5;1;1,5;0
2019-06-27T06:04:00+02:00;8892500000;2,25E+11;562176;609280;6;1;2;0;4,5;7;0,5;0,5;1;0;0,5;0,5
2019-06-27T06:06:00+02:00;8188500000;2,25E+11;1001984;860672;10;1;1,5;0;3,5;20;2;32,5;4;0;3;6
2019-06-27T06:08:00+02:00;8090000000;2,25E+11;1101312;825344;4,5;0;1;1,5;0;4;0,5;0;0,5;0;1,5;0,5
2019-06-27T06:10:00+02:00;7086000000;2,25E+11;596480;548352;5,5;1,5;0,5;1,5;0;1;1;0;4;0;1;2,5
2019-06-27T06:12:00+02:00;6284500000;2,25E+11;904192;568320;8;0;2;0;0;8,5;1,5;0;2,5;0,5;2;2
2019-06-27T06:14:00+02:00;9117500000;2,25E+11;499712;583168;5;0;0;2;0;4;0;0;1,5;0;1;0,5
2019-06-27T06:16:00+02:00;5309000000;2,25E+11;773120;646144;7;1;0,5;6;0;3,5;2;0;1;0;6,5;1,5
2019-06-27T06:18:00+02:00;6716500000;2,25E+11;1044480;637440;3;0;1;0;0;2;0;0;1;0;1;2,5
2019-06-27T06:20:00+02:00;7141500000;2,25E+11;391168;711680;6;0;0,5;0;0,5;4,5;0;1;1,5;0;1;0
2019-06-27T06:22:00+02:00;7812000000;2,25E+11;1073152;448512;3;1,5;1;0;0;6,5;6,5;0;1,5;0;3;1,5
2019-06-27T06:24:00+02:00;7078000000;2,25E+11;574976;7866368;5,5;0;0,5;0;0;5;3,5;5,5;9;0;10;3
2019-06-27T06:26:00+02:00;6456000000;2,25E+11;1020416;8135680;7,5;1;5,5;0;1;3,5;15,5;0,5;8;0;3,5;2
2019-06-27T06:28:00+02:00;10149000000;2,25E+11;477696;698368;8,5;1;3;0;8;8;15;3;4;0;16;1
2019-06-27T06:30:00+02:00;8521500000;2,25E+11;510976;5473792;7;0;0,5;0;4,5;4,5;2,5;0,5;2,5;0;1;0,5
2019-06-27T06:32:00+02:00;8772000000;2,25E+11;1385984;1077760;4;2;2;0;2;4;0,5;0;0,5;4;0,5;2
2019-06-27T06:34:00+02:00;6232000000;2,25E+11;479232;817152;3,5;1,5;1;0;0,5;4;0,5;0;0,5;0;1;0
2019-06-27T06:36:00+02:00;8542000000;2,25E+11;1481728;914432;5;1;3;1;1,5;25,5;10,5;4,5;12;0;14;4,5
2019-06-27T06:38:00+02:00;9695500000;2,25E+11;687104;726528;19;0;2,5;0;1;24;10;5;12;0,5;15;1
2019-06-27T06:40:00+02:00;6442500000;2,25E+11;1028608;677376;3;1;1,5;0;1,5;4;1;1,5;2;0;1,5;1,5
2019-06-27T06:42:00+02:00;9383500000;2,25E+11;643584;547840;3,5;1;2;0;0;6;0;0;1;0;0;0
2019-06-27T06:44:00+02:00;9138500000;2,27E+11;762880;684032;5;1;1;0;0;4;0;0,5;0,5;0;0;0,5
2019-06-27T06:46:00+02:00;10755500000;2,28E+11;1142784;824832;4;0;3;0;1;16,5;2,5;0;5;3,5;1;1,5
2019-06-27T06:48:00+02:00;8381000000;2,28E+11;776192;622592;3,5;1;1;0;1;4,5;0;0;0,5;0;0;0,5
2019-06-27T06:50:00+02:00;10513500000;2,28E+11;905728;611328;4;0;0,5;0;0;4,5;0,5;0,5;1,5;0,5;1;0,5
2019-06-27T06:52:00+02:00;10731000000;2,28E+11;746496;526336;8,5;0;74;0;0;7;1;1;2,5;0,5;1,5;1
2019-06-27T06:54:00+02:00;8070500000;2,28E+11;1075712;625152;9;2;1,5;0;1;3;0;0;1,5;0;0;0,5
2019-06-27T06:56:00+02:00;10744500000;2,28E+11;902656;1463808;8;0;2;0;0;4;1;1;1;0;1;0,5
2019-06-27T06:58:00+02:00;8595500000;2,28E+11;1238528;1582080;10;0;0,5;4,5;0;5;6;0;1;0;0,5;0
2019-06-27T07:00:00+02:00;13124500000;2,28E+11;1085952;1083904;4;3;1;0;0;7;1;0;4;0;3;3
2019-06-27T07:02:00+02:00;8421000000;2,28E+11;848896;718848;11;1;7;1,5;0,5;7;1,5;1,5;4;0;2,5;2,5
2019-06-27T07:04:00+02:00;9099000000;2,28E+11;586752;718848;6;9;2,5;0;1;5,5;0;0;1,5;1,5;1;0
2019-06-27T07:06:00+02:00;10559000000;2,28E+11;1322496;1083904;12;1;2;0;0;3,5;1,5;0,5;2,5;1,5;4,5;4
2019-06-27T07:08:00+02:00;11052000000;2,28E+11;1231360;1205248;5,5;0;6;0;0;5,5;0;0;0,5;0;0;0
2019-06-27T07:10:00+02:00;11458500000;2,28E+11;1008640;839168;6,5;1;4;0;1,5;2;0;3;1;0;1;2
2019-06-27T07:12:00+02:00;8341500000;2,28E+11;1303552;848384;2,5;1,5;3,5;0;0;10;1,5;2;10;6,5;2;2
2019-06-27T07:14:00+02:00;10489500000;2,28E+11;1021440;1378816;6;0;1;0;0;6;1;0;2;0;0,5;0,5
2019-06-27T07:16:00+02:00;9615000000;2,28E+11;2351104;1984512;1,5;1;2;6,5;1;5,5;0;0;0,5;0,5;1;0
2019-06-27T07:18:00+02:00;13734000000;2,28E+11;576512;486912;2;0;6;0;1;3;1;0;1;0;1,5;0,5
2019-06-27T07:20:00+02:00;11447500000;2,28E+11;869376;1110016;1;0;3;1;0;3;0,5;0;2;0;1,5;0
2019-06-27T07:22:00+02:00;14041000000;2,28E+11;1195520;847872;5;0;1;0;0;5,5;1;0;2;0;0,5;0
2019-06-27T07:24:00+02:00;13791500000;2,28E+11;1065984;1072128;7;0;1;1;0;4;0;1;0;0;0;0
2019-06-27T07:26:00+02:00;12008500000;2,28E+11;1379328;1276416;7;1;3,5;0;1;6;0,5;0;0;0;1;0,5
2019-06-27T07:28:00+02:00;13910500000;2,28E+11;1465856;1415168;5,5;0;4;0;0;3;0;0;1;0;1;0
2019-06-27T07:30:00+02:00;13550000000;2,28E+11;1636352;1268736;6;0;3,5;0;1,5;6;0;0;1;0;2;0
2019-06-27T07:32:00+02:00;12391500000;2,28E+11;1104384;1088000;7;1;5;0;3;4,5;0;0,5;1;0;0,5;0,5
2019-06-27T07:34:00+02:00;10517500000;2,25E+11;1672192;11764736;4,5;0;1,5;0;0;5,5;0;0;0,5;0;0,5;0
2019-06-27T07:36:00+02:00;12133000000;2,25E+11;1626112;1562112;7;1;4;0;1;5,5;1;0,5;1;0,5;1;0,5
2019-06-27T07:38:00+02:00;11358000000;2,25E+11;1076736;1230848;6;2;2,5;0;1;4;0;0;0;0;1;1
2019-06-27T07:40:00+02:00;8761000000;2,25E+11;1331200;1148416;5,5;0;4;4;0;6;0;0,5;0,5;0;0,5;0
2019-06-27T07:42:00+02:00;12510500000;2,25E+11;999424;16572416;5,5;0;2;0;0;5;0;0;1;0;0;0
2019-06-27T07:44:00+02:00;8982000000;2,25E+11;1595392;1444864;4,5;0;1,5;0;0;5;0;0;1;0;0;0
2019-06-27T07:46:00+02:00;11110000000;2,25E+11;1015296;928768;10;0;0;0;0;7;0,5;1,5;1;0;0,5;1
2019-06-27T07:48:00+02:00;8294000000;2,25E+11;1064960;633856;4;5;1;0;4,5;2,5;0,5;1;1;0;0,5;1
2019-06-27T07:50:00+02:00;8952000000;2,25E+11;1488384;1571840;8,5;2,5;2;0;0;6,5;1;0,5;1,5;1;2;0,5
2019-06-27T07:52:00+02:00;10345000000;2,25E+11;1222656;981504;7;1;1,5;0;0;1;1,5;0;1;6;1;1
2019-06-27T07:54:00+02:00;9268000000;2,25E+11;1446400;1098752;4;1,5;1;0;4,5;4,5;0;0,5;1;0;1;0
2019-06-27T07:56:00+02:00;11815500000;2,25E+11;1457152;1585152;2;1;1;0;0;9;1;0;1;0;1;0,5
2019-06-27T07:58:00+02:00;9044500000;2,25E+11;1581056;1105920;2;2;2;0;1,5;5,5;0,5;0;1,5;0;2;0
2019-06-27T08:00:00+02:00;13879000000;2,25E+11;1658368;2077696;4;1;3;0;0;6;5,5;2,5;11;4;8,5;2,5
2019-06-27T08:02:00+02:00;9634500000;2,25E+11;1909760;9361408;4,5;0;2;0;2,5;5,5;5,5;2,5;11;3,5;8;0
2019-06-27T08:04:00+02:00;9708500000;2,25E+11;1655296;1817088;1,5;0;1;0;3;6;0;0;2;0;3;0,5
2019-06-27T08:06:00+02:00;9926000000;2,25E+11;1412608;1516032;9,5;0;1,5;0;7;19;2,5;1,5;5;1;4;1
2019-06-27T08:08:00+02:00;10782500000;2,25E+11;1795584;1858560;4,5;0,5;1;1,5;0;5;0;0;1,5;0;1;0
2019-06-27T08:10:00+02:00;11358000000;2,25E+11;2296832;1957888;3,5;0,5;3;0;1;6;0;2;0;0;1;0,5
2019-06-27T08:12:00+02:00;11800000000;2,25E+11;2360832;1654784;2;0;6,5;0;1;6;1,5;0,5;1,5;7;2;0,5
2019-06-27T08:14:00+02:00;12856500000;2,25E+11;1971200;5912064;0;0;0;0;0;6;1;1;2;0;1,5;0
2019-06-27T08:16:00+02:00;10664000000;2,25E+11;1471488;1132544;5,5;32;1,5;94,5;4;7,5;5,5;2,5;8;12;6,5;15
2019-06-27T08:18:00+02:00;16875500000;2,25E+11;1810944;3148288;1;0;1;0;0,5;5;0,5;0,5;1;1;0,5;0,5
2019-06-27T08:20:00+02:00;10909000000;2,25E+11;1678848;1606144;2,5;1,5;2;0;2;5,5;1;0,5;1;1;0,5;1
2019-06-27T08:22:00+02:00;10435500000;2,25E+11;1779712;1742336;0,5;0;2,5;0;0;7;0,5;0;1;0;0,5;1
2019-06-27T08:24:00+02:00;11529500000;2,25E+11;2406912;2253824;0;0;2,5;0;0;12;1;1;2;0;2;0
2019-06-27T08:26:00+02:00;10575500000;2,25E+11;2444288;2755584;0,5;4,5;2;0;0,5;7;1;1,5;2;1;1,5;0,5
2019-06-27T08:28:00+02:00;10771000000;2,25E+11;2438656;2363904;0;5;0;0;0;6;0;1;1;1;1;0
2019-06-27T08:30:00+02:00;12381000000;2,25E+11;3387392;3209216;3,5;1;1;1;3;4;1,5;0,5;1,5;0;2,5;0,5
2019-06-27T08:32:00+02:00;12276000000;2,25E+11;4155392;8325120;4;3;2;0;0;8,5;2,5;1;3;0;1,5;1
2019-06-27T08:34:00+02:00;10267000000;2,25E+11;3829760;3628032;2;0;0;0;0,5;4,5;0,5;0;1,5;0,5;0,5;0
2019-06-27T08:36:00+02:00;12410000000;2,25E+11;2260480;2219008;1;0;0;0;0;6,5;0;0;1;0;1,5;0
2019-06-27T08:38:00+02:00;10178500000;2,25E+11;2216448;2145280;1;0;0,5;0;0;5,5;0;0;1;0;1;0
2019-06-27T08:40:00+02:00;11207000000;2,25E+11;2069504;1740800;3;1;1;0;2,5;5;1,5;0,5;2;0;0,5;0,5
2019-06-27T08:42:00+02:00;13122500000;2,25E+11;2830336;7506432;3;1;0,5;0;0;7;1;1;2;0;3;1
2019-06-27T08:44:00+02:00;10289500000;2,25E+11;2761728;2537472;2;2,5;0,5;0;0,5;4,5;0,5;0,5;1;1,5;2;0,5
2019-06-27T08:46:00+02:00;12712500000;2,25E+11;2974208;2592256;6;6;0;0;1;10;6;7;5;5;8;3,5
2019-06-27T08:48:00+02:00;12539500000;2,25E+11;2978816;2663424;2;2;2;2,5;1,5;4,5;0,5;0,5;0;0;1;0
2019-06-27T08:50:00+02:00;11621000000;2,25E+11;4818432;1824256;3;1;1;0;0;6;0,5;0;2;0;1,5;0,5
2019-06-27T08:52:00+02:00;9934000000;2,25E+11;2706432;2554880;4,5;2;3;0;1,5;5;1;0,5;2,5;0;1,5;0
2019-06-27T08:54:00+02:00;11130500000;2,25E+11;1442816;1260544;3;1,5;1,5;0;2;5;1;0,5;1;0;1;1
2019-06-27T08:56:00+02:00;11741500000;2,25E+11;1692672;1974272;18;4,5;1,5;2,5;8;6;3,5;2,5;3,5;2;5;4
2019-06-27T08:58:00+02:00;9784000000;2,25E+11;2121728;1973248;1;0,5;0,5;0;0;4,5;0;0,5;2,5;0;0,5;0,5
2019-06-27T09:00:00+02:00;13522500000;2,25E+11;1748992;5584896;1;0,5;1;0;0;6;1;0;2;0;0;0,5
2019-06-27T09:02:00+02:00;10132000000;2,25E+11;2135552;5696512;12;0;7;0,5;10,5;6,5;8;1;8,5;3,5;18;1
2019-06-27T09:04:00+02:00;11620500000;2,25E+11;1113088;1334272;6;0;6;0;0;5,5;0;0;1;0,5;1;0
2019-06-27T09:06:00+02:00;10524000000;2,25E+11;1093632;1095680;3,5;0;0;0;0;8;1;1,5;3;0,5;1;0,5
2019-06-27T09:08:00+02:00;10246500000;2,25E+11;2486784;3357696;11;0;1;0;0,5;6;0,5;0;1;0;1,5;0,5
2019-06-27T09:10:00+02:00;10322500000;2,25E+11;1629184;1604608;1;1;1;0;0,5;5,5;0;0;1;0;1;0
2019-06-27T09:12:00+02:00;11031000000;2,25E+11;1806336;1730048;4;9,5;1,5;0;3;9,5;2,5;31,5;4;0,5;4,5;13
2019-06-27T09:14:00+02:00;12851000000;2,25E+11;1434624;1352704;2,5;0,5;1,5;0;3;18;3;12;6;0;15;3,5
2019-06-27T09:16:00+02:00;10528000000;2,25E+11;1659904;1476096;4;4;0;0;0;10;2;28,5;3,5;0;3;8,5
2019-06-27T09:18:00+02:00;13919000000;2,25E+11;1463808;3211264;1;0;0;0;0;12;0;0;1;0;1;0
2019-06-27T09:20:00+02:00;10085500000;2,25E+11;3891200;3758080;4;1;4;0;0;12;0,5;0;2,5;0;0,5;0,5
2019-06-27T09:22:00+02:00;11242000000;2,25E+11;2580480;2735616;3;0;1;0;0;6,5;1,5;3;1,5;0,5;12;1
2019-06-27T09:24:00+02:00;12105500000;2,25E+11;2758656;2914816;2,5;0,5;0;0;0,5;5;3;6,5;1,5;0;5,5;12
2019-06-27T09:26:00+02:00;12834000000;2,25E+11;2774016;2694144;1;0;0;0;0;7;0;0;1;0;1;0
2019-06-27T09:28:00+02:00;14225500000;2,25E+11;3476480;3479040;0;0;1;0;0;5;0;0;1;0;1;0
2019-06-27T09:30:00+02:00;10510500000;2,25E+11;3092992;2673664;4,5;0;3,5;0;0;6;1;1,5;2;0;1,5;0,5
2019-06-27T09:32:00+02:00;11648000000;2,25E+11;1692160;2057728;1;2;0;0;0;7;0;1,5;1;0,5;0,5;1,5
2019-06-27T09:34:00+02:00;9773500000;2,25E+11;2039808;2446336;2;0;1;0;1;5,5;0,5;1;1;0;1;1
2019-06-27T09:36:00+02:00;12828000000;2,25E+11;1744896;1806336;0;8;2;0;1;4,5;0;0,5;1;0;2;0
2019-06-27T09:38:00+02:00;9832500000;2,25E+11;2377728;2580992;0,5;2;0;0;0;5,5;0,5;1,5;4,5;1;2,5;0
2019-06-27T09:40:00+02:00;12945000000;2,25E+11;1938432;6198272;2;1;0,5;0;2;5;1,5;0,5;1,5;5;1;0
2019-06-27T09:42:00+02:00;12230500000;2,25E+11;1404416;1060352;0,5;0;1;0;0;7;0;4;1;1;1;0
2019-06-27T09:44:00+02:00;9978000000;2,25E+11;1676288;1428992;2,5;8,5;0,5;1;0;8,5;2;44,5;5;1;2,5;25,5
2019-06-27T09:46:00+02:00;10864000000;2,25E+11;1746944;1825792;1;0;1;0;0;12;4;11;5;0,5;2,5;3
2019-06-27T09:48:00+02:00;10649000000;2,25E+11;1915904;1437696;3,5;3,5;0,5;0;0;7;1;0,5;2;0;1;0,5
2019-06-27T09:50:00+02:00;12136000000;2,25E+11;2439680;2595328;1;0;0;0;0;6;23;1,5;12,5;0;11,5;0,5
2019-06-27T09:52:00+02:00;11241000000;2,25E+11;1644544;1766400;2,5;2,5;1,5;0;0;6;23;2;12;0;11;0
2019-06-27T09:54:00+02:00;12419000000;2,25E+11;1829376;1625088;4,5;0,5;3,5;0;3;7;0,5;1;1;0;1;0
2019-06-27T09:56:00+02:00;12694000000;2,25E+11;2429440;3119616;1,5;5;5,5;0,5;3;11;5;3;4;10;5;1,5
2019-06-27T09:58:00+02:00;9348000000;2,25E+11;2280960;2092544;3,5;4,5;1,5;0;0,5;4,5;0;0,5;0,5;9;0,5;0,5
2019-06-27T10:00:00+02:00;14071500000;2,25E+11;3330048;3298816;6;0;2;0;3;6;5;1;4;2;1;0,5
2019-06-27T10:02:00+02:00;11675000000;2,25E+11;4587520;4257792;2,5;0,5;20,5;121;1;6,5;3,5;8,5;5;145,5;3,5;1,5
2019-06-27T10:04:00+02:00;12444000000;2,25E+11;3775488;3260416;2;1;1;0;0;6,5;2,5;10;2;0;3,5;6
2019-06-27T10:06:00+02:00;7684000000;2,25E+11;5423104;4984832;1;16;0,5;1,5;0;7;2,5;1,5;2;4,5;2;3
2019-06-27T10:08:00+02:00;8928500000;2,25E+11;4019200;10635264;1,5;1,5;3;0,5;0;7,5;1;0,5;1;16;1,5;1
2019-06-27T10:10:00+02:00;9549000000;2,25E+11;2956288;7490048;0,5;1;1;0,5;0;7;0,5;1;1,5;16;1;0
2019-06-27T10:12:00+02:00;11142000000;2,25E+11;2163200;6647296;8,5;1;1,5;1;0;14;2;0,5;9,5;0;5;1
2019-06-27T10:14:00+02:00;14733000000;2,25E+11;3038208;6535168;4;1,5;0,5;0;0;7;1;1;2;0;1;0
2019-06-27T10:16:00+02:00;12492000000;2,25E+11;4196864;7395840;7;3,5;1,5;0;1;14,5;0,5;2;5,5;2,5;4;0,5
2019-06-27T10:18:00+02:00;12796500000;2,25E+11;3804160;4258304;5;0;1;0;0;7,5;0;0,5;1;0,5;1;0
2019-06-27T10:20:00+02:00;11909000000;2,25E+11;5107712;4703232;6,5;1,5;3;0;4;9;0;0;1;0,5;1;0
2019-06-27T10:22:00+02:00;13079500000;2,25E+11;4411392;4844544;24;0;12;0;1;15,5;2;3,5;6,5;5,5;9,5;1,5
2019-06-27T10:24:00+02:00;10242000000;2,25E+11;3218432;3069952;6;1;6;0,5;2,5;5;0;0,5;1,5;2,5;1;0
2019-06-27T10:26:00+02:00;13372500000;2,25E+11;2857984;2682880;1,5;3;4;0;0;4;0;2,5;1;0;1;0
2019-06-27T10:28:00+02:00;15041500000;2,25E+11;2765824;9373696;2;0,5;3;0;0;6;0;0;1;0;1;0
2019-06-27T10:30:00+02:00;12872500000;2,25E+11;3064832;8977408;3,5;0;0;0;0;5,5;0,5;0;2;0;3,5;0,5
2019-06-27T10:32:00+02:00;13162500000;2,25E+11;2106368;6094336;3;1;0;0;0;5;1;0;1;0;1;0,5
2019-06-27T10:34:00+02:00;11862500000;2,25E+11;3622912;3293184;0,5;1,5;1;1,5;0;5;0,5;3,5;0,5;0;1,5;0,5
2019-06-27T10:36:00+02:00;14598500000;2,25E+11;2787328;2653696;1;0;0;0;0;8;1;0;1,5;1;2;1
2019-06-27T10:38:00+02:00;11311500000;2,25E+11;4050944;3601408;2;0;0,5;0;0;7,5;1;0;1;6;1;0
2019-06-27T10:40:00+02:00;10844000000;2,25E+11;3723264;9323520;2;0,5;0,5;0;2;5,5;0,5;1;1,5;0;1;0,5
2019-06-27T10:42:00+02:00;11340000000;2,25E+11;3957760;3963904;1,5;0,5;0,5;0;0;3,5;1;0,5;1;0;1;0
2019-06-27T10:44:00+02:00;11358500000;2,25E+11;3831296;3845632;3;0;0,5;0;0;11;0,5;0;1;0;1,5;0,5
2019-06-27T10:46:00+02:00;14328500000;2,25E+11;4768768;4773888;2;1,5;3,5;0;3,5;8;19;5;29;0;16;1,5
2019-06-27T10:48:00+02:00;11417000000;2,25E+11;3711488;3517952;2,5;0;7,5;0;6,5;11,5;17;0,5;11,5;0;4,5;0,5
2019-06-27T10:50:00+02:00;14617000000;2,25E+11;2847744;3633152;5,5;0;0;0;0;16;1;3;1;0;1;1
2019-06-27T10:52:00+02:00;11416500000;2,25E+11;3145728;3414016;3;1;4;0;8;11;3;1,5;5,5;1,5;5;4,5
2019-06-27T10:54:00+02:00;13590000000;2,25E+11;3397632;12374016;3;0;2;0;42;4;1;3;2;0;1;0
2019-06-27T10:56:00+02:00;10756000000;2,25E+11;2277376;2281472;14;1;2;0;1;8;7;2;5;0;3;4
2019-06-27T10:58:00+02:00;13890000000;2,25E+11;3447808;3210752;1;2;2;0;0,5;5;0,5;1;1;1,5;0;0
2019-06-27T11:00:00+02:00;12103500000;2,25E+11;2391040;2341888;3;4;0,5;1,5;0;5,5;0,5;0,5;1;1;0;1
2019-06-27T11:02:00+02:00;12115000000;2,25E+11;2744320;3127296;3;0;1,5;0;0;12,5;0,5;1;1,5;0;1;0,5
2019-06-27T11:04:00+02:00;11913000000;2,25E+11;3044352;3063296;1,5;0,5;0,5;0;0;7;0;0;0;0;1;0
2019-06-27T11:06:00+02:00;9980000000;2,25E+11;3574272;3633664;0,5;1;0,5;0;0;5,5;0,5;0;0,5;0;0,5;0
2019-06-27T11:08:00+02:00;16989500000;2,25E+11;2555392;3599360;0;1;1;0;0;5;1;0;2;0;2;2
2019-06-27T11:10:00+02:00;11922500000;2,25E+11;2225664;2099712;7,5;1;1;0;4,5;5,5;1;1;2;0,5;1,5;0,5
2019-06-27T11:12:00+02:00;13405500000;2,25E+11;3524608;2915328;0;0;1;0;0;3,5;1;0;1,5;0;0,5;0
2019-06-27T11:14:00+02:00;11636000000;2,25E+11;null;null;0;0;1;0;0;4;0;0;1;0;0;0
2019-06-27T11:16:00+02:00;12276000000;2,25E+11;4313600;3858944;9;0;0;0;0;7;1,5;2;1,5;0;1,5;1
2019-06-27T11:18:00+02:00;12313500000;2,25E+11;2746368;2866176;5;1,5;3;0;4;10;1;2;1;8;1;0
2019-06-27T11:20:00+02:00;11768000000;2,25E+11;4295680;4825088;3,5;0;1,5;0;0;4;0,5;0;1,5;0;2,5;0,5
2019-06-27T11:22:00+02:00;12202500000;2,25E+11;3449856;3579904;2,5;0;1;0;0;4,5;0,5;0;1;0;1,5;0
2019-06-27T11:24:00+02:00;13264500000;2,25E+11;2510848;3048448;2,5;1;2,5;0;1;6;0,5;0;1;0;2;0,5
2019-06-27T11:26:00+02:00;13620000000;2,25E+11;3087872;2913280;0;0;0,5;0;0;9;1;1;3;0;2;0,5
2019-06-27T11:28:00+02:00;11616500000;2,25E+11;2630656;2549248;2,5;0;0;1,5;0;5,5;1;1;1;0;2,5;0,5
2019-06-27T11:30:00+02:00;13847000000;2,25E+11;3533312;3217408;3;0;0;0;0;10;1;0;2;0,5;4;2,5
2019-06-27T11:32:00+02:00;13105500000;2,25E+11;2179072;2840576;2;1;0,5;1;0;11;4;2,5;4,5;0,5;3,5;2
2019-06-27T11:34:00+02:00;12120000000;2,25E+11;3578880;27211776;0;0;0;0;0;4;1;0,5;1,5;0;2;0,5
2019-06-27T11:36:00+02:00;12842000000;2,25E+11;2387968;42983424;4;0;2;0;0;5,5;5;4;6;0;9;5
2019-06-27T11:38:00+02:00;11977500000;2,25E+11;5183488;32973824;0;0;0,5;0;2;3;1;0;2;0;1,5;1
2019-06-27T11:40:00+02:00;12448500000;2,25E+11;2627584;30587392;0;0;0,5;0;0;7;2;0,5;1,5;13;3;1
2019-06-27T11:42:00+02:00;11597000000;2,25E+11;3469824;26075648;3;0;0;0;0;9;1;0,5;2;0,5;1;0
2019-06-27T11:44:00+02:00;14351500000;2,25E+11;4505088;19952128;4;0;0,5;0;0;6;1;1;1;0;0;0
2019-06-27T11:46:00+02:00;10639000000;2,25E+11;3789824;5058560;4,5;2;2;0;3;35,5;2;2;2;0;2,5;0,5
2019-06-27T11:48:00+02:00;11714500000;2,25E+11;3851264;3442176;2;0;1;0;0;15;2,5;1;2;0;4,5;3,5
2019-06-27T11:50:00+02:00;10815000000;2,25E+11;3371008;4773888;0,5;0;0;1;0;5;0,5;0;1;0;1;0
2019-06-27T11:52:00+02:00;12610000000;2,25E+11;4921856;3896832;0,5;0,5;0;0;0;5,5;0;0;1;0;0,5;0
2019-06-27T11:54:00+02:00;13244500000;2,25E+11;2619392;3062272;2;0;0,5;2;0;5;0,5;0;1;0;1;1
2019-06-27T11:56:00+02:00;11572000000;2,25E+11;3232768;3574272;2;0;0,5;0;9,5;7;1;0;1;0;3;0
2019-06-27T11:58:00+02:00;14945000000;2,25E+11;2296320;2664960;7;0;0,5;0;9;3;1;0;1;0;2;0
2019-06-27T12:00:00+02:00;13485500000;2,25E+11;2426880;3230720;11;0;2,5;0;15,5;7;4,5;2;2,5;0;3,5;1,5
2019-06-27T12:02:00+02:00;13664500000;2,25E+11;2525696;3128832;0;0;3;0;0;6;1;1;2;0;1;0,5
2019-06-27T12:04:00+02:00;11114000000;2,25E+11;5252096;2634752;0,5;0;1,5;0;0;5;0,5;0,5;1;0;1;0,5
2019-06-27T12:06:00+02:00;10439000000;2,25E+11;2885632;2853376;3;0;1;0;0;4,5;0,5;2,5;1;0;1;0,5
2019-06-27T12:08:00+02:00;11738000000;2,25E+11;1763328;2292736;3,5;1;2,5;0;1,5;3,5;0;0,5;1;0;1;0
2019-06-27T12:10:00+02:00;10194000000;2,25E+11;2556928;2422784;3;0;2;0;0;5,5;1,5;0,5;4;0;1,5;0,5
2019-06-27T12:12:00+02:00;12651000000;2,25E+11;2361344;2332160;0,5;1;2,5;0;1,5;4;1;0,5;4;0;2;0
2019-06-27T12:14:00+02:00;10179500000;2,25E+11;2903040;2834944;1;2;1,5;0;0;5;0,5;0;1,5;0;1;0
2019-06-27T12:16:00+02:00;12494500000;2,25E+11;3777024;3366400;0,5;0;3,5;1,5;0;5;1;5;3;1;2;0,5
2019-06-27T12:18:00+02:00;13272000000;2,25E+11;4134912;4071424;1,5;0;2,5;0;22,5;4;0;0;1;0;1;0
2019-06-27T12:20:00+02:00;12296500000;2,25E+11;3836416;3792896;3;0;1;0;0;9,5;0;2;2;1,5;2,5;1
2019-06-27T12:22:00+02:00;11173500000;2,25E+11;3402752;3737600;2;0,5;2;1;0;9,5;2,5;2;2;1,5;2,5;1
2019-06-27T12:24:00+02:00;10622500000;2,25E+11;3423744;3147264;0;0;1;0;0;4,5;0;0;1;0;0;0
2019-06-27T12:26:00+02:00;11771500000;2,25E+11;2973696;3292160;8,5;2,5;1,5;0;0;13;1;0,5;1,5;0,5;1;2
2019-06-27T12:28:00+02:00;10701500000;2,25E+11;4263424;4095488;1;0;2,5;0;0;15;0;1;1;0;1;0
2019-06-27T12:30:00+02:00;11848500000;2,25E+11;4240896;4434944;0,5;0;2;0;0;5;1;0;1;0;0;1,5
2019-06-27T12:32:00+02:00;10407000000;2,25E+11;4130816;4536832;4,5;0;1,5;0;0;9,5;5,5;2;7,5;4;7;1,5
2019-06-27T12:34:00+02:00;11787000000;2,25E+11;3978240;3513344;0;2;2;0;2;7;0;0;1;0;0;0
2019-06-27T12:36:00+02:00;10466500000;2,25E+11;2210816;2483200;5,5;0;0;0;0;3,5;0;0;0,5;0;1;0
2019-06-27T12:38:00+02:00;9157000000;2,25E+11;4180480;4074496;0;2;1;4;0;4;0;1;1;0;0;0
2019-06-27T12:40:00+02:00;11165500000;2,25E+11;3672064;5267456;1;0;1;0;0;4,5;0;0,5;1;0;0;0
2019-06-27T12:42:00+02:00;10061000000;2,25E+11;3142656;3015168;1,5;0;1;1,5;0;4,5;0;0;1;0;1;0
2019-06-27T12:44:00+02:00;11591000000;2,25E+11;2586624;2389504;1,5;0;1;1,5;0;7;0;0;1;0;0;0
2019-06-27T12:46:00+02:00;10441000000;2,25E+11;3168256;3042304;1;0;1;0;3,5;7;0,5;0,5;1,5;0;1;1
2019-06-27T12:48:00+02:00;12583500000;2,25E+11;3254272;2963968;0;0;2;0;0;7;0;0;1;0;1;0
2019-06-27T12:50:00+02:00;9741000000;2,25E+11;3013632;3328000;4;0;2;0;0,5;5,5;0;0,5;0,5;0;0,5;0
2019-06-27T12:52:00+02:00;11354000000;2,25E+11;3151360;2692608;6;0;1;0;0;4,5;0;0,5;1,5;0;0,5;0
2019-06-27T12:54:00+02:00;12044500000;2,25E+11;2203648;2312192;3,5;0;1;0;0;5,5;0;0,5;1,5;0;1;0
2019-06-27T12:56:00+02:00;9883000000;2,25E+11;4967424;4656640;0;1;1;0;1;4;0;0,5;0,5;0;0,5;0
2019-06-27T12:58:00+02:00;11806500000;2,25E+11;3962880;3874816;0,5;0;1;0;1;3;0;0;1;0;1;0
2019-06-27T13:00:00+02:00;10804500000;2,25E+11;4621312;4521984;1,5;0;1,5;0;3,5;5;1;0;1,5;0;1;0
2019-06-27T13:02:00+02:00;11436000000;2,25E+11;4363776;4057088;1;0;1,5;0;3,5;3;0;1;1;0;0;0
2019-06-27T13:04:00+02:00;10490000000;2,25E+11;5128704;4989952;0,5;0;0,5;1,5;0;7;0;0;1;0;1;0
2019-06-27T13:06:00+02:00;13303000000;2,25E+11;4770304;4185088;0;0;2;0;0;6;0;2;4;0;1,5;0
2019-06-27T13:08:00+02:00;12596000000;2,25E+11;5130240;4629504;0,5;0;1;0;0;4,5;0;1;2;0;1;0
2019-06-27T13:10:00+02:00;12266000000;2,25E+11;5776384;5530624;null;null;null;null;null;5;1;1;2;2;2;0
2019-06-27T13:12:00+02:00;12148500000;2,25E+11;5188608;5192704;2;1;1,5;0;0;4,5;0,5;0,5;1,5;1;1;0
2019-06-27T13:14:00+02:00;11888000000;2,25E+11;3950080;3824640;0;0;1;0;0;6;0;0;1;2;0,5;0
2019-06-27T13:16:00+02:00;12465000000;2,25E+11;5703680;5939712;0,5;0;1;0;0,5;7,5;2;7;3,5;0;3;2
2019-06-27T13:18:00+02:00;10750000000;2,25E+11;4856320;4946432;2;19,5;1,5;0;0;5,5;1;5;1;0;3;1
2019-06-27T13:20:00+02:00;12736000000;2,25E+11;4954624;4616704;2,5;0;0,5;0;0;5;0;0;2;0;1;0,5
2019-06-27T13:22:00+02:00;12144500000;2,25E+11;5047808;5083136;1,5;1;3,5;0;0;9,5;1,5;2;1;0;1,5;1
2019-06-27T13:24:00+02:00;11706500000;2,25E+11;4169728;3981312;2;1;1;0;2;6;1;1;2;0;1;0,5
2019-06-27T13:26:00+02:00;11900000000;2,25E+11;4177920;3873792;1,5;1,5;5;0;1,5;5;1;0,5;1;0;2;0,5
2019-06-27T13:28:00+02:00;12262500000;2,25E+11;3808256;4556288;1;3;2;0;2;6;0,5;0,5;1;3;0,5;0
2019-06-27T13:30:00+02:00;10546500000;2,25E+11;2331648;1997824;1;0;2,5;0;0;4,5;0;0;0,5;0;0,5;0
2019-06-27T13:32:00+02:00;10833500000;2,25E+11;4847616;5673472;2;0;17;2;0;7;0,5;0;0;0;1,5;0
2019-06-27T13:34:00+02:00;11032000000;2,25E+11;3322880;12346880;0;0;1;0;0;5,5;0;0;1;0;1;0
2019-06-27T13:36:00+02:00;10892500000;2,25E+11;3098112;12425216;2;0;1;1;0;7,5;0,5;0,5;1;0;0,5;0
2019-06-27T13:38:00+02:00;13672000000;2,25E+11;3140608;2937856;0,5;0;0,5;1;0;5;1;0;1;0;1;0
2019-06-27T13:40:00+02:00;11987500000;2,25E+11;3108352;6967296;0,5;0;1;0;0;6;1;0,5;1;0,5;1;0
2019-06-27T13:42:00+02:00;12150500000;2,25E+11;3150336;3270656;1;1;0;0;0;6;0;1;2;0;0;0
2019-06-27T13:44:00+02:00;12535500000;2,25E+11;4399104;4438016;0,5;0;1,5;0;0,5;6;0,5;1;1,5;0;0,5;0
2019-06-27T13:46:00+02:00;13889500000;2,25E+11;2656256;2598400;3;0;2;0;0;9;2;1;2,5;0;4,5;1,5
2019-06-27T13:48:00+02:00;13712500000;2,25E+11;2958336;3111936;3;0;1;0;0;6;0,5;0;1,5;0;0;0
2019-06-27T13:50:00+02:00;12598000000;2,25E+11;2960896;2544128;2;2,5;0;0;7,5;9,5;2;1;3;7;11;1
2019-06-27T13:52:00+02:00;11843000000;2,25E+11;2821120;3164160;2;0;0;0;7,5;8,5;2;3;3;3,5;10,5;0
2019-06-27T13:54:00+02:00;12848000000;2,25E+11;3635200;4261376;2;0;1;0;0;4,5;0;1;3;3,5;2;0
2019-06-27T13:56:00+02:00;12702500000;2,25E+11;2793984;2808320;1,5;0;1;0;0;7;0;0;2;0;2;0,5
2019-06-27T13:58:00+02:00;11077000000;2,25E+11;3183616;2999808;2,5;0;0,5;2;0;5;0,5;0;1,5;0;0,5;0,5
2019-06-27T14:00:00+02:00;13974500000;2,25E+11;4035584;4019200;1;0;1;0;0;5;0;0;0;0;1,5;0,5
2019-06-27T14:02:00+02:00;16115500000;2,25E+11;2896896;3683328;7,5;0;1;0;2,5;5;1;0,5;2;0;1,5;1
2019-06-27T14:04:00+02:00;13467500000;2,25E+11;2622976;2734592;6;0;1;0;6;8;0;1;1,5;0;0,5;0
2019-06-27T14:06:00+02:00;13504000000;2,25E+11;4054016;5311488;17;0;2;0;0,5;50,5;3;2;8;5;9,5;6
2019-06-27T14:08:00+02:00;13423000000;2,25E+11;4808192;5291008;13;0;1,5;0;4;13;3;2;5;3;9,5;3
2019-06-27T14:10:00+02:00;12196500000;2,25E+11;4596224;4599808;13,5;0;2;0;4;9;0;2;2;0;0;1
2019-06-27T14:12:00+02:00;14839500000;2,25E+11;4956160;4934656;11,5;5;5;0;2;13,5;1;3,5;2,5;0;2,5;1
2019-06-27T14:14:00+02:00;13306500000;2,25E+11;3171328;2949632;1;0;1;0;0;5;0;0;1;0;1;0,5
2019-06-27T14:16:00+02:00;12369500000;2,25E+11;3765248;4392960;1;1;2;0;1,5;5;1;0;1,5;1;1;0,5
2019-06-27T14:18:00+02:00;11809500000;2,25E+11;3671552;4021248;0;3;2;0;1;6;0,5;0;0;0;1;0
2019-06-27T14:20:00+02:00;12242000000;2,25E+11;3250176;3730432;4;0;4;1,5;0;6;1;0;0,5;0;0,5;0
2019-06-27T14:22:00+02:00;13818500000;2,25E+11;2508288;2663936;0,5;1;0;0;0;8;1,5;0,5;1;0;3;0,5
2019-06-27T14:24:00+02:00;12284500000;2,25E+11;2811904;2738688;0,5;0;1;0;0;7;0;0;1;0;0;0
2019-06-27T14:26:00+02:00;11742500000;2,25E+11;2849792;2713600;0,5;1;1;0;0;3,5;0,5;0;1;6;1;0
2019-06-27T14:28:00+02:00;13758000000;2,25E+11;1935360;2790912;1,5;1;2;0;0;5;1;0;0;1;0;0
2019-06-27T14:30:00+02:00;13600500000;2,25E+11;2788352;2950144;2,5;0;1,5;0;0,5;7,5;1;0,5;2;0;1,5;0,5
2019-06-27T14:32:00+02:00;11834000000;2,25E+11;2433536;2941440;0;0;1;0;0;11;1;6,5;2;0;1,5;1
2019-06-27T14:34:00+02:00;12627000000;2,25E+11;2295808;1971200;0;10;1,5;0;1;10,5;0,5;6,5;2;0;2;0
2019-06-27T14:36:00+02:00;11110000000;2,25E+11;2662400;2893824;2,5;4,5;1,5;0;0;5;0;0,5;1,5;0;1;0
2019-06-27T14:38:00+02:00;12341500000;2,25E+11;2870784;2438656;2;1,5;2;0;1;6;0,5;0;1,5;0;0;0
2019-06-27T14:40:00+02:00;11450000000;2,25E+11;3123712;3089408;0,5;0;0,5;0;2;5;0,5;1;0,5;0;1;0
2019-06-27T14:42:00+02:00;11935500000;2,25E+11;4206080;4075520;1;0;0,5;5;0;9;0;1;1;0;1;0
2019-06-27T14:44:00+02:00;12984000000;2,25E+11;5068800;4342784;0,5;1;0;0;0;5;0,5;0;2;7,5;1;0
2019-06-27T14:46:00+02:00;10348000000;2,25E+11;4515840;4477440;4;0;4;0;0;7;3;1,5;4,5;0;2;1
2019-06-27T14:48:00+02:00;11948500000;2,25E+11;4684800;4263936;7,5;0,5;1;26;0;4,5;1;1,5;1;5;3;0,5
2019-06-27T14:50:00+02:00;11553500000;2,25E+11;3143168;3268096;6;0;2;0;0;20,5;3;32,5;5;0;4,5;14
2019-06-27T14:52:00+02:00;null;null;null;null;0;0;1;0;null;null;null;null;null;null;null;null
2019-06-27T14:54:00+02:00;null;null;null;null;null;null;null;null;null;null;null;null;null;null;null;null
2019-06-27T14:56:00+02:00;null;null;null;null;null;null;null;null;null;null;null;null;null;null;null;null
2019-06-27T14:58:00+02:00;15471000000;2,25E+11;4113408;4021248;2;3;1;3;3;12;1;1;1;7;3;1
2019-06-27T15:00:00+02:00;13384500000;2,26E+11;43404288;4444160;3;1,5;1;1,5;4,5;8;1;2,5;2,5;9,5;4;1
2019-06-27T15:02:00+02:00;0;0;2182144;1794048;4;0;1;0;6;16;null;2;12;0;13;2
2019-06-27T15:04:00+02:00;11705500000;2,33E+11;1732096;1684992;1,5;2,5;5;0;0,5;6;0,5;1,5;0,5;1;2;0
2019-06-27T15:06:00+02:00;11648500000;2,33E+11;1594880;1450496;1,5;2,5;3,5;0;0;9;4;1;4;0;2;0,5
2019-06-27T15:08:00+02:00;11935500000;2,33E+11;2324992;1741824;1,5;0;0;0;0;6,5;1;0;0,5;0;1;0
2019-06-27T15:10:00+02:00;11435500000;2,33E+11;2060800;1665536;0;1;1;0;0;8,5;2;2;6,5;1;4;1
2019-06-27T15:12:00+02:00;12017000000;2,33E+11;1976320;1809408;2,5;0;1;0;0;9,5;2;3;6,5;0;4;0
2019-06-27T15:14:00+02:00;9283000000;2,33E+11;1590784;1478656;1,5;0;1,5;0;0;6,5;0;0;1;1,5;1,5;0
2019-06-27T15:16:00+02:00;12172500000;2,33E+11;2099712;1828352;10;0;1;0;0;12,5;1,5;1,5;3,5;1,5;8;2
2019-06-27T15:18:00+02:00;10113000000;2,33E+11;2173952;1901568;5;1;2,5;0;0,5;6;0;0;1,5;0;1;0
2019-06-27T15:20:00+02:00;12362500000;2,33E+11;3708928;2928128;7;0;2,5;0;0;4;1;0;1;0;0;1,5
2019-06-27T15:22:00+02:00;12259500000;2,33E+11;2736128;2153984;2;0,5;1;0;0;13,5;3;1,5;3,5;1;4;1,5
2019-06-27T15:24:00+02:00;12877000000;2,33E+11;2962432;2680320;7;1;1;0;0;8,5;0,5;0,5;1;0,5;1,5;0
2019-06-27T15:26:00+02:00;13697500000;2,33E+11;4025344;3743744;4;0;2;0;1;10;4,5;0,5;2,5;2,5;3;3
2019-06-27T15:28:00+02:00;10640000000;2,33E+11;1789952;1721856;3;0;1;0;0;8;0,5;0;2;0;1;0
2019-06-27T15:30:00+02:00;10349500000;2,33E+11;2324992;2452992;0,5;0;1;0;0;9,5;0;0,5;2,5;0;0,5;0
2019-06-27T15:32:00+02:00;9016000000;2,33E+11;3229184;3287040;0,5;0;0,5;0;0;5,5;0;0;1;0;2;0
2019-06-27T15:34:00+02:00;10115500000;2,33E+11;2009600;1809408;0,5;0;0;0;0;6;0;1;1;0;4;0
2019-06-27T15:36:00+02:00;8337500000;2,33E+11;2328576;1782272;4;0,5;0;0;0;8,5;0,5;0;2;4,5;1,5;0,5
2019-06-27T15:38:00+02:00;11047500000;2,33E+11;2567168;3288064;3;0;2;0;0;8;0;0;2;0;2;0
2019-06-27T15:40:00+02:00;11423500000;2,33E+11;2245632;1969152;0;0;2;0;0;5;0;0;0;2;1;0
2019-06-27T15:42:00+02:00;11498500000;2,33E+11;2353664;2184704;2;0,5;1,5;0;2;3,5;0,5;0;1,5;0;1,5;0
2019-06-27T15:44:00+02:00;12435000000;2,33E+11;2050560;1799168;0;1;1,5;0;2;7;0;0;1;0;0;0
2019-06-27T15:46:00+02:00;11224000000;2,33E+11;2170368;2181632;1;0;0,5;3;0;7,5;1;0;1;0,5;1;0,5
2019-06-27T15:48:00+02:00;10755500000;2,33E+11;3181568;3075584;2,5;0;1;3;0;19;1;1;1;0;2;1
2019-06-27T15:50:00+02:00;13351000000;2,33E+11;3162112;3103744;1;0;2;0;0;4;0;0;1;0;0,5;0
2019-06-27T15:52:00+02:00;12146000000;2,33E+11;4510208;4416000;2;0;1;7;0;7;0;0;1;0;1;0
2019-06-27T15:54:00+02:00;11652500000;2,33E+11;4124672;3783680;2,5;3,5;0,5;0;0;6,5;0;0,5;1;0;1;0
2019-06-27T15:56:00+02:00;12959500000;2,33E+11;4006400;3680768;3;3;0;0;0;6,5;0;3;2;0;0,5;0,5
2019-06-27T15:58:00+02:00;10891000000;2,33E+11;3731456;2666496;0,5;0;1,5;0;0;3,5;0,5;0;0;0;0,5;0
2019-06-27T16:00:00+02:00;14953500000;2,33E+11;3181568;3026432;13;0;6;0;1,5;18;4;6,5;6;0;11,5;2
2019-06-27T16:02:00+02:00;11152000000;2,33E+11;4442112;4241920;10;0;5;0;1,5;16,5;4;6;5,5;0;2;0
2019-06-27T16:04:00+02:00;12716000000;2,33E+11;3660288;3394560;3,5;1;2,5;0;4;7,5;0,5;0,5;1;0;2;0
2019-06-27T16:06:00+02:00;11178500000;2,33E+11;3551744;3707904;4;1;2,5;0;1,5;5;1;0;1;0;2;0
2019-06-27T16:08:00+02:00;16020000000;2,33E+11;3577344;11269632;1,5;0;1;0;0;8;1;0,5;1;0;1;0
2019-06-27T16:10:00+02:00;13298000000;2,33E+11;4945920;4622848;0;3;2;0;2;6;0;1;1;0;4;1,5
2019-06-27T16:12:00+02:00;10169500000;2,33E+11;3202048;2680832;1,5;1;2;0;0;15,5;11;1;5;0,5;3;1,5
2019-06-27T16:14:00+02:00;12385000000;2,33E+11;3849216;3534336;4;0;2;0;0;6,5;0;0;1,5;0;2,5;0
2019-06-27T16:16:00+02:00;12735000000;2,33E+11;3384320;2991104;3;1,5;0,5;0;5;7;3;2;3,5;0;11,5;3
2019-06-27T16:18:00+02:00;12854500000;2,33E+11;4513280;4260864;0;0;0;1,5;0;7;0,5;0,5;1;0;1;0
2019-06-27T16:20:00+02:00;10751000000;2,33E+11;3245056;4071424;0,5;0;1;1,5;0;3;0,5;0,5;1;0;1,5;0
2019-06-27T16:22:00+02:00;9607000000;2,33E+11;2816512;3147264;1;0;1;0;0;5;0,5;0;3;2;2;0
2019-06-27T16:24:00+02:00;7985000000;2,33E+11;3160064;2969600;0;0;1;0;0;6;0;0;0;0;1;0
2019-06-27T16:26:00+02:00;10755500000;2,33E+11;3054592;3130368;0,5;1;6;0;1;4,5;0,5;0,5;1;0;1,5;0
2019-06-27T16:28:00+02:00;8649500000;2,33E+11;2360832;2015744;0;0;0;0;0;6;0;1;1;1;1;0
2019-06-27T16:30:00+02:00;9224500000;2,33E+11;3319808;2887680;0,5;0;0,5;0;0;2,5;0;0;0,5;0;0,5;0
2019-06-27T16:32:00+02:00;9798500000;2,33E+11;2607616;2442240;4;2;3;0;3;6,5;2;9,5;5;0;2;6
2019-06-27T16:34:00+02:00;12220000000;2,33E+11;1680384;2377728;1,5;0;0,5;0;0;5,5;2;9,5;5;0,5;2;2
2019-06-27T16:36:00+02:00;8898000000;2,33E+11;3271680;2956288;3;0;1,5;0;1;4,5;0,5;0;1;0;2;1
2019-06-27T16:38:00+02:00;9345000000;2,33E+11;4000256;3946496;2;0,5;1;0;0;7;0;0;1;0;1;1
2019-06-27T16:40:00+02:00;8906000000;2,33E+11;3843072;3758080;2;1;0,5;1;0,5;5;0,5;0,5;1,5;0;0,5;0
2019-06-27T16:42:00+02:00;8481500000;2,33E+11;2856960;2961920;1,5;0;0;0;0;5;1;2;2;0;1;0,5
2019-06-27T16:44:00+02:00;7564500000;2,33E+11;2553856;2590720;4,5;0;0,5;0;0;4;0,5;0,5;1;0;0,5;1
2019-06-27T16:46:00+02:00;8467500000;2,33E+11;4692480;4441600;6;7;2;6;2;6;2,5;2,5;4,5;0;2,5;2
2019-06-27T16:48:00+02:00;8249000000;2,33E+11;2525184;2834432;3;0;1;0;4;4,5;0,5;0,5;1;0;1,5;1
2019-06-27T16:50:00+02:00;8393500000;2,35E+11;62425600;2751488;2;0;0;0;0;5;0,5;0;4,5;0;0,5;0,5
2019-06-27T16:52:00+02:00;12521000000;2,37E+11;3262464;3137536;2,5;0;6,5;0;0,5;7;0;0;1;0;0;3,5
2019-06-27T16:54:00+02:00;13108000000;2,37E+11;3319808;3365888;2,5;1,5;1,5;0;1;4,5;0;0,5;0,5;0;1,5;0,5
2019-06-27T16:56:00+02:00;12721500000;2,37E+11;2723328;3389440;8;0;0;0;0;4;0;0;1;0;0;1,5
2019-06-27T16:58:00+02:00;13120500000;2,37E+11;4808704;4172800;3,5;0;1,5;0;1;7,5;0;2;1,5;0,5;1;1,5
2019-06-27T17:00:00+02:00;14476500000;2,37E+11;3837440;3929088;0;0;0;0;0;9;2;2,5;9;0;6,5;5,5
2019-06-27T17:02:00+02:00;13007500000;2,37E+11;4788224;3630080;4,5;0;4;3,5;5;7,5;2;2,5;9;0;7,5;1
2019-06-27T17:04:00+02:00;11035000000;2,37E+11;4040704;5031424;5,5;0;0,5;0;0,5;9,5;0,5;6,5;3;0;1;4
2019-06-27T17:06:00+02:00;9077500000;2,37E+11;3697664;3780096;9;0;23;0;0;8;1,5;0,5;3;0;3;2
2019-06-27T17:08:00+02:00;10098500000;2,37E+11;4580352;4493312;4;0;0,5;1,5;0;2,5;0;0;0,5;0;0;1
2019-06-27T17:10:00+02:00;10237000000;2,37E+11;5158912;5393920;3;0;0;0;0;5;0;0;1;1;0;1,5
2019-06-27T17:12:00+02:00;7863000000;2,37E+11;4917760;4128768;7,5;0;0,5;0;0;6;1,5;2;4;0;2,5;1,5
2019-06-27T17:14:00+02:00;12281500000;2,37E+11;5227520;5316096;8;0;0;0;0;4;0;0;1,5;6;1;0,5
2019-06-27T17:16:00+02:00;10093500000;2,37E+11;5064704;4841472;1,5;0;1;0;0;4;0;0,5;0,5;6;1;1,5
2019-06-27T17:18:00+02:00;8974000000;2,37E+11;4704768;4454400;3;0;2;0;0,5;3,5;0,5;1,5;1,5;0;1;1,5
2019-06-27T17:20:00+02:00;9511000000;2,37E+11;7795200;7559680;4;2;0;0;0;4;0,5;1,5;1;0;0,5;1
2019-06-27T17:22:00+02:00;8633000000;2,37E+11;8653824;8461824;4,5;0;0;0;0;2,5;0;0;3;0;0,5;1
2019-06-27T17:24:00+02:00;9437000000;2,37E+11;7376896;7246848;3;0,5;0,5;1;0;3;0;0;1;0;1;0,5
2019-06-27T17:26:00+02:00;14134000000;2,37E+11;6772736;6747136;4,5;0;1,5;0;0;5,5;0;0;0,5;0;1;0,5
2019-06-27T17:28:00+02:00;7655500000;2,37E+11;6548480;6280192;3;2;0;0;0;6;0;0;1;0;0,5;0,5
2019-06-27T17:30:00+02:00;14158500000;2,37E+11;6914048;6528000;4;2,5;1;1,5;0;5;0;0;2;0;1;1
2019-06-27T17:32:00+02:00;12117000000;2,37E+11;16054272;7531008;2;0;0,5;0;1;5;1;1;1;0;3;0,5
2019-06-27T17:34:00+02:00;11366000000;2,37E+11;7553024;7795712;4;0;1;0;0;4,5;1;1;0,5;0;2;1
2019-06-27T17:36:00+02:00;10292000000;2,37E+11;7275008;7200256;9;1;9,5;0;0;8;1,5;0,5;2;0;1;1,5
2019-06-27T17:38:00+02:00;9160500000;2,37E+11;7306240;7236096;6;1;1;0;0;12;1;0;2;1;3;4,5
2019-06-27T17:40:00+02:00;10170500000;2,37E+11;8330752;9061888;3;0;11,5;0;0;6,5;6;2;3,5;2;5;4
2019-06-27T17:42:00+02:00;9364000000;2,37E+11;7319552;9170432;5;3;10;0;2;4,5;0;0;1;0;2;0,5
2019-06-27T17:44:00+02:00;11608000000;2,37E+11;6345728;6392832;1,5;0,5;3,5;0;0;4;0;0,5;1;1;2;1
2019-06-27T17:46:00+02:00;8372000000;2,37E+11;6801920;6843904;3;0;1;1;1,5;4;0,5;1;2,5;0,5;1,5;2
2019-06-27T17:48:00+02:00;12129500000;2,37E+11;7502848;6966784;8,5;0;2,5;0;0;4,5;0,5;1;2;0;4;1
2019-06-27T17:50:00+02:00;9185500000;2,37E+11;7625728;7524864;2,5;0,5;1;1;0;5,5;1,5;0;4,5;0;7,5;1,5
2019-06-27T17:52:00+02:00;12698500000;2,37E+11;9753600;9594368;6;3,5;1;1;0;17;1;4;2;0;3;1
2019-06-27T17:54:00+02:00;13786000000;2,37E+11;8597504;8347648;5;0;2;0;0;9,5;0,5;0,5;1;0;1;0
2019-06-27T17:56:00+02:00;11532000000;2,37E+11;9251840;8984064;5;0;1;0;0;5;1;1;1;0;0,5;0,5
2019-06-27T17:58:00+02:00;14501000000;2,37E+11;6695936;6870016;5,5;0;2,5;0;0;6,5;0;0,5;1;0,5;0,5;0
2019-06-27T18:00:00+02:00;13729500000;2,37E+11;8922112;8575488;5;33;1;0;0;12,5;5;9,5;10,5;0;7,5;7,5
2019-06-27T18:02:00+02:00;15760000000;2,37E+11;6009856;5731328;13,5;0;0,5;0;1;11,5;4;3;8,5;0;6,5;1
2019-06-27T18:04:00+02:00;12038000000;2,37E+11;8287232;8343552;1,5;1;2,5;0;2;5;0;0;1,5;0;1;1
2019-06-27T18:06:00+02:00;14845500000;2,37E+11;8729088;11429888;5;0,5;2;0;0;11;2,5;2;6;0;7;3
2019-06-27T18:08:00+02:00;12952500000;2,37E+11;8910848;17751040;4,5;6,5;1,5;0;2,5;5;0;0;1;0;1;0
2019-06-27T18:10:00+02:00;12318000000;2,37E+11;9939456;20599296;5;5,5;1,5;0;2,5;5;1;1;1;0;1;1
2019-06-27T18:12:00+02:00;11716000000;2,37E+11;9126912;18228736;12,5;0;3;3;0;10;2;2;3,5;1;6;1,5
2019-06-27T18:14:00+02:00;11154000000;2,37E+11;7655936;30051840;5;0;0;0;2;5;1;0;1,5;1,5;2;1
2019-06-27T18:16:00+02:00;13726000000;2,37E+11;6549504;15935488;5,5;0;0;0;1,5;4;1;0;1,5;1,5;1;0,5
2019-06-27T18:18:00+02:00;10448000000;2,37E+11;7487488;18469888;3;1;1;0;1;3,5;0,5;0,5;1,5;0;0,5;0
2019-06-27T18:20:00+02:00;12563500000;2,37E+11;6341632;5825536;3,5;0;1;0;0,5;2,5;0,5;0;1,5;0;1;0
2019-06-27T18:22:00+02:00;12586500000;2,37E+11;6908928;7014912;4,5;0;5;0;0;5,5;0;0;1;0;1;0,5
2019-06-27T18:24:00+02:00;12590500000;2,37E+11;11038720;7197184;3,5;0;0,5;0;0;1;2;2,5;19;0;19;2
2019-06-27T18:26:00+02:00;12242000000;2,37E+11;7551488;7500288;5;0;0,5;0;0;4;0;0,5;1;0;3;0
2019-06-27T18:28:00+02:00;13419000000;2,37E+11;7228416;6987264;2,5;0;1,5;0;0,5;6;0;0;1;0;2;0,5
2019-06-27T18:30:00+02:00;12322500000;2,37E+11;8244224;8485376;4;1;1;0;1;5;0;0,5;1;0,5;2;0,5
2019-06-27T18:32:00+02:00;11549500000;2,37E+11;6523392;6569472;7;0;0;0;0;4,5;0;0;0,5;5;0;0
2019-06-27T18:34:00+02:00;12554500000;2,37E+11;7641088;7097344;3;0;1;0;0;5;0;0;1,5;0;0,5;0
2019-06-27T18:36:00+02:00;10791500000;2,37E+11;6278144;6168064;6;0;0;0;0;6;0;0;1;0;0,5;0
2019-06-27T18:38:00+02:00;13955000000;2,37E+11;5530624;4917248;5;0,5;0,5;0;0;6;0;0;1,5;0;1;0
2019-06-27T18:40:00+02:00;12419500000;2,37E+11;6856192;6794240;3,5;1;1;3;2;4;0;0;1,5;0;0;0,5
2019-06-27T18:42:00+02:00;11835000000;2,37E+11;7708672;7140864;4;0;1;0;0;11;0;0;1;2;0;0
2019-06-27T18:44:00+02:00;11903000000;2,37E+11;6893568;6618624;4,5;0;1;23;0;5;2;26,5;4,5;114;2;7,5
2019-06-27T18:46:00+02:00;12358500000;2,37E+11;6451712;6422016;6,5;0;1,5;23;1,5;14;2;2;6;0;2;1
2019-06-27T18:48:00+02:00;13663500000;2,37E+11;6930432;6746624;4,5;0;0,5;0;0;5;0,5;0;1,5;0;1;0,5
2019-06-27T18:50:00+02:00;11826500000;2,37E+11;9430528;9904128;2;2;1;0;0;15,5;1;1;3;0;2;1,5
2019-06-27T18:52:00+02:00;13291000000;2,37E+11;9051136;8813568;6,5;1,5;1;0;1;15,5;1;1;3;0;2;2
2019-06-27T18:54:00+02:00;11958500000;2,37E+11;9653248;9617408;0;0;1;0;2;5;0;0,5;1;0;1;0
2019-06-27T18:56:00+02:00;13606500000;2,37E+11;9824256;9155584;4;0;2;0;4,5;6,5;1;0,5;2;0,5;2;2
2019-06-27T18:58:00+02:00;11137000000;2,37E+11;8319488;8848384;4;17;1;150,5;3;13;2;20,5;3,5;114,5;2,5;1
2019-06-27T19:00:00+02:00;13619000000;2,37E+11;9320960;8897024;4,5;15,5;0;150,5;0;6;0;3;0;0;0;0
2019-06-27T19:02:00+02:00;15844500000;2,37E+11;9424384;9056256;8;1;3,5;2;1,5;3,5;5;5,5;3;5;9,5;11,5
2019-06-27T19:04:00+02:00;12955500000;2,37E+11;6848000;7449600;2;0;0,5;0;0;4;0;0;1;0;0;0,5
2019-06-27T19:06:00+02:00;11103000000;2,37E+11;6521856;7053312;1,5;0;0;3;0;4;0;0;1,5;0;2;0,5
2019-06-27T19:08:00+02:00;10548000000;2,37E+11;6901760;7226880;5;0;1;0;0;5,5;1;0;1;1;0,5;0
2019-06-27T19:10:00+02:00;11469000000;2,37E+11;5783552;8643584;5;0;1;0;0;5,5;0;0;1,5;1;0;1,5
2019-06-27T19:12:00+02:00;9042500000;2,37E+11;5792768;5683712;4;0;0;0;0;2,5;0;0,5;1;0;0,5;0,5
2019-06-27T19:14:00+02:00;10157000000;2,37E+11;7001088;6501376;3,5;0;1;0;3;3,5;0;0;1;0;0,5;1
2019-06-27T19:16:00+02:00;9872000000;2,37E+11;7632896;7493632;4,5;1,5;0;0;1;4,5;0,5;24;1,5;0;1,5;1,5
2019-06-27T19:18:00+02:00;9946000000;2,37E+11;5324800;4998144;2;0;0,5;0;1;7;0;0;1;0;2;1
2019-06-27T19:20:00+02:00;10264500000;2,37E+11;6991360;5072896;7;1,5;0,5;0;0;3;1;0,5;1;1,5;1,5;0,5
2019-06-27T19:22:00+02:00;8995000000;2,37E+11;6057984;6245376;6,5;0;2;0;0;6;0;0;1;0;1;0
2019-06-27T19:24:00+02:00;9166000000;2,37E+11;4998144;4656128;2,5;1;2;0;0,5;3,5;0;0;1;0;1;0,5
2019-06-27T19:26:00+02:00;8538500000;2,37E+11;5765120;5651456;null;null;null;null;null;2;0;0;1;1;0;0
2019-06-27T19:28:00+02:00;10559500000;2,37E+11;5141504;4768768;0;0;0;1,5;0;3;0;0;1;0,5;0,5;0
2019-06-27T19:30:00+02:00;11163000000;2,37E+11;4261376;4099584;2;0;8;0;3;7,5;4,5;3;4,5;1;6,5;2,5
2019-06-27T19:32:00+02:00;10206500000;2,37E+11;4843008;4820480;0,5;0,5;6,5;0;1;5;4,5;0;1;0;0;1
2019-06-27T19:34:00+02:00;9997000000;2,37E+11;4665856;4687360;0;0;0,5;1,5;0;3;1;1;1;0;0,5;0
2019-06-27T19:36:00+02:00;12108000000;2,41E+11;66605568;5402112;1;1,5;2;0;0;6;3;1;3;0;8;9
2019-06-27T19:38:00+02:00;10038000000;2,43E+11;5126144;5518336;2;0;1;0;0;4,5;2,5;14,5;2,5;3,5;4,5;8
2019-06-27T19:40:00+02:00;9204000000;2,43E+11;10023424;4616192;5;0;2;0;0;3,5;2,5;1;1;0;2;0,5
2019-06-27T19:42:00+02:00;10716500000;2,43E+11;5037056;4637696;2;0,5;0;0,5;0;5,5;0,5;0;1;6,5;2;0
2019-06-27T19:44:00+02:00;10018000000;2,43E+11;2763264;2705920;1;0;0,5;0;0;5,5;0;5;1;0;0,5;1,5
2019-06-27T19:46:00+02:00;9772500000;2,43E+11;4417024;4204032;1;1;18;0;2,5;11;2;3;9;0;8;4
2019-06-27T19:48:00+02:00;10797500000;2,43E+11;5484032;5377024;2;0,5;1;0;0;2;0;0;1;0;1;0
2019-06-27T19:50:00+02:00;9514500000;2,43E+11;3837952;3825664;1,5;0;1;0;0;5;0;0;1;0;1;36,5
2019-06-27T19:52:00+02:00;10917000000;2,43E+11;4470784;4406272;6,5;0,5;0,5;0;1,5;8,5;1,5;2;4,5;0;1,5;36,5
2019-06-27T19:54:00+02:00;9242000000;2,43E+11;6104576;5807616;4;6;0;0;0;6;0,5;1;1,5;0;0,5;0,5
2019-06-27T19:56:00+02:00;11238000000;2,43E+11;6226944;5854208;2;0;1;0;2;9;1;2;9,5;3;4;1
2019-06-27T19:58:00+02:00;8685000000;2,43E+11;5603840;5434880;2;0;1;0;0;4;0;0;0,5;0,5;0,5;0
2019-06-27T20:00:00+02:00;10256500000;2,43E+11;6383104;6021632;3,5;0;0,5;0;0;5;0;0;1;0;0;0
2019-06-27T20:02:00+02:00;14482000000;2,43E+11;6135296;6118912;4,5;0;0;0;3;3,5;1;3;5;4,5;3;0,5
2019-06-27T20:04:00+02:00;14511500000;2,43E+11;7328256;7216640;2;0;0;0;0;5;0;0;1;0;1;1,5
2019-06-27T20:06:00+02:00;12430500000;2,43E+11;7350272;7327744;1,5;0;1;0;0;6;1,5;0;1,5;0;5,5;1,5
2019-06-27T20:08:00+02:00;11045000000;2,43E+11;6184960;6339072;1;2;2;0;2;5,5;0;3,5;1,5;0;2;0,5
2019-06-27T20:10:00+02:00;12062000000;2,43E+11;6746112;6450176;5,5;0;0,5;0;0;5,5;0;3,5;1,5;0;2;0
2019-06-27T20:12:00+02:00;9851000000;2,43E+11;6562304;6888448;2;0;0;0;2,5;5;0;0;0,5;0,5;1,5;0
2019-06-27T20:14:00+02:00;12136000000;2,43E+11;6226432;5844992;2,5;0;0;0;2,5;5;0;1;1;0;1;0
2019-06-27T20:16:00+02:00;14158500000;2,43E+11;6048256;5990912;2;0;0,5;0;0;5;0,5;0,5;1,5;0;1;0
2019-06-27T20:18:00+02:00;10205500000;2,43E+11;6175232;5944832;1;0;1;0;0;3;0;0;1;0;1;0
2019-06-27T20:20:00+02:00;12537000000;2,43E+11;5388288;5242880;2,5;0;1,5;0;0;5;0;1;1;0;0;0
2019-06-27T20:22:00+02:00;9234000000;2,43E+11;5846016;5861888;0;0;0;0;0;4,5;0;0;0,5;0;1;0
2019-06-27T20:24:00+02:00;11141500000;2,43E+11;5889024;6112256;2,5;0;0,5;0;0;6,5;0;0;0,5;0;1;0
2019-06-27T20:26:00+02:00;9441500000;2,43E+11;5523456;5458432;4;1;1;1,5;1;4,5;0;0;1,5;0,5;1,5;0
2019-06-27T20:28:00+02:00;12596000000;2,43E+11;6758912;6500352;4;0;1;0;0;7;1;0;1;0;0;0
2019-06-27T20:30:00+02:00;11397000000;2,43E+11;6830080;6900736;4;0;1;0;1;4;0;0;1;0;0;0
2019-06-27T20:32:00+02:00;9673500000;2,43E+11;6528000;6317568;5;0;0;0;2;3;0;0;2;0;0;0
2019-06-27T20:34:00+02:00;10216000000;2,43E+11;18472960;19023872;3,5;1;1;0;1;6;0;0;1;5,5;0;0
2019-06-27T20:36:00+02:00;10063000000;2,43E+11;6022144;5637120;3;0;1;0;0;3,5;0;0,5;1,5;0;0,5;0
2019-06-27T20:38:00+02:00;9812500000;2,43E+11;4812800;5182464;2;0;0;1;0;4;0;0,5;1;0;1;0
2019-06-27T20:40:00+02:00;10796500000;2,43E+11;3523072;3550720;1,5;0,5;1;0;2,5;4,5;0,5;2;1,5;1,5;1,5;0,5
2019-06-27T20:42:00+02:00;10368500000;2,43E+11;5280256;5075968;2;0,5;0,5;0;0;5;0;0;2;0;0;0
2019-06-27T20:44:00+02:00;10168500000;2,43E+11;4472832;4516864;1,5;0;1;0;0;5;0;0;1,5;0;0,5;0
2019-06-27T20:46:00+02:00;9580500000;2,43E+11;4256256;3862016;0,5;0;5;0;0;5;4;2;1;1;3;0,5
2019-06-27T20:48:00+02:00;9783500000;2,43E+11;3820544;4496384;3,5;0;0,5;0;0;4,5;0;0;1;0;2;0
2019-06-27T20:50:00+02:00;9746000000;2,43E+11;4426240;5063680;3;0;1;0;0;5;3;1,5;2,5;0;1,5;0
2019-06-27T20:52:00+02:00;10718000000;2,43E+11;5203968;5225472;2;1;1;0;0;5;3;1,5;2,5;0;2;0
2019-06-27T20:54:00+02:00;8512500000;2,43E+11;5401600;5495808;3,5;0,5;0;4;2;6;0;0,5;1;0;1;0
2019-06-27T20:56:00+02:00;15657000000;2,43E+11;6926848;6862848;3;1;1;0;2;3;1;0,5;4;0;2;1
2019-06-27T20:58:00+02:00;9449500000;2,43E+11;5623808;5635584;3;0;0,5;0;0;3,5;0;0;2;0;1;0
2019-06-27T21:00:00+02:00;10204000000;2,43E+11;6082048;5997056;3;0;1;1;0;5;0;0;0;0;0;1,5
2019-06-27T21:02:00+02:00;16898500000;2,43E+11;7047680;7180288;4;0;1,5;0;0,5;41,5;2,5;2,5;4;3,5;4,5;1,5
2019-06-27T21:04:00+02:00;13113500000;2,43E+11;6619648;7576064;1;0;1;0;0;7;0;0;2;0;2;0
2019-06-27T21:06:00+02:00;13739500000;2,43E+11;10553344;11883520;8;1;1;1;0;9;1;1,5;2;0;2;1
2019-06-27T21:08:00+02:00;9780500000;2,43E+11;5385728;7419904;1;0;1;0;0;5,5;0,5;0,5;2,5;0;3;0
2019-06-27T21:10:00+02:00;11964000000;2,43E+11;6739968;8445952;28;3,5;5,5;0;2,5;17;4;2;7;6;5;4
2019-06-27T21:12:00+02:00;9728000000;2,43E+11;4102656;5662720;4,5;0;1;0;4,5;4,5;0;1;1,5;0;1;0
2019-06-27T21:14:00+02:00;11445500000;2,43E+11;4799488;6633984;4;0,5;0,5;0;4,5;6;0;0;1;0;1;0
2019-06-27T21:16:00+02:00;10575500000;2,43E+11;4849664;7565312;6;0;0;0;0;6;0;0;1;0;0;0
2019-06-27T21:18:00+02:00;10414000000;2,43E+11;5129216;7603712;6;9;1;0;1,5;3;0;1;2;0;2;0
2019-06-27T21:20:00+02:00;11130000000;2,43E+11;5755392;8263168;4;0;1,5;0;0;5;0,5;0;2;0;1,5;0
2019-06-27T21:22:00+02:00;11970000000;2,43E+11;5988864;8009216;3;0;1;0;0;6;0;0;1;0;0;0
2019-06-27T21:24:00+02:00;12211500000;2,43E+11;3780608;11405312;3,5;0;1;0;0;6;0,5;0,5;2;0,5;1;0
2019-06-27T21:26:00+02:00;8962000000;2,43E+11;5467136;5275648;2;0;0;0;0;5,5;0;0,5;2;0,5;2,5;0
2019-06-27T21:28:00+02:00;10178000000;2,43E+11;5884928;5909504;5;0;0;1,5;0;5,5;0;0;1,5;0,5;1;0
2019-06-27T21:30:00+02:00;11140500000;2,43E+11;4477952;4958208;4,5;0;6;0;2,5;21,5;5,5;0,5;5;1,5;13,5;3,5
2019-06-27T21:32:00+02:00;11087500000;2,43E+11;5825024;8852992;4,5;0;6,5;0;2,5;9;1;4;2;0;4;0,5
2019-06-27T21:34:00+02:00;13132500000;2,43E+11;6430720;7823360;4;0;4;0;1;5;0;0,5;1,5;0;0,5;0
2019-06-27T21:36:00+02:00;8615000000;2,43E+11;5900800;6401024;3;4;2;0;0;7;4;3;14;0;2,5;1
2019-06-27T21:38:00+02:00;10185500000;2,43E+11;4875264;5873664;2;0;0,5;0;0;3;0;0;1;0;2,5;0
2019-06-27T21:40:00+02:00;10326000000;2,43E+11;5966848;6713856;0;4;2;0;5;4,5;1;1,5;1,5;1,5;1,5;0,5
2019-06-27T21:42:00+02:00;11452500000;2,43E+11;4935680;8596480;1,5;0;0,5;0;0;4,5;1;0,5;1,5;1,5;1,5;0
2019-06-27T21:44:00+02:00;10232000000;2,43E+11;5769216;8813568;7,5;1;1;0;5;4;1;0,5;1,5;0;0,5;0
2019-06-27T21:46:00+02:00;11098000000;2,43E+11;5178880;4985856;14;2;0,5;0;5;23;6;13;11;7;16;3,5
2019-06-27T21:48:00+02:00;10455000000;2,43E+11;5666304;5774848;5;0;0,5;0;0;6;0;0;1,5;0;1;0
2019-06-27T21:50:00+02:00;9739500000;2,43E+11;8452608;8269312;5;0;1;0;0;12;0;0;1;0;6;0,5
2019-06-27T21:52:00+02:00;13457000000;2,43E+11;8406016;8673280;11,5;0;2,5;0;0;12;1;3,5;2,5;0;7;0,5
2019-06-27T21:54:00+02:00;11795000000;2,43E+11;8414720;8646144;1;1;1;6;0;6;0;0;1,5;0;1;0
2019-06-27T21:56:00+02:00;10924000000;2,43E+11;7231488;8224768;9;0;1;0;2;6,5;1;1;11,5;1;2;1
2019-06-27T21:58:00+02:00;9648000000;2,43E+11;8910336;9104896;5,5;0;0;0;0;4,5;0;0;0,5;0;0,5;0
2019-06-27T22:00:00+02:00;12208000000;2,43E+11;8253952;8037888;4;0;0,5;0;0;4;1;0;0;0;0;1,5
2019-06-27T22:02:00+02:00;17640500000;2,43E+11;7980032;7941120;25;2,5;2;0;3,5;9,5;2,5;7;5,5;8;5,5;1,5
2019-06-27T22:04:00+02:00;11550000000;2,43E+11;7554048;7268864;3,5;0;1;0;0;6;2;3;1;0;3;1
2019-06-27T22:06:00+02:00;12587500000;2,43E+11;8381440;8487936;3,5;2;0;0;0;5,5;0,5;1;1;0;1;0
2019-06-27T22:08:00+02:00;8883500000;2,43E+11;7183872;6615552;3;0;0;0;0;6;0;0,5;1;0;1;0
2019-06-27T22:10:00+02:00;12011500000;2,43E+11;6288384;6294528;6;0;0;1;0;5;0;0,5;1;0;1;0
2019-06-27T22:12:00+02:00;9941000000;2,43E+11;5859840;5969920;2;0;0;0;2;4,5;0;0,5;1;0,5;0,5;0
2019-06-27T22:14:00+02:00;12353500000;2,43E+11;6952960;6765568;2;0;0,5;0;2;4;0;1;1;0,5;1;0
2019-06-27T22:16:00+02:00;12123500000;2,43E+11;6867456;6650368;1,5;0;1,5;1;0;8;2,5;1;2,5;0,5;3;1,5
2019-06-27T22:18:00+02:00;12526500000;2,43E+11;7254528;7034368;0,5;0;1,5;0,5;1;5;1;0;2;6;1;1
2019-06-27T22:20:00+02:00;12104500000;2,43E+11;7259648;7045632;1,5;0;2;0,5;1;5,5;1,5;1,5;2,5;2;2,5;1,5
2019-06-27T22:22:00+02:00;9773500000;2,43E+11;7783936;7698944;0;0;0;0;0;5,5;1;0;2,5;3;1;0,5
2019-06-27T22:24:00+02:00;11555500000;2,43E+11;6933504;7296000;5;0;0;0;0;4,5;0;2;2;3;1;0
2019-06-27T22:26:00+02:00;10840000000;2,43E+11;7326720;6850560;4;0;0,5;0;0;5,5;0;0,5;1;0;1;0
2019-06-27T22:28:00+02:00;12828000000;2,43E+11;6991360;7074304;3,5;1;1;0;1;6,5;0;0;1;0;0;0
2019-06-27T22:30:00+02:00;11243000000;2,43E+11;7111168;7191040;0;0,5;1;0;2;7,5;2;14;3;0;2;3
2019-06-27T22:32:00+02:00;12202500000;2,43E+11;7488000;7132672;1;0,5;1,5;1,5;1,5;6;0;0;3;0;1;0
2019-06-27T22:34:00+02:00;10464000000;2,43E+11;7169024;7313920;2,5;0;0;0;0;6,5;0;0;1;0;0,5;0
2019-06-27T22:36:00+02:00;9806500000;2,43E+11;5836288;5522432;8;0;2;0;0;7;1;1;6,5;0;0,5;0,5
2019-06-27T22:38:00+02:00;10123500000;2,43E+11;6304768;6639616;3;0;0,5;0;0;4;0;0,5;1;0;0;0
2019-06-27T22:40:00+02:00;9009000000;2,43E+11;6227456;5776896;3,5;0;0;0;2;7;0,5;0,5;1;2,5;1,5;0,5
2019-06-27T22:42:00+02:00;9734500000;2,43E+11;5254656;5448704;3,5;0,5;0,5;0;0;7;1;1;1;0;0;1
2019-06-27T22:44:00+02:00;9010500000;2,43E+11;5695488;5777920;2,5;1;1,5;0;1;4,5;0;0;1;1;1;0
2019-06-27T22:46:00+02:00;10493000000;2,43E+11;6297600;5895168;4;1;1,5;0;10;1;2;5;13;2;4;1
2019-06-27T22:48:00+02:00;10005000000;2,43E+11;6259712;6578176;0;0;1;0;0;5,5;0;0;1;0;1;0
2019-06-27T22:50:00+02:00;9660000000;2,43E+11;5927424;5768192;5;0;0;0;2;7;0,5;0;2;0;1;0,5
2019-06-27T22:52:00+02:00;9694000000;2,43E+11;5088256;5465088;2;0;0,5;0;0;7,5;0,5;0;2;0;1;0
2019-06-27T22:54:00+02:00;12341500000;2,43E+11;5441024;5009408;1,5;0;2,5;1,5;2;5;0;0;0,5;0,5;1;0
2019-06-27T22:56:00+02:00;11188500000;2,43E+11;5007360;5037568;7;0;12,5;0;2;7;1;4;2;0;3;1
2019-06-27T22:58:00+02:00;10863500000;2,43E+11;5964800;5966848;2,5;0;0;0;0;5,5;0;0,5;2;0;2,5;0
2019-06-27T23:00:00+02:00;13586500000;2,43E+11;5872128;5690368;1,5;1;0;0;0;3;0;0;2;0;1;0,5
2019-06-27T23:02:00+02:00;14450500000;2,43E+11;5170176;5080064;5;1,5;0,5;0;0,5;30;1,5;5;3;0;4;0,5
2019-06-27T23:04:00+02:00;13078500000;2,43E+11;5300736;5176320;4;0;0;0;2;7;0;0;1,5;0;1;1
2019-06-27T23:06:00+02:00;11952500000;2,43E+11;5590016;5821440;0,5;3;3;0;1;7,5;1,5;1,5;2,5;0;1,5;2
2019-06-27T23:08:00+02:00;8860500000;2,43E+11;5864448;5641728;1;0;0,5;0;0;4,5;0;0;1,5;0;1,5;0
2019-06-27T23:10:00+02:00;13952000000;2,43E+11;5980160;5893632;1;4,5;1,5;0;0;4;0;2,5;1;0;0;0
2019-06-27T23:12:00+02:00;9419500000;2,43E+11;5549568;5356544;3,5;0;2;0;0,5;9;1,5;0,5;2,5;0;3;1
2019-06-27T23:14:00+02:00;11794000000;2,43E+11;3095552;2988544;3;0;1,5;0;0;6;0;0;1;0;1;0
2019-06-27T23:16:00+02:00;9939500000;2,43E+11;3476480;3522560;1,5;1,5;1;1;0;3;0;0;1;0;0,5;0
2019-06-27T23:18:00+02:00;9607000000;2,43E+11;4897280;25553920;0;0;1;0;0;5;0;0;1;0;0;0
2019-06-27T23:20:00+02:00;10491000000;2,43E+11;3923968;45114368;1,5;0;0;0;0;6;0;1,5;1,5;0;1,5;0
2019-06-27T23:22:00+02:00;10020000000;2,43E+11;6835200;37708288;1;0;0;0;0;16,5;1,5;12,5;3,5;0;1;2
2019-06-27T23:24:00+02:00;11738500000;2,43E+11;7216128;46393344;1;2;1;0;0;14;1;13;2;0;0,5;0
2019-06-27T23:26:00+02:00;10439000000;2,43E+11;6384128;48875520;5,5;1,5;0;0;0;8;0,5;0;1,5;0;3;0
2019-06-27T23:28:00+02:00;11064500000;2,43E+11;5755392;22627328;3,5;0,5;0;0;1;6;0,5;0;2;0;1;0
2019-06-27T23:30:00+02:00;9943000000;2,43E+11;19953664;19707392;3;0;1;0;0;6;0,5;2;1;0;2;0
2019-06-27T23:32:00+02:00;10926500000;2,43E+11;5015040;4722688;4,5;0;0,5;0;0;5;0;0;1;0;0;0
2019-06-27T23:34:00+02:00;9887500000;2,43E+11;4040192;3878400;0,5;0,5;0;0;0,5;5,5;0;0;1;0;0,5;0
2019-06-27T23:36:00+02:00;9493000000;2,43E+11;5869056;5539840;3;0;0;0;0;6,5;2;0;1,5;0;3,5;0
2019-06-27T23:38:00+02:00;10027000000;2,43E+11;4983808;5261312;0;0,5;1,5;0;0;4,5;0;0;1;0;1;0
2019-06-27T23:40:00+02:00;10150000000;2,43E+11;4358144;4161536;5;0;1;0;4;7;0,5;0;0,5;1;1,5;0
2019-06-27T23:42:00+02:00;11360500000;2,43E+11;4164608;4096000;6;0;1;1,5;0;7;0,5;0;1;1;1,5;0
2019-06-27T23:44:00+02:00;8908000000;2,43E+11;3315200;2727424;2;0;0;0;0;5,5;0,5;0;2;0;3;0,5
2019-06-27T23:46:00+02:00;11475500000;2,43E+11;4465152;4380672;3;2;0,5;0;0;17;2;5;3;4;3;1
2019-06-27T23:48:00+02:00;10213000000;2,43E+11;3665920;3767296;1,5;0;0,5;0;0;6;0;0,5;1;0;0,5;0
2019-06-27T23:50:00+02:00;9541000000;2,43E+11;5130752;4530688;1,5;0;0;0;0;6;0;0;0;0;0;2
2019-06-27T23:52:00+02:00;11713500000;2,43E+11;3625984;3871744;0,5;0;1;0;0;7;3,5;1,5;2;0;3,5;2,5
2019-06-27T23:54:00+02:00;10060000000;2,43E+11;4427776;4008960;4;0;3;0;0;3,5;0,5;0;5;0;0,5;0,5
2019-06-27T23:56:00+02:00;11228500000;2,43E+11;2803712;2731008;0,5;0;1,5;0;3;13,5;2,5;40,5;4,5;3;2;3
2019-06-27T23:58:00+02:00;10395500000;2,43E+11;3581952;3801088;3;0;0;0;0;6;1,5;0,5;2,5;3;3;1,5
