Time;CPU usage;Used memory;Number of bytes received;Number of bytes transmitted;Average read latency of the datastore NFS;Average read latency of the datastore LUN_080;Average read latency of the datastore LUN_081;Average read latency of the datastore LUN_082;Average read latency of the datastore LUN_083;Average read latency of the datastore LUN_084;Average read latency of the datastore LUN_085;Average write latency of the datastore NFS;Average write latency of the datastore LUN_080;Average write latency of the datastore LUN_081;Average write latency of the datastore LUN_082;Average write latency of the datastore LUN_083;Average write latency of the datastore LUN_084;Average write latency of the datastore LUN_085;Overall status
2019-06-27T00:00:00+02:00;10226000000;224833568768;5877248;31498752;0;1;0;0.5;0;1.5;5;0;1;0;1;0;0;5;1
2019-06-27T00:02:00+02:00;9362500000;224837763072;4866560;5431296;0;3;13;2.5;8;0.5;22.5;0;10;12.5;9;26;8;7;1
2019-06-27T00:04:00+02:00;8490000000;224837238784;5247488;5050368;0;4;11;2;12;1;17;0;5;3;3.5;0.5;3;5;1
2019-06-27T00:06:00+02:00;9079000000;224845627392;6056960;6340608;0;7;19.5;4.5;6;2.5;15;0;5.5;4.5;8;6;8;4.5;1
2019-06-27T00:08:00+02:00;7504000000;224854016000;4986368;5183488;0;2;0.5;2;0;0;6.5;0;2;4;3;1;1.5;3;1
2019-06-27T00:10:00+02:00;9547000000;224848773120;8224768;7968768;0;4;2;2;0;0;11;0;2.5;10.5;5;1;3;4;1
2019-06-27T00:12:00+02:00;10823000000;224852443136;7103488;7086592;0;0;0;0;0;0;7.5;0;3;3;2;2.5;3.5;1.5;1
2019-06-27T00:14:00+02:00;11031000000;224860831744;7892992;7607296;0;0.5;0;0;0;0;10;0;1;0;2;4;1;8;1
2019-06-27T00:16:00+02:00;9431000000;224862928896;8099840;8070144;0;1;1;2.5;1;0;48.5;0;4.5;112;6;12;5;8;1
2019-06-27T00:18:00+02:00;13212000000;224860831744;6759936;9068544;0;0;0;0;0;0;6;0;1;1;1;0;1;0;1
2019-06-27T00:20:00+02:00;8644000000;224858210304;6560768;6436864;0;2;12.5;0.5;0;3;4.5;0;0.5;0;2.5;0;0.5;0;1
2019-06-27T00:22:00+02:00;9427500000;224859258880;7067648;6916608;0;3;0;2;0;0;5.5;0;0.5;0.5;1;0;1;0;1
2019-06-27T00:24:00+02:00;10618500000;224859258880;7186432;8844288;0;0.5;0;0.5;0;0;5;0;0;0;1;0;1;0;1
2019-06-27T00:26:00+02:00;8938000000;224861356032;6968832;6974976;0;0;0;0.5;0;0;6;0;0;0;0.5;0.5;1;0;1
2019-06-27T00:28:00+02:00;9521500000;224900677632;4646400;4480512;0;1;0;0.5;0;6.5;4;0;1;0.5;3;1;0;1;1
2019-06-27T00:30:00+02:00;9063000000;224881278976;4451328;4802048;0;5;0;1;0;0;6.5;0;1.5;0.5;1.5;0;2.5;1;1
2019-06-27T00:32:00+02:00;12589000000;224884948992;5592064;5842432;0;3;0;0.5;0;0;7;0;1;0;2;0;1;0.5;1
2019-06-27T00:34:00+02:00;10414000000;224890716160;4825088;5331968;0;5.5;0;1;0;0;6.5;0;0;0;1;0;1;0;1
2019-06-27T00:36:00+02:00;9201500000;224888094720;3442176;3969024;0;6;0;1;0;0;7;0;0.5;0;4;0;1.5;0.5;1
2019-06-27T00:38:00+02:00;8879000000;224889143296;2281472;2536448;0;6;0;1.5;0;0;5.5;0;0;0.5;1;0;1;0;1
2019-06-27T00:40:00+02:00;9932500000;224893861888;4221440;4824576;0;8.5;0;0;0;3.5;6.5;0;0.5;0.5;6;2;1.5;0.5;1
2019-06-27T00:42:00+02:00;9594000000;224893861888;3568640;4151296;0;8;0;0;0;1;6;0;0;0.5;0.5;1.5;2;0;1
2019-06-27T00:44:00+02:00;8237000000;224887570432;2969088;3534848;0;2.5;0;1;0;8.5;5.5;0;0.5;0.5;1;0;1;0;1
2019-06-27T00:46:00+02:00;9373500000;224891240448;2779136;2550272;0;12;0;1;0;1.5;10;0;5;1;6;4;5;1;1
2019-06-27T00:48:00+02:00;8388000000;224893861888;1705472;1948672;0;1.5;0;1;0;0;7;0;0.5;1.5;0.5;0;1;0;1
2019-06-27T00:50:00+02:00;8263500000;224886521856;2249216;1977856;0;0;0;1;0;0;4.5;0;0;1;2;0;2;0.5;1
2019-06-27T00:52:00+02:00;10321000000;224900153344;2271232;2379776;0;4.5;2.5;2;0;0;4.5;0;0;1;1.5;0;2.5;0.5;1
2019-06-27T00:54:00+02:00;7628500000;224889667584;2970112;4635648;0;0;1;0.5;0;2;5.5;0;0;0.5;1;0.5;0.5;0;1
2019-06-27T00:56:00+02:00;8900500000;224896483328;4047872;3985920;0;3.5;0;0.5;0;2.5;3;0;1.5;4;2.5;0;1.5;5;1
2019-06-27T00:58:00+02:00;7590500000;224883900416;3987968;4367872;0;3.5;0;0.5;0;0;4.5;0;0.5;0;1;0;0.5;0;1
2019-06-27T01:00:00+02:00;12049500000;224882851840;5260288;20267520;0;3.5;0;0;0;1;4;0;0;0;1;0;0;2.5;1
2019-06-27T01:02:00+02:00;12096000000;224878133248;5711872;25553920;0;1.5;4;0.5;0;0;11;0;4.5;4.5;5.5;7.5;15.5;3;1
2019-06-27T01:04:00+02:00;13504500000;224884948992;4373504;25716224;0;3;0;1;0;0;7.5;0;2;0;2.5;0;2;3;1
2019-06-27T01:06:00+02:00;10057000000;224887046144;3350528;25145344;0;1.5;0;1;0;0;11.5;0;5.5;1.5;5.5;0;6.5;5;1
2019-06-27T01:08:00+02:00;8511500000;224887046144;3107328;22136832;0;0;1;2;4.5;0.5;5.5;0;1;0;1.5;0;1;0.5;1
2019-06-27T01:10:00+02:00;9200000000;224893337600;7735296;25029120;0;0;0;1;0;0.5;6;0;1;0.5;1;0;1;1;1
2019-06-27T01:12:00+02:00;8203500000;224886521856;5633536;31196672;0;1;0;0;0;19.5;7;0;3.5;1;6;307;9.5;3.5;1
2019-06-27T01:14:00+02:00;10612000000;224894386176;4604928;28273152;0;0.5;0;0;0;5;5;0;0;0;2;0;2;0;1
2019-06-27T01:16:00+02:00;9649000000;224896483328;3563008;30279168;0;0.5;2.5;0.5;0;0;5.5;0;1;0.5;2.5;0;1;0;1
2019-06-27T01:18:00+02:00;9343000000;224905920512;5318656;25823232;0;0;0;4;0;0;8;0;1;0;1;0;1;1;1
2019-06-27T01:20:00+02:00;8843000000;224896483328;5538816;23697408;0;0.5;0;1.5;0;0;5.5;0;1;1;1.5;0;1;0.5;1
2019-06-27T01:22:00+02:00;9342000000;224877608960;7052800;24425472;0;0;0;0;0;3;6;0;0.5;0.5;2;0;1.5;0.5;1
2019-06-27T01:24:00+02:00;9322500000;224858734592;6194176;26540032;0;0;0;1.5;0;0;5.5;0;0;0.5;1.5;0.5;2.5;0.5;1
2019-06-27T01:26:00+02:00;10360000000;224847724544;6227456;21058048;0;2;0;4;0;0.5;9;0;2.5;0.5;24;1;3;0.5;1
2019-06-27T01:28:00+02:00;12762000000;224816791552;6977536;23292928;0;4;2.5;1.5;0;1.5;7;0;0.5;0;1.5;1.5;1;0;1
2019-06-27T01:30:00+02:00;9199000000;224799490048;6619648;28450304;0;6;0;4;0;10;10;0;6;2.5;10.5;2;11;4;1
2019-06-27T01:32:00+02:00;10127500000;224727138304;3981312;34523648;0;4;0;3.5;0;7.5;6;0;6;1;1;0;3;2;1
2019-06-27T01:34:00+02:00;8421000000;224725041152;3815936;32652800;0;0.5;0;0;0;0;6;0;1;0.5;0.5;0;1;1;1
2019-06-27T01:36:00+02:00;8889500000;224725565440;4533760;36329472;0;1.5;0;0.5;0;0;6;0;1;0;1;0;1;2;1
2019-06-27T01:38:00+02:00;7563500000;224718225408;3701760;40995840;0;1.5;0;1;0;1;3.5;0;1;0.5;1.5;0;1.5;1;1
2019-06-27T01:40:00+02:00;8113000000;224719273984;4443648;27445248;0;0;0;1;0;0;6;0;1.5;1.5;1.5;0;1.5;2;1
2019-06-27T01:42:00+02:00;8292000000;224729759744;3321856;19954688;0;1.5;0;1.5;0;0;5.5;0;1.5;1.5;2;0;2;2;1
2019-06-27T01:44:00+02:00;8251500000;224719273984;3145728;36560384;0;0.5;1.5;2.5;0;1;5;0;2;2;2;0;1.5;2.5;1
2019-06-27T01:46:00+02:00;10223000000;224732381184;4932096;30060032;0;3;0;0;0;0.5;8.5;0;4;1.5;2.5;0;3.5;4;1
2019-06-27T01:48:00+02:00;7970500000;224727662592;4323328;32644608;0;1;3.5;1.5;0;1;4.5;0;1;1.5;2;0;0.5;1.5;1
2019-06-27T01:50:00+02:00;10572500000;224734478336;4150784;39359488;0;1;3;1.5;0;2;5;0;1;1;2;0;1;2;1
2019-06-27T01:52:00+02:00;7844000000;224718225408;3767296;34366976;0;3;1.5;7;0;0.5;10;0;4;1;5.5;3;6;2;1
2019-06-27T01:54:00+02:00;8088500000;224726089728;4130816;38195200;0;1;0;3;0;1;4.5;0;1;0.5;1;0;1;1;1
2019-06-27T01:56:00+02:00;8612500000;224731332608;4710400;19491840;0;1;8;12.5;6;1;8.5;0;4;3;2;54.5;5;4;1
2019-06-27T01:58:00+02:00;7675500000;224723468288;3331072;37757952;0;1;0;1;0;3;5;0;1;1;4;0.5;1.5;1.5;1
2019-06-27T02:00:00+02:00;9332000000;224732381184;4069376;3582976;0;3;0;2.5;0;0;4;0;1;1;3.5;0.5;1.5;1;1
2019-06-27T02:02:00+02:00;13109000000;224746012672;4165120;21349376;0;5;0;2;0;29;8.5;0;5;5.5;9;3;6;4.5;1
2019-06-27T02:04:00+02:00;12537000000;224749158400;4316160;19399680;0;4;0;3;0;52;null;0;null;null;null;null;null;null;1
2019-06-27T02:06:00+02:00;9711000000;224749158400;3650048;16218112;0;7;0;1.5;1.5;4.5;7;0;5.5;2.5;6.5;2.5;6;2;1
2019-06-27T02:08:00+02:00;10571500000;224750206976;3125760;15047680;0;5;1;1;0;2;13;0;5;7;6;0;4;5;1
2019-06-27T02:10:00+02:00;8059000000;224748634112;3843072;24870912;0;2;0;1;0;1.5;4;0;3;2;3.5;0.5;14.5;3;1
2019-06-27T02:12:00+02:00;8427500000;224749158400;4077568;24064512;0;2;0;1;0;0;11.5;0;3;3.5;2.5;0;2.5;1;1
2019-06-27T02:14:00+02:00;8744500000;224751255552;3201024;8085504;0;4;0;0.5;0;3;6.5;0;1;2;1.5;0.5;2.5;2;1
2019-06-27T02:16:00+02:00;7901000000;224763838464;3124224;17772032;0;6;4.5;2;3;4.5;5.5;0;2;2.5;3.5;21;4.5;6.5;1
2019-06-27T02:18:00+02:00;9275000000;224753876992;1850880;10898432;0;2.5;2;1;0;4;8;0;2;2;8;2;1;1;1
2019-06-27T02:20:00+02:00;6983000000;224712458240;2025472;12141056;0;1;0;1;0;0;6;0;1;1.5;2;0.5;1.5;1.5;1
2019-06-27T02:22:00+02:00;10297000000;224726089728;2352640;26294272;0;0;0;1;0;0;6;0;1;0;2;0;2;1;1
2019-06-27T02:24:00+02:00;9871500000;224716128256;null;null;0;2;2;2;0;2;5;0;1;0;2;0;3;1;1
2019-06-27T02:26:00+02:00;8200000000;224705642496;1825792;28695552;0;2;0;0;0;1.5;5;0;1;0;2;0;2.5;1;1
2019-06-27T02:28:00+02:00;6736500000;224691486720;1558528;21727232;0;4.5;2;0;1.5;1.5;4;0;1.5;0.5;2;0;2.5;1;1
2019-06-27T02:30:00+02:00;6815000000;224673136640;1211904;22202880;0;3.5;2.5;2;0;3.5;11;0;18;4.5;9.5;1.5;4;2.5;1
2019-06-27T02:32:00+02:00;8401000000;224650592256;2102272;28461568;0;3.5;0;2;0;1;7;0;1;1;2;12;1;1.5;1
2019-06-27T02:34:00+02:00;8168000000;224643252224;1602560;31395840;0;1;1.5;1;0;0.5;5;0;1;0.5;2;0;0.5;1;1
2019-06-27T02:36:00+02:00;7864000000;224626999296;1207808;33894912;0;2;0;0;0;0;5;0;2;1;1;0;1.5;0.5;1
2019-06-27T02:38:00+02:00;7773000000;224610222080;2313216;30521344;0;3.5;2.5;0;3;0.5;4.5;0;1;1;1.5;0;1;0.5;1
2019-06-27T02:40:00+02:00;7953000000;224592920576;1681408;22152704;0;2;3;2;0;6;3.5;0;1;32;1.5;19;3;3;1
2019-06-27T02:42:00+02:00;7562500000;224581386240;1750016;29355008;0;0.5;0;0.5;0;0.5;6;0;2;32.5;2;19;3.5;0;1
2019-06-27T02:44:00+02:00;6458000000;224566706176;1216000;28830720;0;1.5;0.5;1.5;0;1;4.5;0;1;0;1.5;1;1;1;1
2019-06-27T02:46:00+02:00;9228500000;224550453248;1677312;27457536;0;0.5;0.5;1.5;0;1;2;0;2;2;2;1;1;13;1
2019-06-27T02:48:00+02:00;7848500000;224517947392;1152000;28423680;0;1.5;0.5;0.5;2.5;0.5;4;0;1;3.5;1.5;0;1.5;12.5;1
2019-06-27T02:50:00+02:00;8332500000;224498024448;1114624;18292736;0;4;1;2;0;3;18;0;3;2;1;5;4.5;3.5;1
2019-06-27T02:52:00+02:00;8040500000;224486490112;1753088;31653888;0;1.5;0;2.5;0;0.5;17.5;0;6;12;8;6;4;3;1
2019-06-27T02:54:00+02:00;7122500000;224489111552;922112;12457472;0;0;0;1;0;3;3.5;0;1;0.5;2;0;2;1;1
2019-06-27T02:56:00+02:00;8011000000;224494878720;1532928;17391104;0;9;0;2.5;0;5.5;5.5;0;5;1.5;5.5;3.5;8;2;1
2019-06-27T02:58:00+02:00;7131500000;224494878720;1122304;13350400;0;0;0;1;0;0.5;3.5;0;2;0.5;1.5;1;1.5;1.5;1
2019-06-27T03:00:00+02:00;10331500000;224495403008;1657856;21535232;0;0;0;0.5;0;0.5;3;0;1;0;2;0;0;4.5;1
2019-06-27T03:02:00+02:00;12751500000;224492781568;3293696;16596480;4;2.5;2.5;9.5;0;4;13;2;5.5;4.5;5;6.5;8.5;5;1
2019-06-27T03:04:00+02:00;12626000000;224554647552;8742912;28048384;4;1;1.5;1;0;0;2;13;1;1;0;0;2;1.5;1
2019-06-27T03:06:00+02:00;9729000000;224545210368;5184000;23403520;5;1.5;2.5;4;0;5;6.5;9;4.5;7.5;5;2.5;5;2;1
2019-06-27T03:08:00+02:00;7933000000;224512180224;1172480;21898752;1;2.5;0;7;0;0;6;0;1;0;0;1;1;1.5;1
2019-06-27T03:10:00+02:00;7942500000;224509034496;1470464;20071424;0;1;0;1.5;0;0;5.5;0;1.5;1;2;0;2.5;1;1
2019-06-27T03:12:00+02:00;8289500000;224517947392;980992;16599040;0;8;0;1;0;0;4.5;0;2;0.5;2.5;0;1.5;2;1
2019-06-27T03:14:00+02:00;7032500000;224518995968;1387520;14487552;0;5;0;0.5;0;3.5;4.5;0;2;1;2;0;0.5;2;1
2019-06-27T03:16:00+02:00;7217500000;224519520256;1447936;26788352;0;0;0;1;1;3;7;0;1.5;1.5;3;1.5;3;1;1
2019-06-27T03:18:00+02:00;9472500000;224513753088;1333760;22175232;0;0;0;1;0;3.5;4;0;4;5.5;3.5;0;2;2;1
2019-06-27T03:20:00+02:00;6502000000;224516898816;1380352;21453824;0;1.5;0;0.5;0;0.5;4.5;0;1;0.5;1.5;0;2;1;1
2019-06-27T03:22:00+02:00;7659000000;224513228800;995328;23907328;0;2.5;0;0.5;0;0.5;4;0;1;0;6;0;1;1.5;1
2019-06-27T03:24:00+02:00;9293000000;224509558784;1134592;21210624;0;11.5;5.5;10.5;0;5.5;5.5;0;25;2.5;10;0.5;5.5;2;1
2019-06-27T03:26:00+02:00;7782500000;224515850240;1118720;21631488;0;0;0;1;0;0;6;0;3;2;2;0;1;1.5;1
2019-06-27T03:28:00+02:00;8736000000;224516898816;1412096;13794304;0;0.5;2;0.5;0;0;5;0;1.5;0.5;2.5;2;1;1.5;1
2019-06-27T03:30:00+02:00;7511500000;224512704512;5681152;27041280;0;0;0;2;0;4;6;0;2;5;17;1.5;9;6.5;1
2019-06-27T03:32:00+02:00;8371500000;224515325952;12402688;33303552;11.5;4;0;0.5;0;1;5.5;12.5;7.5;4;15.5;1;9;6.5;1
2019-06-27T03:34:00+02:00;10455500000;224514801664;6309376;26626048;9;0;3;3;0;4;4;8.5;2;1.5;4.5;0;2.5;2;1
2019-06-27T03:36:00+02:00;8604500000;224521617408;1341440;24434688;0;5.5;0;1.5;0;0;4.5;0;4;2.5;8;1;3;3;1
2019-06-27T03:38:00+02:00;9731000000;224524763136;1155584;20754432;0;1;0.5;2.5;0;1.5;2.5;0;1;1;1;0;2;0.5;1
2019-06-27T03:40:00+02:00;8360500000;224522141696;860160;25566720;0;0;0.5;2.5;0;1.5;3;0;2;2;2;0;2;1;1
2019-06-27T03:42:00+02:00;8983500000;224522141696;1278464;22472192;0;5;0;1;1.5;0.5;4;0;4;2;4.5;0;5.5;3;1
2019-06-27T03:44:00+02:00;9284500000;224524763136;1073152;26680832;0;3.5;0;0.5;0;0;5;0;11;0;1;0;1;0.5;1
2019-06-27T03:46:00+02:00;6991500000;224522665984;823296;13364224;0;6.5;0.5;1;0;10;5;0;1.5;3.5;3.5;0;4;1.5;1
2019-06-27T03:48:00+02:00;5961500000;224520568832;1184768;21189632;0;6;0;3;0;14;3;0;1;1;3;4.5;1.5;1.5;1
2019-06-27T03:50:00+02:00;9833500000;224530530304;1173504;13554688;0;3.5;0;1;2.5;0;3.5;0;1;1;4;0;2.5;1.5;1
2019-06-27T03:52:00+02:00;7549500000;224534724608;1496064;25122304;0;6;0;3;0;1.5;2.5;0;2;1.5;5.5;1;3.5;1;1
2019-06-27T03:54:00+02:00;9029000000;224534724608;1173504;18022400;0;5;0;0.5;0;0.5;3;0;1;0;3;1;1;1;1
2019-06-27T03:56:00+02:00;8799500000;224537346048;960512;12010496;0;5.5;0;1.5;0;1;6.5;0;1;2;3;0;1.5;1.5;1
2019-06-27T03:58:00+02:00;8397500000;224534200320;1160192;31288320;0;5;0;0.5;0;0;5;0;1;0;5;1;4;0;1
2019-06-27T04:00:00+02:00;9569000000;224539443200;1232384;23911424;0;6;1;2.5;0;4.5;7;0;2.5;1.5;3;1;3;2;1
2019-06-27T04:02:00+02:00;10371500000;224545210368;980992;16866816;0;6.5;1;7;0;4;3;0;62;4;109;0;23;3;1
2019-06-27T04:04:00+02:00;10939500000;224549404672;578560;1183744;0;6.5;0;2;0;1.5;11.5;0;20;6;22;0;9;2.5;1
2019-06-27T04:06:00+02:00;11376000000;224545210368;993792;903168;0;6;0;7;0;0;5.5;0;34;4.5;58;0;40;3;1
2019-06-27T04:08:00+02:00;8937000000;224556744704;521216;663552;0;7;0.5;9.5;0;1.5;5.5;0;21.5;3.5;36.5;11;28.5;4;1
2019-06-27T04:10:00+02:00;9523500000;224555696128;1662976;1668608;0;5;0;1;2;1.5;2;0;10.5;4;13;4.5;32.5;3;1
2019-06-27T04:12:00+02:00;10647000000;224554647552;529920;805376;0;6.5;0;11;0.5;1.5;8;0;6.5;5.5;15.5;4.5;134.5;2;1
2019-06-27T04:14:00+02:00;8950000000;224560414720;498176;1973760;0;5.5;0;0.5;0;1;14.5;0;15;2.5;18;7.5;38.5;2.5;1
2019-06-27T04:16:00+02:00;8867500000;224567230464;925696;1677312;0;5.5;2;1.5;0;0.5;5;0;48;1;2;0;9;2;1
2019-06-27T04:18:00+02:00;10542500000;224564084736;587264;1498112;0;7;1;4.5;1;5;5.5;0;28;0;15.5;2;57.5;1;1
2019-06-27T04:20:00+02:00;10805000000;224564609024;799232;3365888;0;6;0;4;0;1;5.5;0;8;2;2;5.5;54;1;1
2019-06-27T04:22:00+02:00;7863000000;224563036160;451584;3566592;0;8;0.5;2;0;3;6;0;5.5;4;12;0;29.5;3;1
2019-06-27T04:24:00+02:00;7846500000;224564084736;1127936;4174848;0;6;0;0;0;0;3.5;0;13.5;2.5;5.5;0;9.5;1;1
2019-06-27T04:26:00+02:00;8392000000;224563560448;830464;2863104;0;7;0;0.5;0;0.5;4;0;29;3.5;28;0;37.5;1;1
2019-06-27T04:28:00+02:00;9749500000;224560939008;636928;1932288;0;5;0;0.5;0;0;3.5;0;0;1;1;0;1;0.5;1
2019-06-27T04:30:00+02:00;8051500000;224577716224;515072;601088;0;6;0;0.5;0;1.5;11;0;0.5;0;2;1;10;1;1
2019-06-27T04:32:00+02:00;6564500000;224561463296;569344;689664;0;5;0;2;1.5;0.5;7;0;0.5;0;1;0.5;1.5;0.5;1
2019-06-27T04:34:00+02:00;7025000000;224561463296;595456;561152;0;4.5;0;0;0;0;5;0;0;0;1;0;1;1;1
2019-06-27T04:36:00+02:00;7233500000;224556220416;352256;294912;0;4.5;0;1;2;0;2.5;0;0.5;0;1;0;1.5;1;1
2019-06-27T04:38:00+02:00;9791000000;224547831808;726016;430592;0;4;1;0;0;2;3.5;0;0;0;1;0;1;0.5;1
2019-06-27T04:40:00+02:00;6791000000;224557793280;333824;236544;0;4;0;0.5;0;0.5;4.5;0;0;0;0.5;0;1;0;1
2019-06-27T04:42:00+02:00;7768500000;224553074688;738816;631296;0;6;4;0.5;0;0.5;12;0;0;0.5;2;0;0.5;0.5;1
2019-06-27T04:44:00+02:00;7070000000;224546258944;439296;273920;0;5;3.5;0.5;0;0;6;0;0;0.5;1;0;0;0;1
2019-06-27T04:46:00+02:00;6487500000;224548880384;564736;361984;0;6.5;8.5;0.5;0;36.5;5;0;0.5;0.5;2;0;1.5;0.5;1
2019-06-27T04:48:00+02:00;8116000000;224547831808;576512;558080;0;6.5;8.5;1;0;36.5;3;0;1;1;1;0;0;0.5;1
2019-06-27T04:50:00+02:00;8581000000;224552550400;390144;386560;0;6.5;1;1.5;0;0.5;5.5;0;0;0;1;2.5;0.5;0.5;1
2019-06-27T04:52:00+02:00;8723500000;224544686080;745472;526848;0;1;7;1;0;0;4.5;0;0;0;1;0.5;1.5;0.5;1
2019-06-27T04:54:00+02:00;6101500000;224544686080;1065984;1508352;0;7;0;1;0;0;4.5;0;0.5;0.5;1;0;1;0.5;1
2019-06-27T04:56:00+02:00;7525000000;224553074688;803328;510464;0;8;0;1;0;0;4;0;1;0.5;0.5;0;0.5;0;1
2019-06-27T04:58:00+02:00;7537500000;224545734656;700416;684544;0;7.5;0;0.5;1;0;4.5;0;0.5;0.5;0.5;0;0;0;1
2019-06-27T05:00:00+02:00;9306500000;224546258944;573440;562688;0;11.5;0;1;0;0;4.5;0;3.5;2;2;0;2.5;1;1
2019-06-27T05:02:00+02:00;10746500000;224547831808;698368;472576;0;12;0;0.5;0;0;5;0;1;0;1;0;1;1;1
2019-06-27T05:04:00+02:00;9831000000;224544161792;641536;626688;0;7;0;1;0;0;5;0;0.5;0.5;1.5;0;1;0.5;1
2019-06-27T05:06:00+02:00;10845500000;224547307520;890880;782848;0;6.5;0;1;0;0;4;0;1;5;2;1;2;0.5;1
2019-06-27T05:08:00+02:00;7054500000;224552550400;461824;446464;0;4.5;0;0.5;0;0;4.5;0;0.5;0;1;0;1.5;0.5;1
2019-06-27T05:10:00+02:00;7582500000;224547831808;603136;755200;0;5;0;1;0;0;6.5;0;3;2;1.5;0;1.5;2.5;1
2019-06-27T05:12:00+02:00;5668000000;224550977536;627712;221184;0;5.5;1;1;0;1;3;0;3.5;2.5;1.5;0;2.5;1;1
2019-06-27T05:14:00+02:00;9952000000;224549404672;596480;370176;0;10;1.5;0.5;0;0;7;0;1;0.5;1;0;1;1;1
2019-06-27T05:16:00+02:00;6815500000;224554647552;599040;713728;0;17.5;1.5;1;0;0;20;0;3.5;3;3;12;7;3;1
2019-06-27T05:18:00+02:00;6296500000;224553074688;571904;531968;0;5;0;2.5;0;0;5;0;0;0.5;1;0;0.5;0;1
2019-06-27T05:20:00+02:00;7252500000;224551501824;768512;531968;0;5.5;0;2.5;1;0;4;0;0;0;1;0;1;1;1
2019-06-27T05:22:00+02:00;6953500000;224551501824;727552;672256;0;13.5;0;0;0;0;10.5;0;1.5;2;1.5;0;6;1.5;1
2019-06-27T05:24:00+02:00;7478500000;224548880384;754688;624640;0;4;0;1;0;1;3.5;0;0;0;1;0;1;0;1
2019-06-27T05:26:00+02:00;6976500000;224556220416;481280;401408;0;8.5;1;3;0;1;16.5;0;9.5;4;6;0;5;2.5;1
2019-06-27T05:28:00+02:00;5590500000;224548356096;1090560;1089024;0;6;13;3;0;0;5.5;0;0.5;2.5;1;0;0.5;0;1
2019-06-27T05:30:00+02:00;7387000000;224561987584;484864;274432;0;4.5;0;0.5;0;1.5;2.5;0;0;0;0.5;0;0;0;1
2019-06-27T05:32:00+02:00;9086000000;224553074688;582656;659968;0;8.5;0;1;0;0;6;0;1;0.5;1;0.5;0.5;1;1
2019-06-27T05:34:00+02:00;8106500000;224548880384;636928;634368;0;3.5;0;1;0;0;7;0;0;1;2;0;1;0.5;1
2019-06-27T05:36:00+02:00;6584500000;224541016064;389120;450560;0;5.5;0;1.5;0;1;5;0;0;0;1;0;1;1;1
2019-06-27T05:38:00+02:00;9719000000;224534200320;731136;510464;0;9;7;3;6;11;1;0;0;0;2;0;1;1;1
2019-06-27T05:40:00+02:00;6224000000;224535248896;726016;351232;0;6.5;1.5;2;0;0;2.5;0;0;0.5;2;0;0.5;0.5;1
2019-06-27T05:42:00+02:00;8506000000;224545210368;738304;544256;0;6;1;0;3;0;2.5;0;0.5;0;0.5;0;0.5;0.5;1
2019-06-27T05:44:00+02:00;7264500000;224552026112;787456;331776;0;4;0;0.5;0;0;3.5;0;0.5;0;0.5;0;0;0;1
2019-06-27T05:46:00+02:00;8246500000;224548880384;571904;429056;0;6;0;0.5;1;30;8;0;0.5;0;2;13;1;1.5;1
2019-06-27T05:48:00+02:00;7580000000;224547831808;588288;469504;0;4;0;0;1;0;1;0;0;0;1;0;1;0;1
2019-06-27T05:50:00+02:00;6505500000;224553074688;481280;337408;0;5;0;1.5;0;0.5;4;0;6;0.5;2.5;0.5;6;1;1
2019-06-27T05:52:00+02:00;8381000000;224548356096;778752;512512;0;4.5;0;1.5;0;0.5;9;0;0;0;1;0;0;0;1
2019-06-27T05:54:00+02:00;7426000000;224555696128;657920;689152;0;5.5;0;0;0;0;2;0;0;0;0.5;0;1;1;1
2019-06-27T05:56:00+02:00;9703500000;224550977536;628224;526336;0;5;0;0;0;3;9;0;1;1;2.5;0;1.5;0.5;1
2019-06-27T05:58:00+02:00;6048500000;224553074688;858112;633856;0;5;2.5;0.5;0;0;6.5;0;0.5;0;2;0;0.5;0;1
2019-06-27T06:00:00+02:00;9383500000;224538394624;528384;275968;0;6;6;20;0;3;5.5;0;1;0.5;1.5;0;14;1;1
2019-06-27T06:02:00+02:00;10424000000;224543113216;994304;490496;0;4.5;0;0.5;0;0;6;0;1.5;2.5;1.5;1;1.5;0;1
2019-06-27T06:04:00+02:00;8892500000;224543637504;562176;609280;0;6;1;2;0;4.5;7;0;0.5;0.5;1;0;0.5;0.5;1
2019-06-27T06:06:00+02:00;8188500000;224548880384;1001984;860672;0;10;1;1.5;0;3.5;20;0;2;32.5;4;0;3;6;1
2019-06-27T06:08:00+02:00;8090000000;224550977536;1101312;825344;0;4.5;0;1;1.5;0;4;0;0.5;0;0.5;0;1.5;0.5;1
2019-06-27T06:10:00+02:00;7086000000;224550977536;596480;548352;0;5.5;1.5;0.5;1.5;0;1;0;1;0;4;0;1;2.5;1
2019-06-27T06:12:00+02:00;6284500000;224578240512;904192;568320;0;8;0;2;0;0;8.5;0;1.5;0;2.5;0.5;2;2;1
2019-06-27T06:14:00+02:00;9117500000;224582959104;499712;583168;0;5;0;0;2;0;4;0;0;0;1.5;0;1;0.5;1
2019-06-27T06:16:00+02:00;5309000000;224594493440;773120;646144;0;7;1;0.5;6;0;3.5;0;2;0;1;0;6.5;1.5;1
2019-06-27T06:18:00+02:00;6716500000;224587153408;1044480;637440;0;3;0;1;0;0;2;0;0;0;1;0;1;2.5;1
2019-06-27T06:20:00+02:00;7141500000;224584007680;391168;711680;0;6;0;0.5;0;0.5;4.5;0;0;1;1.5;0;1;0;1
2019-06-27T06:22:00+02:00;7812000000;224590299136;1073152;448512;0;3;1.5;1;0;0;6.5;0;6.5;0;1.5;0;3;1.5;1
2019-06-27T06:24:00+02:00;7078000000;224586104832;574976;7866368;0;5.5;0;0.5;0;0;5;0;3.5;5.5;9;0;10;3;1
2019-06-27T06:26:00+02:00;6456000000;224596590592;1020416;8135680;0;7.5;1;5.5;0;1;3.5;0;15.5;0.5;8;0;3.5;2;1
2019-06-27T06:28:00+02:00;10149000000;224595542016;477696;698368;0;8.5;1;3;0;8;8;0;15;3;4;0;16;1;1
2019-06-27T06:30:00+02:00;8521500000;224610222080;510976;5473792;0;7;0;0.5;0;4.5;4.5;0;2.5;0.5;2.5;0;1;0.5;1
2019-06-27T06:32:00+02:00;8772000000;224606552064;1385984;1077760;0;4;2;2;0;2;4;0;0.5;0;0.5;4;0.5;2;1
2019-06-27T06:34:00+02:00;6232000000;224606552064;479232;817152;0;3.5;1.5;1;0;0.5;4;0;0.5;0;0.5;0;1;0;1
2019-06-27T06:36:00+02:00;8542000000;224617037824;1481728;914432;0;5;1;3;1;1.5;25.5;0;10.5;4.5;12;0;14;4.5;1
2019-06-27T06:38:00+02:00;9695500000;224606552064;687104;726528;0;19;0;2.5;0;1;24;0;10;5;12;0.5;15;1;1
2019-06-27T06:40:00+02:00;6442500000;224602357760;1028608;677376;0;3;1;1.5;0;1.5;4;0;1;1.5;2;0;1.5;1.5;1
2019-06-27T06:42:00+02:00;9383500000;224599212032;643584;547840;0;3.5;1;2;0;0;6;0;0;0;1;0;0;0;1
2019-06-27T06:44:00+02:00;9138500000;226516533248;762880;684032;0;5;1;1;0;0;4;0;0;0.5;0.5;0;0;0.5;1
2019-06-27T06:46:00+02:00;10755500000;228441194496;1142784;824832;0;4;0;3;0;1;16.5;0;2.5;0;5;3.5;1;1.5;1
2019-06-27T06:48:00+02:00;8381000000;228435427328;776192;622592;0;3.5;1;1;0;1;4.5;0;0;0;0.5;0;0;0.5;1
2019-06-27T06:50:00+02:00;10513500000;228434903040;905728;611328;0;4;0;0.5;0;0;4.5;0;0.5;0.5;1.5;0.5;1;0.5;1
2019-06-27T06:52:00+02:00;10731000000;228445388800;746496;526336;0;8.5;0;74;0;0;7;0;1;1;2.5;0.5;1.5;1;1
2019-06-27T06:54:00+02:00;8070500000;228448010240;1075712;625152;0;9;2;1.5;0;1;3;0;0;0;1.5;0;0;0.5;1
2019-06-27T06:56:00+02:00;10744500000;228457447424;902656;1463808;0;8;0;2;0;0;4;0;1;1;1;0;1;0.5;1
2019-06-27T06:58:00+02:00;8595500000;228445388800;1238528;1582080;0;10;0;0.5;4.5;0;5;0;6;0;1;0;0.5;0;1
2019-06-27T07:00:00+02:00;13124500000;228447485952;1085952;1083904;0;4;3;1;0;0;7;0;1;0;4;0;3;3;1
2019-06-27T07:02:00+02:00;8421000000;228443291648;848896;718848;0;11;1;7;1.5;0.5;7;0;1.5;1.5;4;0;2.5;2.5;1
2019-06-27T07:04:00+02:00;9099000000;228440145920;586752;718848;0;6;9;2.5;0;1;5.5;0;0;0;1.5;1.5;1;0;1
2019-06-27T07:06:00+02:00;10559000000;228419174400;1322496;1083904;0;12;1;2;0;0;3.5;0;1.5;0.5;2.5;1.5;4.5;4;1
2019-06-27T07:08:00+02:00;11052000000;228417601536;1231360;1205248;0;5.5;0;6;0;0;5.5;0;0;0;0.5;0;0;0;1
2019-06-27T07:10:00+02:00;11458500000;228421271552;1008640;839168;0;6.5;1;4;0;1.5;2;0;0;3;1;0;1;2;1
2019-06-27T07:12:00+02:00;8341500000;228417077248;1303552;848384;0;2.5;1.5;3.5;0;0;10;0;1.5;2;10;6.5;2;2;1
2019-06-27T07:14:00+02:00;10489500000;228414455808;1021440;1378816;0;6;0;1;0;0;6;0;1;0;2;0;0.5;0.5;1
2019-06-27T07:16:00+02:00;9615000000;228420747264;2351104;1984512;0;1.5;1;2;6.5;1;5.5;0;0;0;0.5;0.5;1;0;1
2019-06-27T07:18:00+02:00;13734000000;228418125824;576512;486912;0;2;0;6;0;1;3;0;1;0;1;0;1.5;0.5;1
2019-06-27T07:20:00+02:00;11447500000;228413407232;869376;1110016;0;1;0;3;1;0;3;0;0.5;0;2;0;1.5;0;1
2019-06-27T07:22:00+02:00;14041000000;228414455808;1195520;847872;0;5;0;1;0;0;5.5;0;1;0;2;0;0.5;0;1
2019-06-27T07:24:00+02:00;13791500000;228414980096;1065984;1072128;0;7;0;1;1;0;4;0;0;1;0;0;0;0;1
2019-06-27T07:26:00+02:00;12008500000;228414980096;1379328;1276416;0;7;1;3.5;0;1;6;0;0.5;0;0;0;1;0.5;1
2019-06-27T07:28:00+02:00;13910500000;228415504384;1465856;1415168;0;5.5;0;4;0;0;3;0;0;0;1;0;1;0;1
2019-06-27T07:30:00+02:00;13550000000;228413931520;1636352;1268736;0;6;0;3.5;0;1.5;6;0;0;0;1;0;2;0;1
2019-06-27T07:32:00+02:00;12391500000;228419174400;1104384;1088000;0;7;1;5;0;3;4.5;0;0;0.5;1;0;0.5;0.5;1
2019-06-27T07:34:00+02:00;10517500000;224598163456;1672192;11764736;0;4.5;0;1.5;0;0;5.5;0;0;0;0.5;0;0.5;0;1
2019-06-27T07:36:00+02:00;12133000000;224577191936;1626112;1562112;0;7;1;4;0;1;5.5;0;1;0.5;1;0.5;1;0.5;1
2019-06-27T07:38:00+02:00;11358000000;224577716224;1076736;1230848;0;6;2;2.5;0;1;4;0;0;0;0;0;1;1;1
2019-06-27T07:40:00+02:00;8761000000;224582959104;1331200;1148416;0;5.5;0;4;4;0;6;0;0;0.5;0.5;0;0.5;0;1
2019-06-27T07:42:00+02:00;12510500000;224579813376;999424;16572416;0;5.5;0;2;0;0;5;0;0;0;1;0;0;0;1
2019-06-27T07:44:00+02:00;8982000000;224578240512;1595392;1444864;0;4.5;0;1.5;0;0;5;0;0;0;1;0;0;0;1
2019-06-27T07:46:00+02:00;11110000000;224577716224;1015296;928768;0;10;0;0;0;0;7;0;0.5;1.5;1;0;0.5;1;1
2019-06-27T07:48:00+02:00;8294000000;224584007680;1064960;633856;0;4;5;1;0;4.5;2.5;0;0.5;1;1;0;0.5;1;1
2019-06-27T07:50:00+02:00;8952000000;224575619072;1488384;1571840;0;8.5;2.5;2;0;0;6.5;0;1;0.5;1.5;1;2;0.5;1
2019-06-27T07:52:00+02:00;10345000000;224576143360;1222656;981504;0;7;1;1.5;0;0;1;0;1.5;0;1;6;1;1;1
2019-06-27T07:54:00+02:00;9268000000;224575619072;1446400;1098752;0;4;1.5;1;0;4.5;4.5;0;0;0.5;1;0;1;0;1
2019-06-27T07:56:00+02:00;11815500000;224578240512;1457152;1585152;0;2;1;1;0;0;9;0;1;0;1;0;1;0.5;1
2019-06-27T07:58:00+02:00;9044500000;224574570496;1581056;1105920;0;2;2;2;0;1.5;5.5;0;0.5;0;1.5;0;2;0;1
2019-06-27T08:00:00+02:00;13879000000;224576143360;1658368;2077696;0;4;1;3;0;0;6;0;5.5;2.5;11;4;8.5;2.5;1
2019-06-27T08:02:00+02:00;9634500000;224580861952;1909760;9361408;0;4.5;0;2;0;2.5;5.5;0;5.5;2.5;11;3.5;8;0;1
2019-06-27T08:04:00+02:00;9708500000;224588201984;1655296;1817088;0;1.5;0;1;0;3;6;0;0;0;2;0;3;0.5;1
2019-06-27T08:06:00+02:00;9926000000;224581386240;1412608;1516032;0;9.5;0;1.5;0;7;19;0;2.5;1.5;5;1;4;1;1
2019-06-27T08:08:00+02:00;10782500000;224586104832;1795584;1858560;0;4.5;0.5;1;1.5;0;5;0;0;0;1.5;0;1;0;1
2019-06-27T08:10:00+02:00;11358000000;224589250560;2296832;1957888;0;3.5;0.5;3;0;1;6;0;0;2;0;0;1;0.5;1
2019-06-27T08:12:00+02:00;11800000000;224594493440;2360832;1654784;0;2;0;6.5;0;1;6;0;1.5;0.5;1.5;7;2;0.5;1
2019-06-27T08:14:00+02:00;12856500000;224593969152;1971200;5912064;0;0;0;0;0;0;6;0;1;1;2;0;1.5;0;1
2019-06-27T08:16:00+02:00;10664000000;224598687744;1471488;1132544;0;5.5;32;1.5;94.5;4;7.5;0;5.5;2.5;8;12;6.5;15;1
2019-06-27T08:18:00+02:00;16875500000;224593444864;1810944;3148288;0;1;0;1;0;0.5;5;0;0.5;0.5;1;1;0.5;0.5;1
2019-06-27T08:20:00+02:00;10909000000;224595017728;1678848;1606144;0;2.5;1.5;2;0;2;5.5;0;1;0.5;1;1;0.5;1;1
2019-06-27T08:22:00+02:00;10435500000;224594493440;1779712;1742336;0;0.5;0;2.5;0;0;7;0;0.5;0;1;0;0.5;1;1
2019-06-27T08:24:00+02:00;11529500000;224588726272;2406912;2253824;0;0;0;2.5;0;0;12;0;1;1;2;0;2;0;1
2019-06-27T08:26:00+02:00;10575500000;224588201984;2444288;2755584;0;0.5;4.5;2;0;0.5;7;0;1;1.5;2;1;1.5;0.5;1
2019-06-27T08:28:00+02:00;10771000000;224591872000;2438656;2363904;0;0;5;0;0;0;6;0;0;1;1;1;1;0;1
2019-06-27T08:30:00+02:00;12381000000;224587677696;3387392;3209216;0;3.5;1;1;1;3;4;0;1.5;0.5;1.5;0;2.5;0.5;1
2019-06-27T08:32:00+02:00;12276000000;224588201984;4155392;8325120;0;4;3;2;0;0;8.5;0;2.5;1;3;0;1.5;1;1
2019-06-27T08:34:00+02:00;10267000000;224586104832;3829760;3628032;0;2;0;0;0;0.5;4.5;0;0.5;0;1.5;0.5;0.5;0;1
2019-06-27T08:36:00+02:00;12410000000;224585580544;2260480;2219008;0;1;0;0;0;0;6.5;0;0;0;1;0;1.5;0;1
2019-06-27T08:38:00+02:00;10178500000;224581386240;2216448;2145280;0;1;0;0.5;0;0;5.5;0;0;0;1;0;1;0;1
2019-06-27T08:40:00+02:00;11207000000;224579813376;2069504;1740800;0;3;1;1;0;2.5;5;0;1.5;0.5;2;0;0.5;0.5;1
2019-06-27T08:42:00+02:00;13122500000;224576143360;2830336;7506432;0;3;1;0.5;0;0;7;0;1;1;2;0;3;1;1
2019-06-27T08:44:00+02:00;10289500000;224579289088;2761728;2537472;0;2;2.5;0.5;0;0.5;4.5;0;0.5;0.5;1;1.5;2;0.5;1
2019-06-27T08:46:00+02:00;12712500000;224581910528;2974208;2592256;0;6;6;0;0;1;10;0;6;7;5;5;8;3.5;1
2019-06-27T08:48:00+02:00;12539500000;224578764800;2978816;2663424;0;2;2;2;2.5;1.5;4.5;0;0.5;0.5;0;0;1;0;1
2019-06-27T08:50:00+02:00;11621000000;224589774848;4818432;1824256;0;3;1;1;0;0;6;0;0.5;0;2;0;1.5;0.5;1
2019-06-27T08:52:00+02:00;9934000000;224583483392;2706432;2554880;0;4.5;2;3;0;1.5;5;0;1;0.5;2.5;0;1.5;0;1
2019-06-27T08:54:00+02:00;11130500000;224579813376;1442816;1260544;0;3;1.5;1.5;0;2;5;0;1;0.5;1;0;1;1;1
2019-06-27T08:56:00+02:00;11741500000;224576667648;1692672;1974272;0;18;4.5;1.5;2.5;8;6;0;3.5;2.5;3.5;2;5;4;1
2019-06-27T08:58:00+02:00;9784000000;224579289088;2121728;1973248;0;1;0.5;0.5;0;0;4.5;0;0;0.5;2.5;0;0.5;0.5;1
2019-06-27T09:00:00+02:00;13522500000;224580337664;1748992;5584896;0;1;0.5;1;0;0;6;0;1;0;2;0;0;0.5;1
2019-06-27T09:02:00+02:00;10132000000;224579289088;2135552;5696512;0;12;0;7;0.5;10.5;6.5;0;8;1;8.5;3.5;18;1;1
2019-06-27T09:04:00+02:00;11620500000;224580337664;1113088;1334272;0;6;0;6;0;0;5.5;0;0;0;1;0.5;1;0;1
2019-06-27T09:06:00+02:00;10524000000;224584007680;1093632;1095680;0;3.5;0;0;0;0;8;0;1;1.5;3;0.5;1;0.5;1
2019-06-27T09:08:00+02:00;10246500000;224591347712;2486784;3357696;0;11;0;1;0;0.5;6;0;0.5;0;1;0;1.5;0.5;1
2019-06-27T09:10:00+02:00;10322500000;224578764800;1629184;1604608;0;1;1;1;0;0.5;5.5;0;0;0;1;0;1;0;1
2019-06-27T09:12:00+02:00;11031000000;224579289088;1806336;1730048;0;4;9.5;1.5;0;3;9.5;0;2.5;31.5;4;0.5;4.5;13;1
2019-06-27T09:14:00+02:00;12851000000;224583483392;1434624;1352704;0;2.5;0.5;1.5;0;3;18;0;3;12;6;0;15;3.5;1
2019-06-27T09:16:00+02:00;10528000000;224578764800;1659904;1476096;0;4;4;0;0;0;10;0;2;28.5;3.5;0;3;8.5;1
2019-06-27T09:18:00+02:00;13919000000;224585580544;1463808;3211264;0;1;0;0;0;0;12;0;0;0;1;0;1;0;1
2019-06-27T09:20:00+02:00;10085500000;224581386240;3891200;3758080;0;4;1;4;0;0;12;0;0.5;0;2.5;0;0.5;0.5;1
2019-06-27T09:22:00+02:00;11242000000;224576667648;2580480;2735616;0;3;0;1;0;0;6.5;0;1.5;3;1.5;0.5;12;1;1
2019-06-27T09:24:00+02:00;12105500000;224575094784;2758656;2914816;0;2.5;0.5;0;0;0.5;5;0;3;6.5;1.5;0;5.5;12;1
2019-06-27T09:26:00+02:00;12834000000;224569851904;2774016;2694144;0;1;0;0;0;0;7;0;0;0;1;0;1;0;1
2019-06-27T09:28:00+02:00;14225500000;224563560448;3476480;3479040;0;0;0;1;0;0;5;0;0;0;1;0;1;0;1
2019-06-27T09:30:00+02:00;10510500000;224559366144;3092992;2673664;0;4.5;0;3.5;0;0;6;0;1;1.5;2;0;1.5;0.5;1
2019-06-27T09:32:00+02:00;11648000000;224557268992;1692160;2057728;0;1;2;0;0;0;7;0;0;1.5;1;0.5;0.5;1.5;1
2019-06-27T09:34:00+02:00;9773500000;224559366144;2039808;2446336;0;2;0;1;0;1;5.5;0;0.5;1;1;0;1;1;1
2019-06-27T09:36:00+02:00;12828000000;224620707840;1744896;1806336;0;0;8;2;0;1;4.5;0;0;0.5;1;0;2;0;1
2019-06-27T09:38:00+02:00;9832500000;224626999296;2377728;2580992;0;0.5;2;0;0;0;5.5;0;0.5;1.5;4.5;1;2.5;0;1
2019-06-27T09:40:00+02:00;12945000000;224625950720;1938432;6198272;0;2;1;0.5;0;2;5;0;1.5;0.5;1.5;5;1;0;1
2019-06-27T09:42:00+02:00;12230500000;224637485056;1404416;1060352;0;0.5;0;1;0;0;7;0;0;4;1;1;1;0;1
2019-06-27T09:44:00+02:00;9978000000;224640106496;1676288;1428992;0;2.5;8.5;0.5;1;0;8.5;0;2;44.5;5;1;2.5;25.5;1
2019-06-27T09:46:00+02:00;10864000000;224639582208;1746944;1825792;0;1;0;1;0;0;12;0;4;11;5;0.5;2.5;3;1
2019-06-27T09:48:00+02:00;10649000000;224638533632;1915904;1437696;0;3.5;3.5;0.5;0;0;7;0;1;0.5;2;0;1;0.5;1
2019-06-27T09:50:00+02:00;12136000000;224638533632;2439680;2595328;0;1;0;0;0;0;6;0;23;1.5;12.5;0;11.5;0.5;1
2019-06-27T09:52:00+02:00;11241000000;224639582208;1644544;1766400;0;2.5;2.5;1.5;0;0;6;0;23;2;12;0;11;0;1
2019-06-27T09:54:00+02:00;12419000000;224636960768;1829376;1625088;0;4.5;0.5;3.5;0;3;7;0;0.5;1;1;0;1;0;1
2019-06-27T09:56:00+02:00;12694000000;224645349376;2429440;3119616;0;1.5;5;5.5;0.5;3;11;0;5;3;4;10;5;1.5;1
2019-06-27T09:58:00+02:00;9348000000;224636436480;2280960;2092544;0;3.5;4.5;1.5;0;0.5;4.5;0;0;0.5;0.5;9;0.5;0.5;1
2019-06-27T10:00:00+02:00;14071500000;224648495104;3330048;3298816;0;6;0;2;0;3;6;0;5;1;4;2;1;0.5;1
2019-06-27T10:02:00+02:00;11675000000;224657932288;4587520;4257792;0;2.5;0.5;20.5;121;1;6.5;0;3.5;8.5;5;145.5;3.5;1.5;1
2019-06-27T10:04:00+02:00;12444000000;224657932288;3775488;3260416;0;2;1;1;0;0;6.5;0;2.5;10;2;0;3.5;6;1
2019-06-27T10:06:00+02:00;7684000000;224670515200;5423104;4984832;0;1;16;0.5;1.5;0;7;0;2.5;1.5;2;4.5;2;3;1
2019-06-27T10:08:00+02:00;8928500000;224680476672;4019200;10635264;0;1.5;1.5;3;0.5;0;7.5;0;1;0.5;1;16;1.5;1;1
2019-06-27T10:10:00+02:00;9549000000;224671563776;2956288;7490048;0;0.5;1;1;0.5;0;7;0;0.5;1;1.5;16;1;0;1
2019-06-27T10:12:00+02:00;11142000000;224682573824;2163200;6647296;0;8.5;1;1.5;1;0;14;0;2;0.5;9.5;0;5;1;1
2019-06-27T10:14:00+02:00;14733000000;224677855232;3038208;6535168;0;4;1.5;0.5;0;0;7;0;1;1;2;0;1;0;1
2019-06-27T10:16:00+02:00;12492000000;224683098112;4196864;7395840;0;7;3.5;1.5;0;1;14.5;0;0.5;2;5.5;2.5;4;0.5;1
2019-06-27T10:18:00+02:00;12796500000;224678903808;3804160;4258304;0;5;0;1;0;0;7.5;0;0;0.5;1;0.5;1;0;1
2019-06-27T10:20:00+02:00;11909000000;224677855232;5107712;4703232;0;6.5;1.5;3;0;4;9;0;0;0;1;0.5;1;0;1
2019-06-27T10:22:00+02:00;13079500000;224675233792;4411392;4844544;0;24;0;12;0;1;15.5;0;2;3.5;6.5;5.5;9.5;1.5;1
2019-06-27T10:24:00+02:00;10242000000;224675758080;3218432;3069952;0;6;1;6;0.5;2.5;5;0;0;0.5;1.5;2.5;1;0;1
2019-06-27T10:26:00+02:00;13372500000;224675233792;2857984;2682880;0;1.5;3;4;0;0;4;0;0;2.5;1;0;1;0;1
2019-06-27T10:28:00+02:00;15041500000;224688865280;2765824;9373696;0;2;0.5;3;0;0;6;0;0;0;1;0;1;0;1
2019-06-27T10:30:00+02:00;12872500000;224693059584;3064832;8977408;0;3.5;0;0;0;0;5.5;0;0.5;0;2;0;3.5;0.5;1
2019-06-27T10:32:00+02:00;13162500000;224692535296;2106368;6094336;0;3;1;0;0;0;5;0;1;0;1;0;1;0.5;1
2019-06-27T10:34:00+02:00;11862500000;224693059584;3622912;3293184;0;0.5;1.5;1;1.5;0;5;0;0.5;3.5;0.5;0;1.5;0.5;1
2019-06-27T10:36:00+02:00;14598500000;224696729600;2787328;2653696;0;1;0;0;0;0;8;0;1;0;1.5;1;2;1;1
2019-06-27T10:38:00+02:00;11311500000;224702496768;4050944;3601408;0;2;0;0.5;0;0;7.5;0;1;0;1;6;1;0;1
2019-06-27T10:40:00+02:00;10844000000;224703021056;3723264;9323520;0;2;0.5;0.5;0;2;5.5;0;0.5;1;1.5;0;1;0.5;1
2019-06-27T10:42:00+02:00;11340000000;224709312512;3957760;3963904;0;1.5;0.5;0.5;0;0;3.5;0;1;0.5;1;0;1;0;1
2019-06-27T10:44:00+02:00;11358500000;224710885376;3831296;3845632;0;3;0;0.5;0;0;11;0;0.5;0;1;0;1.5;0.5;1
2019-06-27T10:46:00+02:00;14328500000;224726089728;4768768;4773888;0;2;1.5;3.5;0;3.5;8;0;19;5;29;0;16;1.5;1
2019-06-27T10:48:00+02:00;11417000000;224726089728;3711488;3517952;0;2.5;0;7.5;0;6.5;11.5;0;17;0.5;11.5;0;4.5;0.5;1
2019-06-27T10:50:00+02:00;14617000000;224724516864;2847744;3633152;0;5.5;0;0;0;0;16;0;1;3;1;0;1;1;1
2019-06-27T10:52:00+02:00;11416500000;224730284032;3145728;3414016;0;3;1;4;0;8;11;0;3;1.5;5.5;1.5;5;4.5;1
2019-06-27T10:54:00+02:00;13590000000;224735526912;3397632;12374016;0;3;0;2;0;42;4;0;1;3;2;0;1;0;1
2019-06-27T10:56:00+02:00;10756000000;224735002624;2277376;2281472;0;14;1;2;0;1;8;0;7;2;5;0;3;4;1
2019-06-27T10:58:00+02:00;13890000000;224753876992;3447808;3210752;0;1;2;2;0;0.5;5;0;0.5;1;1;1.5;0;0;1
2019-06-27T11:00:00+02:00;12103500000;224761217024;2391040;2341888;0;3;4;0.5;1.5;0;5.5;0;0.5;0.5;1;1;0;1;1
2019-06-27T11:02:00+02:00;12115000000;224775372800;2744320;3127296;0;3;0;1.5;0;0;12.5;0;0.5;1;1.5;0;1;0.5;1
2019-06-27T11:04:00+02:00;11913000000;224771702784;3044352;3063296;0;1.5;0.5;0.5;0;0;7;0;0;0;0;0;1;0;1
2019-06-27T11:06:00+02:00;9980000000;224780091392;3574272;3633664;0;0.5;1;0.5;0;0;5.5;0;0.5;0;0.5;0;0.5;0;1
2019-06-27T11:08:00+02:00;16989500000;224777994240;2555392;3599360;0;0;1;1;0;0;5;0;1;0;2;0;2;2;1
2019-06-27T11:10:00+02:00;11922500000;224783237120;2225664;2099712;0;7.5;1;1;0;4.5;5.5;0;1;1;2;0.5;1.5;0.5;1
2019-06-27T11:12:00+02:00;13405500000;224775897088;3524608;2915328;0;0;0;1;0;0;3.5;0;1;0;1.5;0;0.5;0;1
2019-06-27T11:14:00+02:00;11636000000;224779042816;null;null;0;0;0;1;0;0;4;0;0;0;1;0;0;0;1
2019-06-27T11:16:00+02:00;12276000000;224781664256;4313600;3858944;0;9;0;0;0;0;7;0;1.5;2;1.5;0;1.5;1;1
2019-06-27T11:18:00+02:00;12313500000;224789004288;2746368;2866176;0;5;1.5;3;0;4;10;0;1;2;1;8;1;0;1
2019-06-27T11:20:00+02:00;11768000000;224790052864;4295680;4825088;0;3.5;0;1.5;0;0;4;0;0.5;0;1.5;0;2.5;0.5;1
2019-06-27T11:22:00+02:00;12202500000;224797392896;3449856;3579904;0;2.5;0;1;0;0;4.5;0;0.5;0;1;0;1.5;0;1
2019-06-27T11:24:00+02:00;13264500000;224798441472;2510848;3048448;0;2.5;1;2.5;0;1;6;0;0.5;0;1;0;2;0.5;1
2019-06-27T11:26:00+02:00;13620000000;224800538624;3087872;2913280;0;0;0;0.5;0;0;9;0;1;1;3;0;2;0.5;1
2019-06-27T11:28:00+02:00;11616500000;224809451520;2630656;2549248;0;2.5;0;0;1.5;0;5.5;0;1;1;1;0;2.5;0.5;1
2019-06-27T11:30:00+02:00;13847000000;224803684352;3533312;3217408;0;3;0;0;0;0;10;0;1;0;2;0.5;4;2.5;1
2019-06-27T11:32:00+02:00;13105500000;224805257216;2179072;2840576;0;2;1;0.5;1;0;11;0;4;2.5;4.5;0.5;3.5;2;1
2019-06-27T11:34:00+02:00;12120000000;224809975808;3578880;27211776;0;0;0;0;0;0;4;0;1;0.5;1.5;0;2;0.5;1
2019-06-27T11:36:00+02:00;12842000000;224801587200;2387968;42983424;0;4;0;2;0;0;5.5;0;5;4;6;0;9;5;1
2019-06-27T11:38:00+02:00;11977500000;224813645824;5183488;32973824;0;0;0;0.5;0;2;3;0;1;0;2;0;1.5;1;1
2019-06-27T11:40:00+02:00;12448500000;224804208640;2627584;30587392;0;0;0;0.5;0;0;7;0;2;0.5;1.5;13;3;1;1
2019-06-27T11:42:00+02:00;11597000000;224806305792;3469824;26075648;0;3;0;0;0;0;9;0;1;0.5;2;0.5;1;0;1
2019-06-27T11:44:00+02:00;14351500000;224841957376;4505088;19952128;0;4;0;0.5;0;0;6;0;1;1;1;0;0;0;1
2019-06-27T11:46:00+02:00;10639000000;224868171776;3789824;5058560;0;4.5;2;2;0;3;35.5;0;2;2;2;0;2.5;0.5;1
2019-06-27T11:48:00+02:00;11714500000;224875511808;3851264;3442176;0;2;0;1;0;0;15;0;2.5;1;2;0;4.5;3.5;1
2019-06-27T11:50:00+02:00;10815000000;224870793216;3371008;4773888;0;0.5;0;0;1;0;5;0;0.5;0;1;0;1;0;1
2019-06-27T11:52:00+02:00;12610000000;224871317504;4921856;3896832;0;0.5;0.5;0;0;0;5.5;0;0;0;1;0;0.5;0;1
2019-06-27T11:54:00+02:00;13244500000;224843530240;2619392;3062272;0;2;0;0.5;2;0;5;0;0.5;0;1;0;1;1;1
2019-06-27T11:56:00+02:00;11572000000;224834617344;3232768;3574272;0;2;0;0.5;0;9.5;7;0;1;0;1;0;3;0;1
2019-06-27T11:58:00+02:00;14945000000;224835141632;2296320;2664960;0;7;0;0.5;0;9;3;0;1;0;1;0;2;0;1
2019-06-27T12:00:00+02:00;13485500000;224837238784;2426880;3230720;0;11;0;2.5;0;15.5;7;0;4.5;2;2.5;0;3.5;1.5;1
2019-06-27T12:02:00+02:00;13664500000;224826228736;2525696;3128832;0;0;0;3;0;0;6;0;1;1;2;0;1;0.5;1
2019-06-27T12:04:00+02:00;11114000000;224801062912;5252096;2634752;0;0.5;0;1.5;0;0;5;0;0.5;0.5;1;0;1;0.5;1
2019-06-27T12:06:00+02:00;10439000000;224769081344;2885632;2853376;0;3;0;1;0;0;4.5;0;0.5;2.5;1;0;1;0.5;1
2019-06-27T12:08:00+02:00;11738000000;224726089728;1763328;2292736;0;3.5;1;2.5;0;1.5;3.5;0;0;0.5;1;0;1;0;1
2019-06-27T12:10:00+02:00;10194000000;224727138304;2556928;2422784;0;3;0;2;0;0;5.5;0;1.5;0.5;4;0;1.5;0.5;1
2019-06-27T12:12:00+02:00;12651000000;224751779840;2361344;2332160;0;0.5;1;2.5;0;1.5;4;0;1;0.5;4;0;2;0;1
2019-06-27T12:14:00+02:00;10179500000;224755449856;2903040;2834944;0;1;2;1.5;0;0;5;0;0.5;0;1.5;0;1;0;1
2019-06-27T12:16:00+02:00;12494500000;224762789888;3777024;3366400;0;0.5;0;3.5;1.5;0;5;0;1;5;3;1;2;0.5;1
2019-06-27T12:18:00+02:00;13272000000;224758595584;4134912;4071424;0;1.5;0;2.5;0;22.5;4;0;0;0;1;0;1;0;1
2019-06-27T12:20:00+02:00;12296500000;224757022720;3836416;3792896;0;3;0;1;0;0;9.5;0;0;2;2;1.5;2.5;1;1
2019-06-27T12:22:00+02:00;11173500000;224759644160;3402752;3737600;0;2;0.5;2;1;0;9.5;0;2.5;2;2;1.5;2.5;1;1
2019-06-27T12:24:00+02:00;10622500000;224756498432;3423744;3147264;0;0;0;1;0;0;4.5;0;0;0;1;0;0;0;1
2019-06-27T12:26:00+02:00;11771500000;224755449856;2973696;3292160;0;8.5;2.5;1.5;0;0;13;0;1;0.5;1.5;0.5;1;2;1
2019-06-27T12:28:00+02:00;10701500000;224749682688;4263424;4095488;0;1;0;2.5;0;0;15;0;0;1;1;0;1;0;1
2019-06-27T12:30:00+02:00;11848500000;224755974144;4240896;4434944;0;0.5;0;2;0;0;5;0;1;0;1;0;0;1.5;1
2019-06-27T12:32:00+02:00;10407000000;224754925568;4130816;4536832;0;4.5;0;1.5;0;0;9.5;0;5.5;2;7.5;4;7;1.5;1
2019-06-27T12:34:00+02:00;11787000000;224754925568;3978240;3513344;0;0;2;2;0;2;7;0;0;0;1;0;0;0;1
2019-06-27T12:36:00+02:00;10466500000;224754925568;2210816;2483200;0;5.5;0;0;0;0;3.5;0;0;0;0.5;0;1;0;1
2019-06-27T12:38:00+02:00;9157000000;224758071296;4180480;4074496;0;0;2;1;4;0;4;0;0;1;1;0;0;0;1
2019-06-27T12:40:00+02:00;11165500000;224753876992;3672064;5267456;0;1;0;1;0;0;4.5;0;0;0.5;1;0;0;0;1
2019-06-27T12:42:00+02:00;10061000000;224752828416;3142656;3015168;0;1.5;0;1;1.5;0;4.5;0;0;0;1;0;1;0;1
2019-06-27T12:44:00+02:00;11591000000;224748634112;2586624;2389504;0;1.5;0;1;1.5;0;7;0;0;0;1;0;0;0;1
2019-06-27T12:46:00+02:00;10441000000;224736051200;3168256;3042304;0;1;0;1;0;3.5;7;0;0.5;0.5;1.5;0;1;1;1
2019-06-27T12:48:00+02:00;12583500000;224708263936;3254272;2963968;0;0;0;2;0;0;7;0;0;0;1;0;1;0;1
2019-06-27T12:50:00+02:00;9741000000;224684670976;3013632;3328000;0;4;0;2;0;0.5;5.5;0;0;0.5;0.5;0;0.5;0;1
2019-06-27T12:52:00+02:00;11354000000;224682049536;3151360;2692608;0;6;0;1;0;0;4.5;0;0;0.5;1.5;0;0.5;0;1
2019-06-27T12:54:00+02:00;12044500000;224686768128;2203648;2312192;0;3.5;0;1;0;0;5.5;0;0;0.5;1.5;0;1;0;1
2019-06-27T12:56:00+02:00;9883000000;224682049536;4967424;4656640;0;0;1;1;0;1;4;0;0;0.5;0.5;0;0.5;0;1
2019-06-27T12:58:00+02:00;11806500000;224680476672;3962880;3874816;0;0.5;0;1;0;1;3;0;0;0;1;0;1;0;1
2019-06-27T13:00:00+02:00;10804500000;224688340992;4621312;4521984;0;1.5;0;1.5;0;3.5;5;0;1;0;1.5;0;1;0;1
2019-06-27T13:02:00+02:00;11436000000;224678903808;4363776;4057088;0;1;0;1.5;0;3.5;3;0;0;1;1;0;0;0;1
2019-06-27T13:04:00+02:00;10490000000;224675233792;5128704;4989952;0;0.5;0;0.5;1.5;0;7;0;0;0;1;0;1;0;1
2019-06-27T13:06:00+02:00;13303000000;224678379520;4770304;4185088;0;0;0;2;0;0;6;0;0;2;4;0;1.5;0;1
2019-06-27T13:08:00+02:00;12596000000;224676806656;5130240;4629504;0;0.5;0;1;0;0;4.5;0;0;1;2;0;1;0;1
2019-06-27T13:10:00+02:00;12266000000;224677855232;5776384;5530624;null;null;null;null;null;null;5;0;1;1;2;2;2;0;1
2019-06-27T13:12:00+02:00;12148500000;224676806656;5188608;5192704;0;2;1;1.5;0;0;4.5;0;0.5;0.5;1.5;1;1;0;1
2019-06-27T13:14:00+02:00;11888000000;224677855232;3950080;3824640;0;0;0;1;0;0;6;0;0;0;1;2;0.5;0;1
2019-06-27T13:16:00+02:00;12465000000;224677855232;5703680;5939712;0;0.5;0;1;0;0.5;7.5;0;2;7;3.5;0;3;2;1
2019-06-27T13:18:00+02:00;10750000000;224684670976;4856320;4946432;0;2;19.5;1.5;0;0;5.5;0;1;5;1;0;3;1;1
2019-06-27T13:20:00+02:00;12736000000;224685195264;4954624;4616704;0;2.5;0;0.5;0;0;5;0;0;0;2;0;1;0.5;1
2019-06-27T13:22:00+02:00;12144500000;224683622400;5047808;5083136;0;1.5;1;3.5;0;0;9.5;0;1.5;2;1;0;1.5;1;1
2019-06-27T13:24:00+02:00;11706500000;224687292416;4169728;3981312;0;2;1;1;0;2;6;0;1;1;2;0;1;0.5;1
2019-06-27T13:26:00+02:00;11900000000;224693583872;4177920;3873792;0;1.5;1.5;5;0;1.5;5;0;1;0.5;1;0;2;0.5;1
2019-06-27T13:28:00+02:00;12262500000;224686243840;3808256;4556288;0;1;3;2;0;2;6;0;0.5;0.5;1;3;0.5;0;1
2019-06-27T13:30:00+02:00;10546500000;224690438144;2331648;1997824;0;1;0;2.5;0;0;4.5;0;0;0;0.5;0;0.5;0;1
2019-06-27T13:32:00+02:00;10833500000;224685719552;4847616;5673472;0;2;0;17;2;0;7;0;0.5;0;0;0;1.5;0;1
2019-06-27T13:34:00+02:00;11032000000;224686243840;3322880;12346880;0;0;0;1;0;0;5.5;0;0;0;1;0;1;0;1
2019-06-27T13:36:00+02:00;10892500000;224685195264;3098112;12425216;0;2;0;1;1;0;7.5;0;0.5;0.5;1;0;0.5;0;1
2019-06-27T13:38:00+02:00;13672000000;224687292416;3140608;2937856;0;0.5;0;0.5;1;0;5;0;1;0;1;0;1;0;1
2019-06-27T13:40:00+02:00;11987500000;224687816704;3108352;6967296;0;0.5;0;1;0;0;6;0;1;0.5;1;0.5;1;0;1
2019-06-27T13:42:00+02:00;12150500000;224683098112;3150336;3270656;0;1;1;0;0;0;6;0;0;1;2;0;0;0;1
2019-06-27T13:44:00+02:00;12535500000;224681000960;4399104;4438016;0;0.5;0;1.5;0;0.5;6;0;0.5;1;1.5;0;0.5;0;1
2019-06-27T13:46:00+02:00;13889500000;224683098112;2656256;2598400;0;3;0;2;0;0;9;0;2;1;2.5;0;4.5;1.5;1
2019-06-27T13:48:00+02:00;13712500000;224681000960;2958336;3111936;0;3;0;1;0;0;6;0;0.5;0;1.5;0;0;0;1
2019-06-27T13:50:00+02:00;12598000000;224682049536;2960896;2544128;0;2;2.5;0;0;7.5;9.5;0;2;1;3;7;11;1;1
2019-06-27T13:52:00+02:00;11843000000;224678903808;2821120;3164160;0;2;0;0;0;7.5;8.5;0;2;3;3;3.5;10.5;0;1
2019-06-27T13:54:00+02:00;12848000000;224677330944;3635200;4261376;0;2;0;1;0;0;4.5;0;0;1;3;3.5;2;0;1
2019-06-27T13:56:00+02:00;12702500000;224678903808;2793984;2808320;0;1.5;0;1;0;0;7;0;0;0;2;0;2;0.5;1
2019-06-27T13:58:00+02:00;11077000000;224657932288;3183616;2999808;0;2.5;0;0.5;2;0;5;0;0.5;0;1.5;0;0.5;0.5;1
2019-06-27T14:00:00+02:00;13974500000;224657408000;4035584;4019200;0;1;0;1;0;0;5;0;0;0;0;0;1.5;0.5;1
2019-06-27T14:02:00+02:00;16115500000;224652689408;2896896;3683328;0;7.5;0;1;0;2.5;5;0;1;0.5;2;0;1.5;1;1
2019-06-27T14:04:00+02:00;13467500000;224652165120;2622976;2734592;0;6;0;1;0;6;8;0;0;1;1.5;0;0.5;0;1
2019-06-27T14:06:00+02:00;13504000000;224654262272;4054016;5311488;0;17;0;2;0;0.5;50.5;0;3;2;8;5;9.5;6;1
2019-06-27T14:08:00+02:00;13423000000;224661078016;4808192;5291008;0;13;0;1.5;0;4;13;0;3;2;5;3;9.5;3;1
2019-06-27T14:10:00+02:00;12196500000;224655835136;4596224;4599808;0;13.5;0;2;0;4;9;0;0;2;2;0;0;1;1
2019-06-27T14:12:00+02:00;14839500000;224654786560;4956160;4934656;0;11.5;5;5;0;2;13.5;0;1;3.5;2.5;0;2.5;1;1
2019-06-27T14:14:00+02:00;13306500000;224652689408;3171328;2949632;0;1;0;1;0;0;5;0;0;0;1;0;1;0.5;1
2019-06-27T14:16:00+02:00;12369500000;224661602304;3765248;4392960;0;1;1;2;0;1.5;5;0;1;0;1.5;1;1;0.5;1
2019-06-27T14:18:00+02:00;11809500000;224654262272;3671552;4021248;0;0;3;2;0;1;6;0;0.5;0;0;0;1;0;1
2019-06-27T14:20:00+02:00;12242000000;224655835136;3250176;3730432;0;4;0;4;1.5;0;6;0;1;0;0.5;0;0.5;0;1
2019-06-27T14:22:00+02:00;13818500000;224661078016;2508288;2663936;0;0.5;1;0;0;0;8;0;1.5;0.5;1;0;3;0.5;1
2019-06-27T14:24:00+02:00;12284500000;224666845184;2811904;2738688;0;0.5;0;1;0;0;7;0;0;0;1;0;0;0;1
2019-06-27T14:26:00+02:00;11742500000;224656883712;2849792;2713600;0;0.5;1;1;0;0;3.5;0;0.5;0;1;6;1;0;1
2019-06-27T14:28:00+02:00;13758000000;224655310848;1935360;2790912;0;1.5;1;2;0;0;5;0;1;0;0;1;0;0;1
2019-06-27T14:30:00+02:00;13600500000;224664223744;2788352;2950144;0;2.5;0;1.5;0;0.5;7.5;0;1;0.5;2;0;1.5;0.5;1
2019-06-27T14:32:00+02:00;11834000000;224661602304;2433536;2941440;0;0;0;1;0;0;11;0;1;6.5;2;0;1.5;1;1
2019-06-27T14:34:00+02:00;12627000000;224660029440;2295808;1971200;0;0;10;1.5;0;1;10.5;0;0.5;6.5;2;0;2;0;1
2019-06-27T14:36:00+02:00;11110000000;224657408000;2662400;2893824;0;2.5;4.5;1.5;0;0;5;0;0;0.5;1.5;0;1;0;1
2019-06-27T14:38:00+02:00;12341500000;224666320896;2870784;2438656;0;2;1.5;2;0;1;6;0;0.5;0;1.5;0;0;0;1
2019-06-27T14:40:00+02:00;11450000000;224660553728;3123712;3089408;0;0.5;0;0.5;0;2;5;0;0.5;1;0.5;0;1;0;1
2019-06-27T14:42:00+02:00;11935500000;224664748032;4206080;4075520;0;1;0;0.5;5;0;9;0;0;1;1;0;1;0;1
2019-06-27T14:44:00+02:00;12984000000;224662650880;5068800;4342784;0;0.5;1;0;0;0;5;0;0.5;0;2;7.5;1;0;1
2019-06-27T14:46:00+02:00;10348000000;224663175168;4515840;4477440;0;4;0;4;0;0;7;0;3;1.5;4.5;0;2;1;1
2019-06-27T14:48:00+02:00;11948500000;224680476672;4684800;4263936;0;7.5;0.5;1;26;0;4.5;0;1;1.5;1;5;3;0.5;1
2019-06-27T14:50:00+02:00;11553500000;224676806656;3143168;3268096;0;6;0;2;0;0;20.5;0;3;32.5;5;0;4.5;14;1
2019-06-27T14:52:00+02:00;null;null;null;null;0;0;0;1;0;null;null;null;null;null;null;null;null;null;null
2019-06-27T14:54:00+02:00;null;null;null;null;null;null;null;null;null;null;null;null;null;null;null;null;null;null;null
2019-06-27T14:56:00+02:00;null;null;null;null;null;null;null;null;null;null;null;null;null;null;null;null;null;null;null
2019-06-27T14:58:00+02:00;15471000000;224537870336;4113408;4021248;0;2;3;1;3;3;12;0;1;1;1;7;3;1;3
2019-06-27T15:00:00+02:00;13384500000;225883193344;43404288;4444160;0;3;1.5;1;1.5;4.5;8;0;1;2.5;2.5;9.5;4;1;1
2019-06-27T15:02:00+02:00;0;0;2182144;1794048;0;4;0;1;0;6;16;null;null;2;12;0;13;2;1
2019-06-27T15:04:00+02:00;11705500000;233154543616;1732096;1684992;0;1.5;2.5;5;0;0.5;6;0;0.5;1.5;0.5;1;2;0;1
2019-06-27T15:06:00+02:00;11648500000;233167650816;1594880;1450496;0;1.5;2.5;3.5;0;0;9;0;4;1;4;0;2;0.5;1
2019-06-27T15:08:00+02:00;11935500000;233156116480;2324992;1741824;0;1.5;0;0;0;0;6.5;0;1;0;0.5;0;1;0;1
2019-06-27T15:10:00+02:00;11435500000;233146679296;2060800;1665536;0;0;1;1;0;0;8.5;0;2;2;6.5;1;4;1;1
2019-06-27T15:12:00+02:00;12017000000;233130426368;1976320;1809408;0;2.5;0;1;0;0;9.5;0;2;3;6.5;0;4;0;1
2019-06-27T15:14:00+02:00;9283000000;233103687680;1590784;1478656;0;1.5;0;1.5;0;0;6.5;0;0;0;1;1.5;1.5;0;1
2019-06-27T15:16:00+02:00;12172500000;233102639104;2099712;1828352;0;10;0;1;0;0;12.5;0;1.5;1.5;3.5;1.5;8;2;1
2019-06-27T15:18:00+02:00;10113000000;233091629056;2173952;1901568;0;5;1;2.5;0;0.5;6;0;0;0;1.5;0;1;0;1
2019-06-27T15:20:00+02:00;12362500000;233076424704;3708928;2928128;0;7;0;2.5;0;0;4;0;1;0;1;0;0;1.5;1
2019-06-27T15:22:00+02:00;12259500000;233043918848;2736128;2153984;0;2;0.5;1;0;0;13.5;0;3;1.5;3.5;1;4;1.5;1
2019-06-27T15:24:00+02:00;12877000000;232962654208;2962432;2680320;0;7;1;1;0;0;8.5;0;0.5;0.5;1;0.5;1.5;0;1
2019-06-27T15:26:00+02:00;13697500000;232909701120;4025344;3743744;0;4;0;2;0;1;10;0;4.5;0.5;2.5;2.5;3;3;1
2019-06-27T15:28:00+02:00;10640000000;232870903808;1789952;1721856;0;3;0;1;0;0;8;0;0.5;0;2;0;1;0;1
2019-06-27T15:30:00+02:00;10349500000;232815329280;2324992;2452992;0;0.5;0;1;0;0;9.5;0;0;0.5;2.5;0;0.5;0;1
2019-06-27T15:32:00+02:00;9016000000;232788590592;3229184;3287040;0;0.5;0;0.5;0;0;5.5;0;0;0;1;0;2;0;1
2019-06-27T15:34:00+02:00;10115500000;232756084736;2009600;1809408;0;0.5;0;0;0;0;6;0;0;1;1;0;4;0;1
2019-06-27T15:36:00+02:00;8337500000;232736161792;2328576;1782272;0;4;0.5;0;0;0;8.5;0;0.5;0;2;4.5;1.5;0.5;1
2019-06-27T15:38:00+02:00;11047500000;232638119936;2567168;3288064;0;3;0;2;0;0;8;0;0;0;2;0;2;0;1
2019-06-27T15:40:00+02:00;11423500000;232633925632;2245632;1969152;0;0;0;2;0;0;5;0;0;0;0;2;1;0;1
2019-06-27T15:42:00+02:00;11498500000;232633401344;2353664;2184704;0;2;0.5;1.5;0;2;3.5;0;0.5;0;1.5;0;1.5;0;1
2019-06-27T15:44:00+02:00;12435000000;232631304192;2050560;1799168;0;0;1;1.5;0;2;7;0;0;0;1;0;0;0;1
2019-06-27T15:46:00+02:00;11224000000;232632352768;2170368;2181632;0;1;0;0.5;3;0;7.5;0;1;0;1;0.5;1;0.5;1
2019-06-27T15:48:00+02:00;10755500000;232630779904;3181568;3075584;0;2.5;0;1;3;0;19;0;1;1;1;0;2;1;1
2019-06-27T15:50:00+02:00;13351000000;232617148416;3162112;3103744;0;1;0;2;0;0;4;0;0;0;1;0;0.5;0;1
2019-06-27T15:52:00+02:00;12146000000;232597749760;4510208;4416000;0;2;0;1;7;0;7;0;0;0;1;0;1;0;1
2019-06-27T15:54:00+02:00;11652500000;232585691136;4124672;3783680;0;2.5;3.5;0.5;0;0;6.5;0;0;0.5;1;0;1;0;1
2019-06-27T15:56:00+02:00;12959500000;232585166848;4006400;3680768;0;3;3;0;0;0;6.5;0;0;3;2;0;0.5;0.5;1
2019-06-27T15:58:00+02:00;10891000000;232585166848;3731456;2666496;0;0.5;0;1.5;0;0;3.5;0;0.5;0;0;0;0.5;0;1
2019-06-27T16:00:00+02:00;14953500000;232586739712;3181568;3026432;0;13;0;6;0;1.5;18;0;4;6.5;6;0;11.5;2;1
2019-06-27T16:02:00+02:00;11152000000;232603516928;4442112;4241920;0;10;0;5;0;1.5;16.5;0;4;6;5.5;0;2;0;1
2019-06-27T16:04:00+02:00;12716000000;232562622464;3660288;3394560;0;3.5;1;2.5;0;4;7.5;0;0.5;0.5;1;0;2;0;1
2019-06-27T16:06:00+02:00;11178500000;232551088128;3551744;3707904;0;4;1;2.5;0;1.5;5;0;1;0;1;0;2;0;1
2019-06-27T16:08:00+02:00;16020000000;232554758144;3577344;11269632;0;1.5;0;1;0;0;8;0;1;0.5;1;0;1;0;1
2019-06-27T16:10:00+02:00;13298000000;232550039552;4945920;4622848;0;0;3;2;0;2;6;0;0;1;1;0;4;1.5;1
2019-06-27T16:12:00+02:00;10169500000;232673771520;3202048;2680832;0;1.5;1;2;0;0;15.5;0;11;1;5;0.5;3;1.5;1
2019-06-27T16:14:00+02:00;12385000000;232805367808;3849216;3534336;0;4;0;2;0;0;6.5;0;0;0;1.5;0;2.5;0;1
2019-06-27T16:16:00+02:00;12735000000;232822669312;3384320;2991104;0;3;1.5;0.5;0;5;7;0;3;2;3.5;0;11.5;3;1
2019-06-27T16:18:00+02:00;12854500000;232824242176;4513280;4260864;0;0;0;0;1.5;0;7;0;0.5;0.5;1;0;1;0;1
2019-06-27T16:20:00+02:00;10751000000;232822145024;3245056;4071424;0;0.5;0;1;1.5;0;3;0;0.5;0.5;1;0;1.5;0;1
2019-06-27T16:22:00+02:00;9607000000;232815329280;2816512;3147264;0;1;0;1;0;0;5;0;0.5;0;3;2;2;0;1
2019-06-27T16:24:00+02:00;7985000000;232819523584;3160064;2969600;0;0;0;1;0;0;6;0;0;0;0;0;1;0;1
2019-06-27T16:26:00+02:00;10755500000;232818999296;3054592;3130368;0;0.5;1;6;0;1;4.5;0;0.5;0.5;1;0;1.5;0;1
2019-06-27T16:28:00+02:00;8649500000;232817426432;2360832;2015744;0;0;0;0;0;0;6;0;0;1;1;1;1;0;1
2019-06-27T16:30:00+02:00;9224500000;232815329280;3319808;2887680;0.5;0.5;0;0.5;0;0;2.5;0;0;0;0.5;0;0.5;0;1
2019-06-27T16:32:00+02:00;9798500000;232819523584;2607616;2442240;0;4;2;3;0;3;6.5;0;2;9.5;5;0;2;6;1
2019-06-27T16:34:00+02:00;12220000000;232818999296;1680384;2377728;0;1.5;0;0.5;0;0;5.5;0;2;9.5;5;0.5;2;2;1
2019-06-27T16:36:00+02:00;8898000000;232824766464;3271680;2956288;0;3;0;1.5;0;1;4.5;0;0.5;0;1;0;2;1;1
2019-06-27T16:38:00+02:00;9345000000;232821096448;4000256;3946496;0;2;0.5;1;0;0;7;0;0;0;1;0;1;1;1
2019-06-27T16:40:00+02:00;8906000000;232821096448;3843072;3758080;0;2;1;0.5;1;0.5;5;0;0.5;0.5;1.5;0;0.5;0;1
2019-06-27T16:42:00+02:00;8481500000;232818999296;2856960;2961920;0;1.5;0;0;0;0;5;0;1;2;2;0;1;0.5;1
2019-06-27T16:44:00+02:00;7564500000;232818475008;2553856;2590720;0;4.5;0;0.5;0;0;4;0;0.5;0.5;1;0;0.5;1;1
2019-06-27T16:46:00+02:00;8467500000;232820572160;4692480;4441600;0;6;7;2;6;2;6;0;2.5;2.5;4.5;0;2.5;2;1
2019-06-27T16:48:00+02:00;8249000000;232821096448;2525184;2834432;0;3;0;1;0;4;4.5;0;0.5;0.5;1;0;1.5;1;1
2019-06-27T16:50:00+02:00;8393500000;234955472896;62425600;2751488;0;2;0;0;0;0;5;0;0.5;0;4.5;0;0.5;0.5;1
2019-06-27T16:52:00+02:00;12521000000;237081460736;3262464;3137536;0;2.5;0;6.5;0;0.5;7;0;0;0;1;0;0;3.5;1
2019-06-27T16:54:00+02:00;13108000000;237088800768;3319808;3365888;0;2.5;1.5;1.5;0;1;4.5;0;0;0.5;0.5;0;1.5;0.5;1
2019-06-27T16:56:00+02:00;12721500000;237089325056;2723328;3389440;0;8;0;0;0;0;4;0;0;0;1;0;0;1.5;1
2019-06-27T16:58:00+02:00;13120500000;237097713664;4808704;4172800;0;3.5;0;1.5;0;1;7.5;0;0;2;1.5;0.5;1;1.5;1
2019-06-27T17:00:00+02:00;14476500000;237097189376;3837440;3929088;0;0;0;0;0;0;9;0;2;2.5;9;0;6.5;5.5;1
2019-06-27T17:02:00+02:00;13007500000;237111345152;4788224;3630080;0;4.5;0;4;3.5;5;7.5;0;2;2.5;9;0;7.5;1;1
2019-06-27T17:04:00+02:00;11035000000;237090897920;4040704;5031424;0;5.5;0;0.5;0;0.5;9.5;0;0.5;6.5;3;0;1;4;1
2019-06-27T17:06:00+02:00;9077500000;237089849344;3697664;3780096;0;9;0;23;0;0;8;0;1.5;0.5;3;0;3;2;1
2019-06-27T17:08:00+02:00;10098500000;237094043648;4580352;4493312;0;4;0;0.5;1.5;0;2.5;0;0;0;0.5;0;0;1;1
2019-06-27T17:10:00+02:00;10237000000;237093519360;5158912;5393920;0;3;0;0;0;0;5;0;0;0;1;1;0;1.5;1
2019-06-27T17:12:00+02:00;7863000000;237092470784;4917760;4128768;0;7.5;0;0.5;0;0;6;0;1.5;2;4;0;2.5;1.5;1
2019-06-27T17:14:00+02:00;12281500000;237088276480;5227520;5316096;0;8;0;0;0;0;4;0;0;0;1.5;6;1;0.5;1
2019-06-27T17:16:00+02:00;10093500000;237097713664;5064704;4841472;0;1.5;0;1;0;0;4;0;0;0.5;0.5;6;1;1.5;1
2019-06-27T17:18:00+02:00;8974000000;237102956544;4704768;4454400;0;3;0;2;0;0.5;3.5;0;0.5;1.5;1.5;0;1;1.5;1
2019-06-27T17:20:00+02:00;9511000000;237098237952;7795200;7559680;0;4;2;0;0;0;4;0;0.5;1.5;1;0;0.5;1;1
2019-06-27T17:22:00+02:00;8633000000;237096665088;8653824;8461824;0;4.5;0;0;0;0;2.5;0;0;0;3;0;0.5;1;1
2019-06-27T17:24:00+02:00;9437000000;237105053696;7376896;7246848;0;3;0.5;0.5;1;0;3;0;0;0;1;0;1;0.5;1
2019-06-27T17:26:00+02:00;14134000000;237104529408;6772736;6747136;0;4.5;0;1.5;0;0;5.5;0;0;0;0.5;0;1;0.5;1
2019-06-27T17:28:00+02:00;7655500000;237114490880;6548480;6280192;0;3;2;0;0;0;6;0;0;0;1;0;0.5;0.5;1
2019-06-27T17:30:00+02:00;14158500000;237109772288;6914048;6528000;0;4;2.5;1;1.5;0;5;0;0;0;2;0;1;1;1
2019-06-27T17:32:00+02:00;12117000000;237107150848;16054272;7531008;0;2;0;0.5;0;1;5;0;1;1;1;0;3;0.5;1
2019-06-27T17:34:00+02:00;11366000000;237126025216;7553024;7795712;0;4;0;1;0;0;4.5;0;1;1;0.5;0;2;1;1
2019-06-27T17:36:00+02:00;10292000000;237126549504;7275008;7200256;0;9;1;9.5;0;0;8;0;1.5;0.5;2;0;1;1.5;1
2019-06-27T17:38:00+02:00;9160500000;237123928064;7306240;7236096;0;6;1;1;0;0;12;0;1;0;2;1;3;4.5;1
2019-06-27T17:40:00+02:00;10170500000;237132840960;8330752;9061888;0;3;0;11.5;0;0;6.5;0;6;2;3.5;2;5;4;1
2019-06-27T17:42:00+02:00;9364000000;237127598080;7319552;9170432;0;5;3;10;0;2;4.5;0;0;0;1;0;2;0.5;1
2019-06-27T17:44:00+02:00;11608000000;237125500928;6345728;6392832;0;1.5;0.5;3.5;0;0;4;0;0;0.5;1;1;2;1;1
2019-06-27T17:46:00+02:00;8372000000;237124452352;6801920;6843904;0;3;0;1;1;1.5;4;0;0.5;1;2.5;0.5;1.5;2;1
2019-06-27T17:48:00+02:00;12129500000;237131792384;7502848;6966784;0;8.5;0;2.5;0;0;4.5;0;0.5;1;2;0;4;1;1
2019-06-27T17:50:00+02:00;9185500000;237128646656;7625728;7524864;0;2.5;0.5;1;1;0;5.5;0;1.5;0;4.5;0;7.5;1.5;1
2019-06-27T17:52:00+02:00;12698500000;237130743808;9753600;9594368;0;6;3.5;1;1;0;17;0;1;4;2;0;3;1;1
2019-06-27T17:54:00+02:00;13786000000;237133889536;8597504;8347648;0;5;0;2;0;0;9.5;0;0.5;0.5;1;0;1;0;1
2019-06-27T17:56:00+02:00;11532000000;237135462400;9251840;8984064;0;5;0;1;0;0;5;0;1;1;1;0;0.5;0.5;1
2019-06-27T17:58:00+02:00;14501000000;237136510976;6695936;6870016;0;5.5;0;2.5;0;0;6.5;0;0;0.5;1;0.5;0.5;0;1
2019-06-27T18:00:00+02:00;13729500000;237140180992;8922112;8575488;0;5;33;1;0;0;12.5;0;5;9.5;10.5;0;7.5;7.5;1
2019-06-27T18:02:00+02:00;15760000000;237160103936;6009856;5731328;0;13.5;0;0.5;0;1;11.5;0;4;3;8.5;0;6.5;1;1
2019-06-27T18:04:00+02:00;12038000000;237138083840;8287232;8343552;0;1.5;1;2.5;0;2;5;0;0;0;1.5;0;1;1;1
2019-06-27T18:06:00+02:00;14845500000;237153288192;8729088;11429888;0;5;0.5;2;0;0;11;0;2.5;2;6;0;7;3;1
2019-06-27T18:08:00+02:00;12952500000;237157482496;8910848;17751040;0;4.5;6.5;1.5;0;2.5;5;0;0;0;1;0;1;0;1
2019-06-27T18:10:00+02:00;12318000000;237151715328;9939456;20599296;0;5;5.5;1.5;0;2.5;5;0;1;1;1;0;1;1;1
2019-06-27T18:12:00+02:00;11716000000;237146996736;9126912;18228736;0;12.5;0;3;3;0;10;0;2;2;3.5;1;6;1.5;1
2019-06-27T18:14:00+02:00;11154000000;237149618176;7655936;30051840;0;5;0;0;0;2;5;0;1;0;1.5;1.5;2;1;1
2019-06-27T18:16:00+02:00;13726000000;237150666752;6549504;15935488;0;5.5;0;0;0;1.5;4;0;1;0;1.5;1.5;1;0.5;1
2019-06-27T18:18:00+02:00;10448000000;237129170944;7487488;18469888;0;3;1;1;0;1;3.5;0;0.5;0.5;1.5;0;0.5;0;1
2019-06-27T18:20:00+02:00;12563500000;237116063744;6341632;5825536;0;3.5;0;1;0;0.5;2.5;0;0.5;0;1.5;0;1;0;1
2019-06-27T18:22:00+02:00;12586500000;237111869440;6908928;7014912;0;4.5;0;5;0;0;5.5;0;0;0;1;0;1;0.5;1
2019-06-27T18:24:00+02:00;12590500000;237107150848;11038720;7197184;0;3.5;0;0.5;0;0;1;0;2;2.5;19;0;19;2;1
2019-06-27T18:26:00+02:00;12242000000;237112918016;7551488;7500288;0;5;0;0.5;0;0;4;0;0;0.5;1;0;3;0;1
2019-06-27T18:28:00+02:00;13419000000;237114490880;7228416;6987264;0;2.5;0;1.5;0;0.5;6;0;0;0;1;0;2;0.5;1
2019-06-27T18:30:00+02:00;12322500000;237113442304;8244224;8485376;0;4;1;1;0;1;5;0;0;0.5;1;0.5;2;0.5;1
2019-06-27T18:32:00+02:00;11549500000;237110820864;6523392;6569472;0;7;0;0;0;0;4.5;0;0;0;0.5;5;0;0;1
2019-06-27T18:34:00+02:00;12554500000;237110820864;7641088;7097344;0;3;0;1;0;0;5;0;0;0;1.5;0;0.5;0;1
2019-06-27T18:36:00+02:00;10791500000;237112393728;6278144;6168064;0;6;0;0;0;0;6;0;0;0;1;0;0.5;0;1
2019-06-27T18:38:00+02:00;13955000000;237111869440;5530624;4917248;0;5;0.5;0.5;0;0;6;0;0;0;1.5;0;1;0;1
2019-06-27T18:40:00+02:00;12419500000;237113442304;6856192;6794240;0;3.5;1;1;3;2;4;0;0;0;1.5;0;0;0.5;1
2019-06-27T18:42:00+02:00;11835000000;237116588032;7708672;7140864;0;4;0;1;0;0;11;0;0;0;1;2;0;0;1
2019-06-27T18:44:00+02:00;11903000000;237110296576;6893568;6618624;0;4.5;0;1;23;0;5;0;2;26.5;4.5;114;2;7.5;1
2019-06-27T18:46:00+02:00;12358500000;237114490880;6451712;6422016;0;6.5;0;1.5;23;1.5;14;0;2;2;6;0;2;1;1
2019-06-27T18:48:00+02:00;13663500000;237113442304;6930432;6746624;0;4.5;0;0.5;0;0;5;0;0.5;0;1.5;0;1;0.5;1
2019-06-27T18:50:00+02:00;11826500000;237113442304;9430528;9904128;0;2;2;1;0;0;15.5;0;1;1;3;0;2;1.5;1
2019-06-27T18:52:00+02:00;13291000000;237113966592;9051136;8813568;0;6.5;1.5;1;0;1;15.5;0;1;1;3;0;2;2;1
2019-06-27T18:54:00+02:00;11958500000;237110820864;9653248;9617408;0;0;0;1;0;2;5;0;0;0.5;1;0;1;0;1
2019-06-27T18:56:00+02:00;13606500000;237111869440;9824256;9155584;0;4;0;2;0;4.5;6.5;0;1;0.5;2;0.5;2;2;1
2019-06-27T18:58:00+02:00;11137000000;237107675136;8319488;8848384;0;4;17;1;150.5;3;13;0;2;20.5;3.5;114.5;2.5;1;1
2019-06-27T19:00:00+02:00;13619000000;237122879488;9320960;8897024;0;4.5;15.5;0;150.5;0;6;0;0;3;0;0;0;0;1
2019-06-27T19:02:00+02:00;15844500000;237126025216;9424384;9056256;0;8;1;3.5;2;1.5;3.5;0;5;5.5;3;5;9.5;11.5;1
2019-06-27T19:04:00+02:00;12955500000;237115015168;6848000;7449600;0;2;0;0.5;0;0;4;0;0;0;1;0;0;0.5;1
2019-06-27T19:06:00+02:00;11103000000;237119733760;6521856;7053312;0;1.5;0;0;3;0;4;0;0;0;1.5;0;2;0.5;1
2019-06-27T19:08:00+02:00;10548000000;237114490880;6901760;7226880;0;5;0;1;0;0;5.5;0;1;0;1;1;0.5;0;1
2019-06-27T19:10:00+02:00;11469000000;237117112320;5783552;8643584;0;5;0;1;0;0;5.5;0;0;0;1.5;1;0;1.5;1
2019-06-27T19:12:00+02:00;9042500000;237116063744;5792768;5683712;0;4;0;0;0;0;2.5;0;0;0.5;1;0;0.5;0.5;1
2019-06-27T19:14:00+02:00;10157000000;237116588032;7001088;6501376;0;3.5;0;1;0;3;3.5;0;0;0;1;0;0.5;1;1
2019-06-27T19:16:00+02:00;9872000000;237115539456;7632896;7493632;0;4.5;1.5;0;0;1;4.5;0;0.5;24;1.5;0;1.5;1.5;1
2019-06-27T19:18:00+02:00;9946000000;237113966592;5324800;4998144;0;2;0;0.5;0;1;7;0;0;0;1;0;2;1;1
2019-06-27T19:20:00+02:00;10264500000;237117636608;6991360;5072896;0;7;1.5;0.5;0;0;3;0;1;0.5;1;1.5;1.5;0.5;1
2019-06-27T19:22:00+02:00;8995000000;237107150848;6057984;6245376;0;6.5;0;2;0;0;6;0;0;0;1;0;1;0;1
2019-06-27T19:24:00+02:00;9166000000;237110296576;4998144;4656128;0;2.5;1;2;0;0.5;3.5;0;0;0;1;0;1;0.5;1
2019-06-27T19:26:00+02:00;8538500000;237112393728;5765120;5651456;null;null;null;null;null;null;2;0;0;0;1;1;0;0;1
2019-06-27T19:28:00+02:00;10559500000;237108723712;5141504;4768768;0;0;0;0;1.5;0;3;0;0;0;1;0.5;0.5;0;1
2019-06-27T19:30:00+02:00;11163000000;237113442304;4261376;4099584;0;2;0;8;0;3;7.5;0;4.5;3;4.5;1;6.5;2.5;1
2019-06-27T19:32:00+02:00;10206500000;237111869440;4843008;4820480;0;0.5;0.5;6.5;0;1;5;0;4.5;0;1;0;0;1;1
2019-06-27T19:34:00+02:00;9997000000;237109248000;4665856;4687360;0;0;0;0.5;1.5;0;3;0;1;1;1;0;0.5;0;1
2019-06-27T19:36:00+02:00;12108000000;240713728000;66605568;5402112;0;1;1.5;2;0;0;6;0;3;1;3;0;8;9;1
2019-06-27T19:38:00+02:00;10038000000;242652020736;5126144;5518336;0;2;0;1;0;0;4.5;0;2.5;14.5;2.5;3.5;4.5;8;1
2019-06-27T19:40:00+02:00;9204000000;242643107840;10023424;4616192;0;5;0;2;0;0;3.5;0;2.5;1;1;0;2;0.5;1
2019-06-27T19:42:00+02:00;10716500000;242626330624;5037056;4637696;0;2;0.5;0;0.5;0;5.5;0;0.5;0;1;6.5;2;0;1
2019-06-27T19:44:00+02:00;10018000000;242613223424;2763264;2705920;0;1;0;0.5;0;0;5.5;0;0;5;1;0;0.5;1.5;1
2019-06-27T19:46:00+02:00;9772500000;242609029120;4417024;4204032;0.5;1;1;18;0;2.5;11;0;2;3;9;0;8;4;1
2019-06-27T19:48:00+02:00;10797500000;242593824768;5484032;5377024;0;2;0.5;1;0;0;2;0;0;0;1;0;1;0;1
2019-06-27T19:50:00+02:00;9514500000;242591203328;3837952;3825664;0;1.5;0;1;0;0;5;0;0;0;1;0;1;36.5;1
2019-06-27T19:52:00+02:00;10917000000;242583863296;4470784;4406272;0;6.5;0.5;0.5;0;1.5;8.5;0;1.5;2;4.5;0;1.5;36.5;1
2019-06-27T19:54:00+02:00;9242000000;242569183232;6104576;5807616;0;4;6;0;0;0;6;0;0.5;1;1.5;0;0.5;0.5;1
2019-06-27T19:56:00+02:00;11238000000;242553454592;6226944;5854208;0;2;0;1;0;2;9;0;1;2;9.5;3;4;1;1
2019-06-27T19:58:00+02:00;8685000000;242529337344;5603840;5434880;0;2;0;1;0;0;4;0;0;0;0.5;0.5;0.5;0;1
2019-06-27T20:00:00+02:00;10256500000;242543493120;6383104;6021632;0;3.5;0;0.5;0;0;5;0;0;0;1;0;0;0;1
2019-06-27T20:02:00+02:00;14482000000;242538774528;6135296;6118912;0;4.5;0;0;0;3;3.5;0;1;3;5;4.5;3;0.5;1
2019-06-27T20:04:00+02:00;14511500000;242514657280;7328256;7216640;0;2;0;0;0;0;5;0;0;0;1;0;1;1.5;1
2019-06-27T20:06:00+02:00;12430500000;242523045888;7350272;7327744;0;1.5;0;1;0;0;6;0;1.5;0;1.5;0;5.5;1.5;1
2019-06-27T20:08:00+02:00;11045000000;242524618752;6184960;6339072;0;1;2;2;0;2;5.5;0;0;3.5;1.5;0;2;0.5;1
2019-06-27T20:10:00+02:00;12062000000;242533007360;6746112;6450176;1;5.5;0;0.5;0;0;5.5;0;0;3.5;1.5;0;2;0;1
2019-06-27T20:12:00+02:00;9851000000;242526715904;6562304;6888448;0;2;0;0;0;2.5;5;0;0;0;0.5;0.5;1.5;0;1
2019-06-27T20:14:00+02:00;12136000000;242532483072;6226432;5844992;0;2.5;0;0;0;2.5;5;0;0;1;1;0;1;0;1
2019-06-27T20:16:00+02:00;14158500000;242551357440;6048256;5990912;0;2;0;0.5;0;0;5;0;0.5;0.5;1.5;0;1;0;1
2019-06-27T20:18:00+02:00;10205500000;242546638848;6175232;5944832;0;1;0;1;0;0;3;0;0;0;1;0;1;0;1
2019-06-27T20:20:00+02:00;12537000000;242544017408;5388288;5242880;0;2.5;0;1.5;0;0;5;0;0;1;1;0;0;0;1
2019-06-27T20:22:00+02:00;9234000000;242542444544;5846016;5861888;0;0;0;0;0;0;4.5;0;0;0;0.5;0;1;0;1
2019-06-27T20:24:00+02:00;11141500000;242544017408;5889024;6112256;0;2.5;0;0.5;0;0;6.5;0;0;0;0.5;0;1;0;1
2019-06-27T20:26:00+02:00;9441500000;242543493120;5523456;5458432;0;4;1;1;1.5;1;4.5;0;0;0;1.5;0.5;1.5;0;1
2019-06-27T20:28:00+02:00;12596000000;242540871680;6758912;6500352;0;4;0;1;0;0;7;0;1;0;1;0;0;0;1
2019-06-27T20:30:00+02:00;11397000000;242547163136;6830080;6900736;0;4;0;1;0;1;4;0;0;0;1;0;0;0;1
2019-06-27T20:32:00+02:00;9673500000;242551357440;6528000;6317568;0;5;0;0;0;2;3;0;0;0;2;0;0;0;1
2019-06-27T20:34:00+02:00;10216000000;242561843200;18472960;19023872;2;3.5;1;1;0;1;6;1.5;0;0;1;5.5;0;0;1
2019-06-27T20:36:00+02:00;10063000000;242550833152;6022144;5637120;0;3;0;1;0;0;3.5;0;0;0.5;1.5;0;0.5;0;1
2019-06-27T20:38:00+02:00;9812500000;242561843200;4812800;5182464;0;2;0;0;1;0;4;0;0;0.5;1;0;1;0;1
2019-06-27T20:40:00+02:00;10796500000;242552406016;3523072;3550720;0;1.5;0.5;1;0;2.5;4.5;0;0.5;2;1.5;1.5;1.5;0.5;1
2019-06-27T20:42:00+02:00;10368500000;242551881728;5280256;5075968;0;2;0.5;0.5;0;0;5;0;0;0;2;0;0;0;1
2019-06-27T20:44:00+02:00;10168500000;242558173184;4472832;4516864;0;1.5;0;1;0;0;5;0;0;0;1.5;0;0.5;0;1
2019-06-27T20:46:00+02:00;9580500000;242562367488;4256256;3862016;0;0.5;0;5;0;0;5;0;4;2;1;1;3;0.5;1
2019-06-27T20:48:00+02:00;9783500000;242556076032;3820544;4496384;0;3.5;0;0.5;0;0;4.5;0;0;0;1;0;2;0;1
2019-06-27T20:50:00+02:00;9746000000;242560794624;4426240;5063680;0;3;0;1;0;0;5;0;3;1.5;2.5;0;1.5;0;1
2019-06-27T20:52:00+02:00;10718000000;242557124608;5203968;5225472;0;2;1;1;0;0;5;0;3;1.5;2.5;0;2;0;1
2019-06-27T20:54:00+02:00;8512500000;242558173184;5401600;5495808;0;3.5;0.5;0;4;2;6;0;0;0.5;1;0;1;0;1
2019-06-27T20:56:00+02:00;15657000000;242562367488;6926848;6862848;0;3;1;1;0;2;3;0;1;0.5;4;0;2;1;1
2019-06-27T20:58:00+02:00;9449500000;242558697472;5623808;5635584;0;3;0;0.5;0;0;3.5;0;0;0;2;0;1;0;1
2019-06-27T21:00:00+02:00;10204000000;242563416064;6082048;5997056;0;3;0;1;1;0;5;0;0;0;0;0;0;1.5;1
2019-06-27T21:02:00+02:00;16898500000;242580193280;7047680;7180288;0;4;0;1.5;0;0.5;41.5;0;2.5;2.5;4;3.5;4.5;1.5;1
2019-06-27T21:04:00+02:00;13113500000;242597494784;6619648;7576064;0;1;0;1;0;0;7;0;0;0;2;0;2;0;1
2019-06-27T21:06:00+02:00;13739500000;242652545024;10553344;11883520;2;8;1;1;1;0;9;0.5;1;1.5;2;0;2;1;1
2019-06-27T21:08:00+02:00;9780500000;242599591936;5385728;7419904;0;1;0;1;0;0;5.5;0;0.5;0.5;2.5;0;3;0;1
2019-06-27T21:10:00+02:00;11964000000;242602737664;6739968;8445952;0;28;3.5;5.5;0;2.5;17;0;4;2;7;6;5;4;1
2019-06-27T21:12:00+02:00;9728000000;242601689088;4102656;5662720;0;4.5;0;1;0;4.5;4.5;0;0;1;1.5;0;1;0;1
2019-06-27T21:14:00+02:00;11445500000;242596970496;4799488;6633984;0;4;0.5;0.5;0;4.5;6;0;0;0;1;0;1;0;1
2019-06-27T21:16:00+02:00;10575500000;242607980544;4849664;7565312;0;6;0;0;0;0;6;0;0;0;1;0;0;0;1
2019-06-27T21:18:00+02:00;10414000000;242599067648;5129216;7603712;0;6;9;1;0;1.5;3;0;0;1;2;0;2;0;1
2019-06-27T21:20:00+02:00;11130000000;242616369152;5755392;8263168;0;4;0;1.5;0;0;5;0;0.5;0;2;0;1.5;0;1
2019-06-27T21:22:00+02:00;11970000000;242616369152;5988864;8009216;0;3;0;1;0;0;6;0;0;0;1;0;0;0;1
2019-06-27T21:24:00+02:00;12211500000;242612174848;3780608;11405312;0;3.5;0;1;0;0;6;0;0.5;0.5;2;0.5;1;0;1
2019-06-27T21:26:00+02:00;8962000000;242613223424;5467136;5275648;0;2;0;0;0;0;5.5;0;0;0.5;2;0.5;2.5;0;1
2019-06-27T21:28:00+02:00;10178000000;242604834816;5884928;5909504;0;5;0;0;1.5;0;5.5;0;0;0;1.5;0.5;1;0;1
2019-06-27T21:30:00+02:00;11140500000;242617942016;4477952;4958208;0;4.5;0;6;0;2.5;21.5;0;5.5;0.5;5;1.5;13.5;3.5;1
2019-06-27T21:32:00+02:00;11087500000;242605883392;5825024;8852992;0;4.5;0;6.5;0;2.5;9;0;1;4;2;0;4;0.5;1
2019-06-27T21:34:00+02:00;13132500000;242614796288;6430720;7823360;0;4;0;4;0;1;5;0;0;0.5;1.5;0;0.5;0;1
2019-06-27T21:36:00+02:00;8615000000;242624233472;5900800;6401024;0;3;4;2;0;0;7;0;4;3;14;0;2.5;1;1
2019-06-27T21:38:00+02:00;10185500000;242616893440;4875264;5873664;0;2;0;0.5;0;0;3;0;0;0;1;0;2.5;0;1
2019-06-27T21:40:00+02:00;10326000000;242623184896;5966848;6713856;0;0;4;2;0;5;4.5;0;1;1.5;1.5;1.5;1.5;0.5;1
2019-06-27T21:42:00+02:00;11452500000;242617417728;4935680;8596480;0;1.5;0;0.5;0;0;4.5;0;1;0.5;1.5;1.5;1.5;0;1
2019-06-27T21:44:00+02:00;10232000000;242612174848;5769216;8813568;0;7.5;1;1;0;5;4;0;1;0.5;1.5;0;0.5;0;1
2019-06-27T21:46:00+02:00;11098000000;242623709184;5178880;4985856;0;14;2;0.5;0;5;23;0;6;13;11;7;16;3.5;1
2019-06-27T21:48:00+02:00;10455000000;242622136320;5666304;5774848;0;5;0;0.5;0;0;6;0;0;0;1.5;0;1;0;1
2019-06-27T21:50:00+02:00;9739500000;242633670656;8452608;8269312;0;5;0;1;0;0;12;0;0;0;1;0;6;0.5;1
2019-06-27T21:52:00+02:00;13457000000;242622660608;8406016;8673280;0;11.5;0;2.5;0;0;12;0;1;3.5;2.5;0;7;0.5;1
2019-06-27T21:54:00+02:00;11795000000;242627903488;8414720;8646144;0;1;1;1;6;0;6;0;0;0;1.5;0;1;0;1
2019-06-27T21:56:00+02:00;10924000000;242628952064;7231488;8224768;0;9;0;1;0;2;6.5;0;1;1;11.5;1;2;1;1
2019-06-27T21:58:00+02:00;9648000000;242626854912;8910336;9104896;0;5.5;0;0;0;0;4.5;0;0;0;0.5;0;0.5;0;1
2019-06-27T22:00:00+02:00;12208000000;242638913536;8253952;8037888;0;4;0;0.5;0;0;4;0;1;0;0;0;0;1.5;1
2019-06-27T22:02:00+02:00;17640500000;242639437824;7980032;7941120;0;25;2.5;2;0;3.5;9.5;0;2.5;7;5.5;8;5.5;1.5;1
2019-06-27T22:04:00+02:00;11550000000;242652545024;7554048;7268864;0;3.5;0;1;0;0;6;0;2;3;1;0;3;1;1
2019-06-27T22:06:00+02:00;12587500000;242652545024;8381440;8487936;0;3.5;2;0;0;0;5.5;0;0.5;1;1;0;1;0;1
2019-06-27T22:08:00+02:00;8883500000;242655690752;7183872;6615552;0;3;0;0;0;0;6;0;0;0.5;1;0;1;0;1
2019-06-27T22:10:00+02:00;12011500000;242635767808;6288384;6294528;0;6;0;0;1;0;5;0;0;0.5;1;0;1;0;1
2019-06-27T22:12:00+02:00;9941000000;242621087744;5859840;5969920;0;2;0;0;0;2;4.5;0;0;0.5;1;0.5;0.5;0;1
2019-06-27T22:14:00+02:00;12353500000;242617417728;6952960;6765568;0;2;0;0.5;0;2;4;0;0;1;1;0.5;1;0;1
2019-06-27T22:16:00+02:00;12123500000;242620039168;6867456;6650368;0;1.5;0;1.5;1;0;8;0;2.5;1;2.5;0.5;3;1.5;1
2019-06-27T22:18:00+02:00;12526500000;242624233472;7254528;7034368;0;0.5;0;1.5;0.5;1;5;0;1;0;2;6;1;1;1
2019-06-27T22:20:00+02:00;12104500000;242640486400;7259648;7045632;0;1.5;0;2;0.5;1;5.5;0;1.5;1.5;2.5;2;2.5;1.5;1
2019-06-27T22:22:00+02:00;9773500000;242622136320;7783936;7698944;0;0;0;0;0;0;5.5;0;1;0;2.5;3;1;0.5;1
2019-06-27T22:24:00+02:00;11555500000;242616893440;6933504;7296000;0;5;0;0;0;0;4.5;0;0;2;2;3;1;0;1
2019-06-27T22:26:00+02:00;10840000000;242623184896;7326720;6850560;0;4;0;0.5;0;0;5.5;0;0;0.5;1;0;1;0;1
2019-06-27T22:28:00+02:00;12828000000;242616369152;6991360;7074304;0;3.5;1;1;0;1;6.5;0;0;0;1;0;0;0;1
2019-06-27T22:30:00+02:00;11243000000;242611650560;7111168;7191040;0;0;0.5;1;0;2;7.5;0;2;14;3;0;2;3;1
2019-06-27T22:32:00+02:00;12202500000;242606931968;7488000;7132672;0;1;0.5;1.5;1.5;1.5;6;0;0;0;3;0;1;0;1
2019-06-27T22:34:00+02:00;10464000000;242604310528;7169024;7313920;0;2.5;0;0;0;0;6.5;0;0;0;1;0;0.5;0;1
2019-06-27T22:36:00+02:00;9806500000;242614796288;5836288;5522432;0;8;0;2;0;0;7;0;1;1;6.5;0;0.5;0.5;1
2019-06-27T22:38:00+02:00;10123500000;242612174848;6304768;6639616;0;3;0;0.5;0;0;4;0;0;0.5;1;0;0;0;1
2019-06-27T22:40:00+02:00;9009000000;242620039168;6227456;5776896;0;3.5;0;0;0;2;7;0;0.5;0.5;1;2.5;1.5;0.5;1
2019-06-27T22:42:00+02:00;9734500000;242602737664;5254656;5448704;0;3.5;0.5;0.5;0;0;7;0;1;1;1;0;0;1;1
2019-06-27T22:44:00+02:00;9010500000;242630524928;5695488;5777920;0;2.5;1;1.5;0;1;4.5;0;0;0;1;1;1;0;1
2019-06-27T22:46:00+02:00;10493000000;242631049216;6297600;5895168;0;4;1;1.5;0;10;1;0;2;5;13;2;4;1;1
2019-06-27T22:48:00+02:00;10005000000;242630000640;6259712;6578176;0;0;0;1;0;0;5.5;0;0;0;1;0;1;0;1
2019-06-27T22:50:00+02:00;9660000000;242646777856;5927424;5768192;0;5;0;0;0;2;7;0;0.5;0;2;0;1;0.5;1
2019-06-27T22:52:00+02:00;9694000000;242629476352;5088256;5465088;0;2;0;0.5;0;0;7.5;0;0.5;0;2;0;1;0;1
2019-06-27T22:54:00+02:00;12341500000;242635243520;5441024;5009408;0;1.5;0;2.5;1.5;2;5;0;0;0;0.5;0.5;1;0;1
2019-06-27T22:56:00+02:00;11188500000;242643107840;5007360;5037568;0;7;0;12.5;0;2;7;0;1;4;2;0;3;1;1
2019-06-27T22:58:00+02:00;10863500000;242646777856;5964800;5966848;0;2.5;0;0;0;0;5.5;0;0;0.5;2;0;2.5;0;1
2019-06-27T23:00:00+02:00;13586500000;242650447872;5872128;5690368;0;1.5;1;0;0;0;3;0;0;0;2;0;1;0.5;1
2019-06-27T23:02:00+02:00;14450500000;242638913536;5170176;5080064;0;5;1.5;0.5;0;0.5;30;0;1.5;5;3;0;4;0.5;1
2019-06-27T23:04:00+02:00;13078500000;242612699136;5300736;5176320;0;4;0;0;0;2;7;0;0;0;1.5;0;1;1;1
2019-06-27T23:06:00+02:00;11952500000;242599067648;5590016;5821440;0;0.5;3;3;0;1;7.5;0;1.5;1.5;2.5;0;1.5;2;1
2019-06-27T23:08:00+02:00;8860500000;242595397632;5864448;5641728;0;1;0;0.5;0;0;4.5;0;0;0;1.5;0;1.5;0;1
2019-06-27T23:10:00+02:00;13952000000;242596970496;5980160;5893632;0;1;4.5;1.5;0;0;4;0;0;2.5;1;0;0;0;1
2019-06-27T23:12:00+02:00;9419500000;242600640512;5549568;5356544;0;3.5;0;2;0;0.5;9;0;1.5;0.5;2.5;0;3;1;1
2019-06-27T23:14:00+02:00;11794000000;242607980544;3095552;2988544;0;3;0;1.5;0;0;6;0;0;0;1;0;1;0;1
2019-06-27T23:16:00+02:00;9939500000;242600116224;3476480;3522560;0;1.5;1.5;1;1;0;3;0;0;0;1;0;0.5;0;1
2019-06-27T23:18:00+02:00;9607000000;242606931968;4897280;25553920;0;0;0;1;0;0;5;0;0;0;1;0;0;0;1
2019-06-27T23:20:00+02:00;10491000000;242612174848;3923968;45114368;0;1.5;0;0;0;0;6;0;0;1.5;1.5;0;1.5;0;1
2019-06-27T23:22:00+02:00;10020000000;242617942016;6835200;37708288;0;1;0;0;0;0;16.5;0;1.5;12.5;3.5;0;1;2;1
2019-06-27T23:24:00+02:00;11738500000;242595921920;7216128;46393344;0;1;2;1;0;0;14;0;1;13;2;0;0.5;0;1
2019-06-27T23:26:00+02:00;10439000000;242596446208;6384128;48875520;0;5.5;1.5;0;0;0;8;0;0.5;0;1.5;0;3;0;1
2019-06-27T23:28:00+02:00;11064500000;242588057600;5755392;22627328;0;3.5;0.5;0;0;1;6;0;0.5;0;2;0;1;0;1
2019-06-27T23:30:00+02:00;9943000000;242609029120;19953664;19707392;4;3;0;1;0;0;6;3;0.5;2;1;0;2;0;1
2019-06-27T23:32:00+02:00;10926500000;242575998976;5015040;4722688;1;4.5;0;0.5;0;0;5;0;0;0;1;0;0;0;1
2019-06-27T23:34:00+02:00;9887500000;242570756096;4040192;3878400;0;0.5;0.5;0;0;0.5;5.5;0;0;0;1;0;0.5;0;1
2019-06-27T23:36:00+02:00;9493000000;242565513216;5869056;5539840;0;3;0;0;0;0;6.5;0;2;0;1.5;0;3.5;0;1
2019-06-27T23:38:00+02:00;10027000000;242580193280;4983808;5261312;0;0;0.5;1.5;0;0;4.5;0;0;0;1;0;1;0;1
2019-06-27T23:40:00+02:00;10150000000;242580717568;4358144;4161536;0;5;0;1;0;4;7;0;0.5;0;0.5;1;1.5;0;1
2019-06-27T23:42:00+02:00;11360500000;242582290432;4164608;4096000;0;6;0;1;1.5;0;7;0;0.5;0;1;1;1.5;0;1
2019-06-27T23:44:00+02:00;8908000000;242576523264;3315200;2727424;0;2;0;0;0;0;5.5;0;0.5;0;2;0;3;0.5;1
2019-06-27T23:46:00+02:00;11475500000;242579144704;4465152;4380672;0;3;2;0.5;0;0;17;0;2;5;3;4;3;1;1
2019-06-27T23:48:00+02:00;10213000000;242577047552;3665920;3767296;0;1.5;0;0.5;0;0;6;0;0;0.5;1;0;0.5;0;1
2019-06-27T23:50:00+02:00;9541000000;242583863296;5130752;4530688;0;1.5;0;0;0;0;6;0;0;0;0;0;0;2;1
2019-06-27T23:52:00+02:00;11713500000;242596446208;3625984;3871744;0;0.5;0;1;0;0;7;0;3.5;1.5;2;0;3.5;2.5;1
2019-06-27T23:54:00+02:00;10060000000;242594873344;4427776;4008960;0;4;0;3;0;0;3.5;0;0.5;0;5;0;0.5;0.5;1
2019-06-27T23:56:00+02:00;11228500000;242603261952;2803712;2731008;0;0.5;0;1.5;0;3;13.5;0;2.5;40.5;4.5;3;2;3;1
2019-06-27T23:58:00+02:00;10395500000;242598543360;3581952;3801088;0;3;0;0;0;0;6;0;1.5;0.5;2.5;3;3;1.5;1
