Time;Free disk space on C:\
2019-05-15T09:06:50+02:00;14307790848
2019-05-15T09:44:50+02:00;14307790848
2019-05-15T09:45:50+02:00;14307790848
2019-05-15T09:46:50+02:00;14307790848
2019-05-15T09:47:50+02:00;14307790848
2019-05-15T09:48:50+02:00;14307790848
2019-05-15T09:49:50+02:00;14307790848
2019-05-15T09:50:50+02:00;14307790848
2019-05-15T09:51:50+02:00;14307790848
2019-05-15T09:52:50+02:00;14307790848
2019-05-15T09:53:50+02:00;14307790848
2019-05-15T09:54:50+02:00;14307790848
2019-05-15T09:55:50+02:00;14307790848
2019-05-15T09:56:50+02:00;14307790848
2019-05-15T09:57:50+02:00;14307790848
2019-05-15T09:58:50+02:00;14307790848
2019-05-15T09:59:50+02:00;14307790848
2019-05-15T10:00:50+02:00;14307790848
2019-05-15T10:01:50+02:00;14307790848
2019-05-15T10:02:50+02:00;14307790848
2019-05-15T10:03:50+02:00;14307790848
2019-05-15T10:04:50+02:00;14307790848
2019-05-15T10:05:51+02:00;14307790848
2019-05-15T10:06:50+02:00;14307790848
2019-05-15T10:07:50+02:00;14307790848
2019-05-15T10:08:50+02:00;14307790848
2019-05-15T10:09:50+02:00;14307790848
2019-05-15T10:10:50+02:00;14307790848
2019-05-15T10:11:50+02:00;14307790848
2019-05-15T10:12:50+02:00;14307790848
2019-05-15T10:14:50+02:00;14307790848
2019-05-15T10:15:50+02:00;14307790848
2019-05-15T10:16:50+02:00;14307790848
2019-05-15T10:17:50+02:00;14307790848
2019-05-15T10:18:50+02:00;14307790848
2019-05-15T10:19:50+02:00;14307790848
2019-05-15T10:20:50+02:00;14307790848
2019-05-15T10:21:50+02:00;14307790848
2019-05-15T10:22:50+02:00;14307790848
2019-05-15T10:23:50+02:00;14307790848
2019-05-15T10:24:50+02:00;14307790848
2019-05-15T10:25:50+02:00;14307790848
2019-05-15T10:26:50+02:00;14307790848
2019-05-15T10:27:50+02:00;14307790848
2019-05-15T10:28:50+02:00;14307790848
2019-05-15T10:29:50+02:00;14307790848
2019-05-15T10:30:50+02:00;14307790848
2019-05-15T10:31:50+02:00;14307790848
2019-05-15T10:32:50+02:00;14307790848
2019-05-15T10:33:50+02:00;14307790848
2019-05-15T10:34:50+02:00;14307790848
2019-05-15T10:35:50+02:00;14307790848
2019-05-15T10:36:50+02:00;14307790848
2019-05-15T10:37:50+02:00;14307790848
2019-05-15T10:38:50+02:00;14307790848
2019-05-15T10:40:50+02:00;14307790848
2019-05-15T10:41:50+02:00;14307790848
2019-05-15T10:42:50+02:00;14307790848
2019-05-15T10:43:50+02:00;14307790848
2019-05-15T10:44:50+02:00;14307790848
2019-05-15T10:45:50+02:00;14307790848
2019-05-15T10:46:51+02:00;14307790848
2019-05-15T10:47:50+02:00;14307790848
2019-05-15T10:48:50+02:00;14307790848
2019-05-15T10:49:50+02:00;14307790848
2019-05-15T10:50:50+02:00;14307790848
2019-05-15T10:51:50+02:00;14307790848
2019-05-15T10:52:50+02:00;14307790848
2019-05-15T10:53:50+02:00;14307790848
2019-05-15T10:54:50+02:00;14307790848
2019-05-15T10:55:50+02:00;14307790848
2019-05-15T10:56:50+02:00;14307790848
2019-05-15T10:57:50+02:00;14307790848
2019-05-15T10:58:50+02:00;14307790848
2019-05-15T10:59:50+02:00;14307790848
2019-05-15T11:00:50+02:00;14307790848
2019-05-15T11:01:50+02:00;14307790848
2019-05-15T11:02:50+02:00;14307790848
2019-05-15T11:03:50+02:00;14307790848
2019-05-15T11:04:50+02:00;14307790848
2019-05-15T11:05:50+02:00;14307790848
2019-05-15T11:06:50+02:00;14307790848
2019-05-15T11:07:50+02:00;14307790848
2019-05-15T11:08:50+02:00;14307790848
2019-05-15T11:09:50+02:00;14307790848
2019-05-15T11:10:50+02:00;14307790848
2019-05-15T11:11:50+02:00;14307790848
2019-05-15T11:12:50+02:00;14307790848
2019-05-15T11:13:50+02:00;14307790848
2019-05-15T11:14:50+02:00;14307790848
2019-05-15T11:15:50+02:00;14307790848
2019-05-15T11:16:50+02:00;14307790848
2019-05-15T11:17:50+02:00;14307790848
2019-05-15T11:18:50+02:00;14307790848
2019-05-15T11:19:50+02:00;14307790848
2019-05-15T11:20:50+02:00;14307790848
2019-05-15T11:21:50+02:00;14307790848
2019-05-15T11:22:51+02:00;14307790848
2019-05-15T11:23:50+02:00;14307790848
2019-05-15T11:24:50+02:00;14307790848
2019-05-15T11:25:50+02:00;14307790848
2019-05-15T11:26:50+02:00;14307790848
2019-05-15T11:27:50+02:00;14307790848
2019-05-15T11:28:50+02:00;14307790848
2019-05-15T11:29:50+02:00;14307790848
2019-05-15T11:30:50+02:00;14307790848
2019-05-15T11:31:50+02:00;14307790848
2019-05-15T11:32:50+02:00;14307790848
2019-05-15T11:33:50+02:00;14307790848
2019-05-15T11:34:50+02:00;14307790848
2019-05-15T11:35:50+02:00;14307790848
2019-05-15T11:36:50+02:00;14307790848
2019-05-15T11:37:50+02:00;14307790848
2019-05-15T11:38:50+02:00;14307790848
2019-05-15T11:39:50+02:00;14307790848
2019-05-15T11:40:50+02:00;14307790848
2019-05-15T11:41:50+02:00;14307790848
2019-05-15T11:42:50+02:00;14307790848
2019-05-15T11:43:50+02:00;14307790848
2019-05-15T11:44:51+02:00;14307790848
2019-05-15T11:45:50+02:00;14307790848
2019-05-15T11:46:50+02:00;14307790848
2019-05-15T11:47:50+02:00;14307790848
2019-05-15T11:48:50+02:00;14307790848
2019-05-15T11:49:50+02:00;14307790848
2019-05-15T11:50:50+02:00;14307790848
2019-05-15T11:51:50+02:00;14307790848
2019-05-15T11:52:50+02:00;14307790848
2019-05-15T11:53:50+02:00;14307790848
2019-05-15T11:54:50+02:00;14307790848
2019-05-15T11:55:50+02:00;14307790848
2019-05-15T11:56:50+02:00;14307790848
2019-05-15T11:57:50+02:00;14307790848
2019-05-15T11:59:50+02:00;14307790848
2019-05-15T12:00:50+02:00;14307790848
2019-05-15T12:01:50+02:00;14307790848
2019-05-15T12:02:50+02:00;14307790848
2019-05-15T12:03:50+02:00;14307790848
2019-05-15T12:04:50+02:00;14307790848
2019-05-15T12:05:50+02:00;14307790848
2019-05-15T12:06:50+02:00;14307790848
2019-05-15T12:07:50+02:00;14307790848
2019-05-15T12:08:50+02:00;14307790848
2019-05-15T12:09:50+02:00;14307790848
2019-05-15T12:10:50+02:00;14307790848
2019-05-15T12:11:50+02:00;14307790848
2019-05-15T12:12:50+02:00;14307790848
2019-05-15T12:13:50+02:00;14307790848
2019-05-15T12:14:50+02:00;14307790848
2019-05-15T12:15:50+02:00;14307790848
2019-05-15T12:16:50+02:00;14307790848
2019-05-15T12:17:50+02:00;14307790848
2019-05-15T12:18:50+02:00;14307790848
2019-05-15T12:19:50+02:00;14307790848
2019-05-15T12:20:50+02:00;14307790848
2019-05-15T12:21:50+02:00;14307790848
2019-05-15T12:22:50+02:00;14307790848
2019-05-15T12:23:50+02:00;14307790848
2019-05-15T12:25:50+02:00;14307790848
2019-05-15T12:26:50+02:00;14307790848
2019-05-15T12:27:50+02:00;14307790848
2019-05-15T12:28:50+02:00;14307790848
2019-05-15T12:29:50+02:00;14307790848
2019-05-15T12:30:50+02:00;14307790848
2019-05-15T12:31:50+02:00;14307790848
2019-05-15T12:32:50+02:00;14307790848
2019-05-15T12:33:50+02:00;14307790848
2019-05-15T12:34:50+02:00;14307790848
2019-05-15T12:35:50+02:00;14307790848
2019-05-15T12:36:50+02:00;14307790848
2019-05-15T12:37:50+02:00;14307790848
2019-05-15T12:38:50+02:00;14307790848
2019-05-15T12:39:50+02:00;14307790848
2019-05-15T12:40:50+02:00;14307790848
2019-05-15T12:41:50+02:00;14307790848
2019-05-15T12:42:50+02:00;14307790848
2019-05-15T12:43:50+02:00;14307790848
2019-05-15T12:44:50+02:00;14307790848
2019-05-15T12:45:50+02:00;14307790848
2019-05-15T12:46:50+02:00;14307790848
2019-05-15T12:47:50+02:00;14307790848
2019-05-15T12:48:50+02:00;14307790848
2019-05-15T12:49:50+02:00;14307790848
2019-05-15T12:50:50+02:00;14307790848
2019-05-15T12:51:50+02:00;14307790848
2019-05-15T12:52:50+02:00;14307790848
2019-05-15T12:53:50+02:00;14307790848
2019-05-15T12:54:50+02:00;14307790848
2019-05-15T12:55:50+02:00;14307790848
2019-05-15T12:56:50+02:00;14307790848
2019-05-15T12:57:50+02:00;14307790848
2019-05-15T12:58:50+02:00;14307790848
2019-05-15T12:59:50+02:00;14307790848
2019-05-15T13:00:50+02:00;14307790848
2019-05-15T13:01:50+02:00;14307790848
2019-05-15T13:02:50+02:00;14307790848
2019-05-15T13:03:50+02:00;14307790848
2019-05-15T13:04:50+02:00;14307790848
2019-05-15T13:05:50+02:00;14307790848
2019-05-15T13:06:50+02:00;14307790848
2019-05-15T13:07:50+02:00;14307790848
2019-05-15T13:08:50+02:00;14307790848
2019-05-15T13:09:50+02:00;14307790848
2019-05-15T13:10:50+02:00;14307790848
2019-05-15T13:11:50+02:00;14307790848
2019-05-15T13:12:50+02:00;14307790848
2019-05-15T13:13:50+02:00;14307790848
2019-05-15T13:14:50+02:00;14307790848
2019-05-15T13:15:50+02:00;14307790848
2019-05-15T13:16:50+02:00;14307790848
2019-05-15T13:17:50+02:00;14307790848
2019-05-15T13:18:50+02:00;14307790848
2019-05-15T13:19:50+02:00;14307790848
2019-05-15T13:20:50+02:00;14307790848
2019-05-15T13:21:50+02:00;14307790848
2019-05-15T13:22:50+02:00;14307790848
2019-05-15T13:23:50+02:00;14307790848
2019-05-15T13:24:50+02:00;14307790848
2019-05-15T13:25:50+02:00;14307790848
2019-05-15T13:26:50+02:00;14307790848
2019-05-15T13:27:50+02:00;14307790848
2019-05-15T13:28:50+02:00;14307790848
2019-05-15T13:29:50+02:00;14307790848
2019-05-15T13:30:50+02:00;14307790848
2019-05-15T13:31:50+02:00;14307790848
2019-05-15T13:33:50+02:00;14307790848
2019-05-15T13:41:50+02:00;14307790848
2019-05-15T13:42:50+02:00;14307790848
2019-05-15T13:43:50+02:00;14307790848
2019-05-15T13:44:50+02:00;14307790848
2019-05-15T13:45:50+02:00;14307790848
2019-05-15T13:46:50+02:00;14307790848
2019-05-15T13:47:50+02:00;14307790848
2019-05-15T13:48:50+02:00;14307790848
2019-05-15T13:49:50+02:00;14307790848
2019-05-15T13:50:50+02:00;14307790848
2019-05-15T13:51:50+02:00;14307790848
2019-05-15T13:52:50+02:00;14307790848
2019-05-15T13:53:50+02:00;14307790848
2019-05-15T13:54:50+02:00;14307790848
2019-05-15T13:55:50+02:00;13995069440
2019-05-15T13:56:50+02:00;12575444992
2019-05-15T13:57:50+02:00;12270288896
2019-05-15T13:58:50+02:00;12270288896
2019-05-15T13:59:50+02:00;12270288896
2019-05-15T14:00:50+02:00;12270288896
2019-05-15T14:01:50+02:00;12270288896
2019-05-15T14:02:50+02:00;12270288896
2019-05-15T14:03:50+02:00;12270288896
2019-05-15T14:04:50+02:00;12270288896
2019-05-15T14:05:50+02:00;12270288896
2019-05-15T14:06:50+02:00;12270288896
2019-05-15T14:07:50+02:00;12270288896
2019-05-15T14:17:50+02:00;12270288896
2019-05-15T14:18:50+02:00;12270288896
2019-05-15T14:19:50+02:00;12270288896
2019-05-15T14:20:50+02:00;12270288896
2019-05-15T14:21:50+02:00;12270288896
2019-05-15T14:22:51+02:00;12270288896
2019-05-15T14:23:50+02:00;12270288896
2019-05-15T14:24:50+02:00;12270288896
2019-05-15T14:25:50+02:00;12270288896
2019-05-15T14:26:50+02:00;12270288896
2019-05-15T14:27:50+02:00;12270288896
2019-05-15T14:28:50+02:00;12270288896
2019-05-15T14:29:50+02:00;12270288896
2019-05-15T14:30:50+02:00;12270288896
2019-05-15T14:31:50+02:00;12270288896
2019-05-15T14:32:50+02:00;12270288896
2019-05-15T14:33:50+02:00;12270288896
2019-05-15T14:34:50+02:00;12270288896
2019-05-15T14:35:50+02:00;12270288896
2019-05-15T14:36:50+02:00;12270288896
2019-05-15T14:37:50+02:00;12270288896
2019-05-15T14:38:50+02:00;12270288896
2019-05-15T14:39:50+02:00;12270288896
2019-05-15T14:40:50+02:00;12270288896
2019-05-15T14:41:50+02:00;12270288896
2019-05-15T14:42:50+02:00;12270288896
2019-05-15T14:43:50+02:00;12270288896
2019-05-15T14:44:50+02:00;12270288896
2019-05-15T14:45:50+02:00;12270288896
2019-05-15T14:46:50+02:00;12270288896
2019-05-15T14:47:50+02:00;12270288896
2019-05-15T14:48:50+02:00;12270288896
2019-05-15T14:49:50+02:00;12270288896
2019-05-15T14:50:50+02:00;12270288896
2019-05-15T14:51:50+02:00;12270288896
2019-05-15T14:52:50+02:00;12270288896
2019-05-15T14:53:50+02:00;12270288896
2019-05-15T14:54:50+02:00;12270288896
2019-05-15T14:55:50+02:00;12270288896
2019-05-15T14:56:50+02:00;12270288896
2019-05-15T14:57:50+02:00;12270288896
2019-05-15T14:58:50+02:00;12270288896
2019-05-15T14:59:50+02:00;12270288896
2019-05-15T15:00:50+02:00;12270288896
2019-05-15T15:01:50+02:00;12270288896
2019-05-15T15:02:50+02:00;12270288896
2019-05-15T15:03:50+02:00;12270288896
2019-05-15T15:04:50+02:00;12270288896
2019-05-15T15:05:50+02:00;12270288896
