Time;CPU usage;Number of bytes received;Number of bytes transmitted;Used memory;Average read latency of the datastore LUN_080;Average write latency of the datastore LUN_080
2019-05-20T00:00:00+02:00;16776500000;24267264;24052224;234556489728;5;6
2019-05-20T00:02:00+02:00;14029000000;19980288;19657728;234559111168;6;7.5
2019-05-20T00:04:00+02:00;15386500000;21833728;21724672;234558586880;2;5.5
2019-05-20T00:06:00+02:00;18169000000;22803968;22264320;234559111168;2;7
2019-05-20T00:08:00+02:00;16733000000;22036992;21739008;234578509824;5;5
2019-05-20T00:10:00+02:00;18391000000;23401472;45228032;234583228416;4.5;5
2019-05-20T00:12:00+02:00;18375500000;22184960;46428160;234602102784;8.5;3.5
2019-05-20T00:14:00+02:00;19402000000;16002048;43302400;234593189888;4;0
2019-05-20T00:16:00+02:00;19170500000;15989760;43367424;234590568448;6;4.5
2019-05-20T00:18:00+02:00;21407000000;15964672;40999936;234596335616;2;1
2019-05-20T00:20:00+02:00;18364500000;15142912;43397120;234597384192;2.5;1
2019-05-20T00:22:00+02:00;15472500000;17261568;41774592;234597384192;2;0.5
2019-05-20T00:24:00+02:00;16238000000;15515648;41620480;234606297088;2;0.5
2019-05-20T00:26:00+02:00;20237000000;16601600;44299264;234579034112;2;1.5
2019-05-20T00:28:00+02:00;14956500000;17972224;42457600;234575364096;1.5;0
2019-05-20T00:30:00+02:00;13418500000;16868864;44453376;234607345664;1;1.5
2019-05-20T00:32:00+02:00;16274500000;17637888;44171776;234601054208;2;1.5
2019-05-20T00:34:00+02:00;13731500000;15419392;14880768;234596335616;1.5;0.5
2019-05-20T00:36:00+02:00;14915000000;13783040;13362688;234576936960;2.5;1.5
2019-05-20T00:38:00+02:00;13238500000;14273536;13927936;234572742656;1;1
2019-05-20T00:40:00+02:00;14970000000;13744128;13308416;234565926912;1;0.5
2019-05-20T00:42:00+02:00;16020000000;13413888;12750848;234567499776;0.5;1
2019-05-20T00:44:00+02:00;12723000000;11849216;11470848;234565926912;0.5;0.5
2019-05-20T00:46:00+02:00;15935500000;12387840;11943424;234561208320;1;2
2019-05-20T00:48:00+02:00;13191000000;13921280;13427712;234568548352;0;0
2019-05-20T00:50:00+02:00;15865000000;12275712;11985408;234576412672;0;0.5
2019-05-20T00:52:00+02:00;13368000000;13350912;12716032;234578509824;1;1
2019-05-20T00:54:00+02:00;14898000000;12973056;12813312;234577985536;0;0
2019-05-20T00:56:00+02:00;14603000000;13904384;14121472;234575364096;1;2
2019-05-20T00:58:00+02:00;13762000000;13001216;13120000;234571694080;0;1
2019-05-20T01:00:00+02:00;12698500000;12233216;19312128;234569072640;0;0
2019-05-20T01:02:00+02:00;14461000000;12538368;30211072;234567499776;3;4.5
2019-05-20T01:04:00+02:00;17720000000;12732928;37089792;234566975488;2;0
2019-05-20T01:06:00+02:00;16422000000;10337280;25776128;234570121216;1;5.5
2019-05-20T01:08:00+02:00;13498500000;9325056;31285248;234570645504;1;1
2019-05-20T01:10:00+02:00;13164000000;8722944;25507840;234573266944;1.5;1
2019-05-20T01:12:00+02:00;14620000000;9002496;38514176;234581655552;1;2
2019-05-20T01:14:00+02:00;14209000000;10376704;31353856;234574315520;1;0
2019-05-20T01:16:00+02:00;13320500000;10298368;25380352;234573791232;3;2
2019-05-20T01:18:00+02:00;13452500000;9560576;27459072;234580606976;2.5;1
2019-05-20T01:20:00+02:00;13696500000;7882752;33795072;234583228416;1.5;1
2019-05-20T01:22:00+02:00;16294500000;8077824;28163072;234587422720;2;1.5
2019-05-20T01:24:00+02:00;12063000000;8606720;42578944;234587947008;6.5;1
2019-05-20T01:26:00+02:00;15992500000;7084032;30731776;234588995584;3;1
2019-05-20T01:28:00+02:00;15234000000;6765568;33651712;234590044160;1;1
2019-05-20T01:30:00+02:00;12756500000;7471104;33595904;234584276992;4;7
2019-05-20T01:32:00+02:00;15049500000;9561088;26782208;234593714176;5;1
2019-05-20T01:34:00+02:00;13361000000;9132032;29796352;234600005632;3.5;2
2019-05-20T01:36:00+02:00;16298000000;8251904;35573760;234610491392;4.5;1
2019-05-20T01:38:00+02:00;14988000000;7620096;23084032;234648240128;5;0.5
2019-05-20T01:40:00+02:00;15747000000;8108544;26897408;234651385856;7;1
2019-05-20T01:42:00+02:00;14796500000;7735296;31193088;234649288704;6.5;3.5
2019-05-20T01:44:00+02:00;14290500000;7891968;37509632;234636705792;0;1
2019-05-20T01:46:00+02:00;13695000000;7394304;31125504;234631987200;1;8
2019-05-20T01:48:00+02:00;13977000000;8421376;40451072;234629890048;1;0.5
2019-05-20T01:50:00+02:00;12567000000;7683584;40967680;234631462912;0.5;0
2019-05-20T01:52:00+02:00;13195000000;8415744;33714688;234629890048;0.5;1
2019-05-20T01:54:00+02:00;16617000000;8641536;39633408;234617831424;0.5;1
2019-05-20T01:56:00+02:00;14026500000;9416704;39708160;234613637120;0.5;1
2019-05-20T01:58:00+02:00;13905000000;9940480;33523200;234607345664;1;1
2019-05-20T02:00:00+02:00;10869000000;9023488;51435520;234577461248;5;2
2019-05-20T02:02:00+02:00;15290500000;8824832;38990848;234564878336;3;4.5
2019-05-20T02:04:00+02:00;17434000000;6813696;29729792;234559111168;2.5;4
2019-05-20T02:06:00+02:00;15290000000;7997952;38021120;234564354048;7;5
2019-05-20T02:08:00+02:00;15455500000;8820736;33942528;234570645504;5;3.5
2019-05-20T02:10:00+02:00;15325000000;8566784;21304320;234586374144;13;6.5
2019-05-20T02:12:00+02:00;13495500000;7238656;26637824;234581655552;8;1
2019-05-20T02:14:00+02:00;12118000000;7019008;30348800;234581131264;1.5;2
2019-05-20T02:16:00+02:00;15197500000;6912512;22408192;234579034112;5;3
2019-05-20T02:18:00+02:00;13280000000;7411712;23526400;234583752704;0.5;2
2019-05-20T02:20:00+02:00;15675500000;8261632;34975232;234586898432;5;1.5
2019-05-20T02:22:00+02:00;12985000000;6225920;22113280;234586374144;2.5;1.5
2019-05-20T02:24:00+02:00;12557500000;6422016;27580416;234582179840;5;1
2019-05-20T02:26:00+02:00;17761000000;6031360;31312384;234574839808;1.5;3.5
2019-05-20T02:28:00+02:00;12566500000;6187008;32749056;234576936960;5.5;1
2019-05-20T02:30:00+02:00;14457500000;6049280;40901120;234575364096;3;1
2019-05-20T02:32:00+02:00;13633000000;6119936;39928320;234573266944;2.5;7
2019-05-20T02:34:00+02:00;13841000000;7151616;37602304;234568548352;3;7
2019-05-20T02:36:00+02:00;15859000000;5793792;47893504;234569596928;0.5;1
2019-05-20T02:38:00+02:00;13936500000;5102080;32745472;234574839808;5;1
2019-05-20T02:40:00+02:00;14746500000;3897344;24983552;234574315520;3;1
2019-05-20T02:42:00+02:00;12123500000;4566016;30566400;234614685696;1;1.5
2019-05-20T02:44:00+02:00;12735000000;5783552;30699520;234611539968;2.5;1.5
2019-05-20T02:46:00+02:00;13538000000;8617984;32016896;234622550016;15.5;5
2019-05-20T02:48:00+02:00;13636500000;6259712;38507520;234588471296;1.5;2
2019-05-20T02:50:00+02:00;15407500000;4763648;32752128;234581131264;8;2
2019-05-20T02:52:00+02:00;13307000000;5775872;30960640;234579034112;1;1
2019-05-20T02:54:00+02:00;13381500000;5155840;28349440;234573791232;2;1
2019-05-20T02:56:00+02:00;13568500000;5584384;20516864;234575888384;2;1.5
2019-05-20T02:58:00+02:00;12256000000;5404672;24681472;234575888384;3;1.5
2019-05-20T03:00:00+02:00;10224500000;4841984;34596352;234574315520;5.5;8
2019-05-20T03:02:00+02:00;14444500000;4943360;32599552;234586898432;6;2
2019-05-20T03:04:00+02:00;14898000000;4907008;33194496;234583228416;1;1.5
2019-05-20T03:06:00+02:00;17402000000;5611008;32955904;234580082688;1;3
2019-05-20T03:08:00+02:00;13773000000;6913024;36320256;234588471296;0.5;1
2019-05-20T03:10:00+02:00;14109500000;5114368;34194944;234586374144;0;2.5
2019-05-20T03:12:00+02:00;13461500000;4037632;30693376;234584276992;1;3
2019-05-20T03:14:00+02:00;12826500000;5076480;26621440;234585325568;7;1
2019-05-20T03:16:00+02:00;14834500000;5434880;22747136;234592141312;0;6.5
2019-05-20T03:18:00+02:00;11416000000;5041664;29340672;234582179840;8;2.5
2019-05-20T03:20:00+02:00;14074500000;4495872;5789696;234591092736;9;2
2019-05-20T03:22:00+02:00;12353000000;4235776;5211136;234591092736;1;4.5
2019-05-20T03:24:00+02:00;12072000000;5431808;4851200;234588995584;1.5;2
2019-05-20T03:26:00+02:00;12271500000;3870720;3818496;234588995584;7.5;2.5
2019-05-20T03:28:00+02:00;12517000000;4764160;4829696;234587947008;2;1
2019-05-20T03:30:00+02:00;14900500000;4298752;6586368;234586898432;1;1
2019-05-20T03:32:00+02:00;14623000000;4103168;3882496;234587422720;2;1.5
2019-05-20T03:34:00+02:00;13069000000;5886464;6173184;234587947008;0.5;2
2019-05-20T03:36:00+02:00;13349500000;6043648;6274560;234591617024;3.5;1.5
2019-05-20T03:38:00+02:00;13347500000;5767168;5390336;234592665600;0;1
2019-05-20T03:40:00+02:00;12378500000;5061632;4948480;234592141312;1;1
2019-05-20T03:42:00+02:00;13307000000;5561344;5493760;234590568448;0.5;1
2019-05-20T03:44:00+02:00;12029000000;5215744;5147648;234588995584;0.5;2
2019-05-20T03:46:00+02:00;13512500000;4961792;4621312;234586898432;0;2.5
2019-05-20T03:48:00+02:00;14258500000;5009408;5281792;234584801280;0.5;1
2019-05-20T03:50:00+02:00;14264000000;4399616;4217344;234584801280;5;1.5
2019-05-20T03:52:00+02:00;12864000000;4841472;5134336;234581131264;0;1.5
2019-05-20T03:54:00+02:00;13115000000;12781568;13090816;234626744320;2.5;1
2019-05-20T03:56:00+02:00;12853500000;15233024;15839232;234571694080;5;3
2019-05-20T03:58:00+02:00;12873000000;16995840;18973696;234568548352;1.5;1
2019-05-20T04:00:00+02:00;15289000000;18206720;17724416;234565402624;3;8
2019-05-20T04:02:00+02:00;13785500000;17152512;16842240;234569596928;5.5;30.5
2019-05-20T04:04:00+02:00;16003500000;18586624;18018304;234572742656;2.5;20
2019-05-20T04:06:00+02:00;13372000000;18479104;17986048;234573266944;1;18.5
2019-05-20T04:08:00+02:00;13788000000;19785728;19616768;234580082688;3;4
2019-05-20T04:10:00+02:00;14075000000;16163840;15672320;234582704128;2.5;15
2019-05-20T04:12:00+02:00;13026500000;22280192;21952512;234579034112;1;12
2019-05-20T04:14:00+02:00;14070000000;20162560;20084736;234569072640;4;20
2019-05-20T04:16:00+02:00;14293000000;20969984;20946944;234570645504;11;15
2019-05-20T04:18:00+02:00;18395000000;24417792;24164352;234588471296;6.5;10.5
2019-05-20T04:20:00+02:00;17127500000;22565376;22537728;234588471296;5;5.5
2019-05-20T04:22:00+02:00;16208500000;19796480;19619328;234591092736;5;11
2019-05-20T04:24:00+02:00;15033000000;21389824;23474176;234592665600;11;12.5
2019-05-20T04:26:00+02:00;15626000000;23328768;23398912;234585849856;10;2
2019-05-20T04:28:00+02:00;13844000000;19881984;19856384;234584801280;5.5;1
2019-05-20T04:30:00+02:00;15394000000;15764480;22687744;234587422720;4;0.5
2019-05-20T04:32:00+02:00;14642500000;18244608;19702784;234574315520;5.5;0.5
2019-05-20T04:34:00+02:00;12365500000;17994752;18598400;234569596928;6;0.5
2019-05-20T04:36:00+02:00;15173500000;18937856;18290176;234577985536;10.5;2.5
2019-05-20T04:38:00+02:00;13581000000;16908288;16700416;234579034112;4.5;1
2019-05-20T04:40:00+02:00;17004500000;21655040;21218304;234582179840;3;0
2019-05-20T04:42:00+02:00;15522500000;22149120;22105088;234592665600;15;4
2019-05-20T04:44:00+02:00;15459000000;5215232;6035456;234596335616;9;0
2019-05-20T04:46:00+02:00;14479500000;5260288;5656576;234585325568;5;0.5
2019-05-20T04:48:00+02:00;17446000000;4867584;6927872;234591092736;1;0
2019-05-20T04:50:00+02:00;17750000000;5322752;6548480;234583752704;4;0.5
2019-05-20T04:52:00+02:00;15584500000;6286336;6087680;234574839808;3;0
2019-05-20T04:54:00+02:00;17525500000;6021120;5607424;234580082688;3;0
2019-05-20T04:56:00+02:00;17458000000;5250560;5194240;234582179840;3.5;1
2019-05-20T04:58:00+02:00;12346000000;6149632;5664768;234577461248;2.5;0
2019-05-20T05:00:00+02:00;13198000000;6263808;5999104;234577985536;5;2
2019-05-20T05:02:00+02:00;14858500000;5447168;4984832;234584276992;3.5;0
2019-05-20T05:04:00+02:00;18123000000;5642240;5318656;234587422720;3;0
2019-05-20T05:06:00+02:00;17342000000;5045760;4575232;234587422720;3;1
2019-05-20T05:08:00+02:00;14273500000;4151296;4746240;234589519872;4;0
2019-05-20T05:10:00+02:00;14495000000;3963392;16291840;234591092736;5;0.5
2019-05-20T05:12:00+02:00;14695500000;3591168;3748352;234594762752;4.5;1
2019-05-20T05:14:00+02:00;13886500000;3581440;4576256;234596859904;7;1.5
2019-05-20T05:16:00+02:00;15366000000;3465216;3118080;234591092736;3;1
2019-05-20T05:18:00+02:00;12995000000;3011584;2754560;234593714176;1.5;5
2019-05-20T05:20:00+02:00;15379000000;2615296;2515968;234581131264;2;0
2019-05-20T05:22:00+02:00;13065000000;3236864;3203072;234572742656;2;0
2019-05-20T05:24:00+02:00;11909000000;3430400;3394048;234545479680;3;1
2019-05-20T05:26:00+02:00;13938000000;3082240;2626560;234473127936;9;3.5
2019-05-20T05:28:00+02:00;13817000000;3210752;2948608;234456350720;4.5;1
2019-05-20T05:30:00+02:00;16477000000;3616768;3157504;234452680704;4;0
2019-05-20T05:32:00+02:00;15163000000;3598848;5214720;234443243520;10;4.5
2019-05-20T05:34:00+02:00;13369000000;4106240;3428864;234335764480;5;0
2019-05-20T05:36:00+02:00;13631000000;4047872;3406848;234328948736;5;1
2019-05-20T05:38:00+02:00;13095000000;3673088;3543552;234276519936;13;2.5
2019-05-20T05:40:00+02:00;13399000000;4080640;3321856;234215178240;4;0
2019-05-20T05:42:00+02:00;11916500000;3597824;3260416;234063134720;5.5;0.5
2019-05-20T05:44:00+02:00;13105500000;3455488;3300864;234045308928;4.5;1
2019-05-20T05:46:00+02:00;13099500000;3412480;3176448;234011754496;4;1
2019-05-20T05:48:00+02:00;12609500000;3635200;3152384;234004938752;4;0
2019-05-20T05:50:00+02:00;13989500000;3465216;3347456;234278092800;5;1
2019-05-20T05:52:00+02:00;13199000000;3813888;3597824;234564354048;5;0.5
2019-05-20T05:54:00+02:00;13262000000;3783680;3232768;234600529920;3;0
2019-05-20T05:56:00+02:00;12503500000;3367424;3214848;234640900096;3.5;0.5
2019-05-20T05:58:00+02:00;13630000000;3623424;3075072;234645618688;2.5;0
2019-05-20T06:00:00+02:00;11108500000;4263936;3985408;234635132928;3;0
2019-05-20T06:02:00+02:00;14362000000;3171328;2668032;234623074304;5;1
2019-05-20T06:04:00+02:00;16501000000;2264064;2080768;234629365760;6;0
2019-05-20T06:06:00+02:00;17276500000;2855936;2462720;234620452864;5;0.5
2019-05-20T06:08:00+02:00;14173500000;3315712;3016704;234618355712;2.5;0
2019-05-20T06:10:00+02:00;12274500000;3145216;2844160;234597908480;2;0.5
2019-05-20T06:12:00+02:00;12901000000;3546624;2845696;234595811328;1.5;2
2019-05-20T06:14:00+02:00;12080000000;3902464;3699712;234584276992;1.5;0
2019-05-20T06:16:00+02:00;14333000000;3682816;2908160;234564354048;1;1
2019-05-20T06:18:00+02:00;11155000000;2892800;2824192;234563829760;0.5;0.5
2019-05-20T06:20:00+02:00;12200500000;3575296;3488256;234548101120;0;0.5
2019-05-20T06:22:00+02:00;13400000000;3464192;3424256;234532896768;1;0.5
2019-05-20T06:24:00+02:00;12352500000;3395584;3070976;234526605312;2;0.5
2019-05-20T06:26:00+02:00;13302500000;3140608;2716160;234506158080;2.5;8
2019-05-20T06:28:00+02:00;11215500000;3112960;2818560;234500915200;3;1.5
2019-05-20T06:30:00+02:00;15646000000;3980800;3463680;234483613696;1.5;2
2019-05-20T06:32:00+02:00;12984000000;3188224;3240960;234476273664;0.5;4.5
2019-05-20T06:34:00+02:00;11995500000;2890752;2189824;234482565120;0;1
2019-05-20T06:36:00+02:00;13663000000;3773440;3723264;234485186560;1;0.5
2019-05-20T06:38:00+02:00;10495000000;3363840;3326976;234474700800;1;0
2019-05-20T06:40:00+02:00;12656500000;4550656;3879936;234480467968;0;0
2019-05-20T06:42:00+02:00;11557500000;4530688;4385280;234475225088;0.5;0.5
2019-05-20T06:44:00+02:00;14171500000;4062720;3771392;234468409344;0.5;0.5
2019-05-20T06:46:00+02:00;13462500000;2915328;2785280;234451632128;0.5;1
2019-05-20T06:48:00+02:00;12772000000;2553856;1963520;234428039168;1;1
2019-05-20T06:50:00+02:00;11609000000;2620416;2317312;234426990592;2;1
2019-05-20T06:52:00+02:00;12448000000;3063296;2487808;234406543360;4;1
2019-05-20T06:54:00+02:00;13642000000;3139584;2653184;234387668992;0.5;0
2019-05-20T06:56:00+02:00;14592500000;2929152;2966528;234379804672;4;0.5
2019-05-20T06:58:00+02:00;12460000000;4367360;3200000;234379280384;1;0
2019-05-20T07:00:00+02:00;10500000000;3215872;2870784;234381377536;4.5;4.5
2019-05-20T07:02:00+02:00;12749500000;3968000;3354624;234359881728;3;null
2019-05-20T07:04:00+02:00;15024500000;3352064;3116544;234389241856;0.5;0.5
2019-05-20T07:06:00+02:00;13573500000;3672064;3470848;234390814720;7.5;1
2019-05-20T07:08:00+02:00;12695000000;3526656;2233344;234381377536;1.5;0.5
2019-05-20T07:10:00+02:00;13136500000;3902464;3514368;234379804672;1;1
2019-05-20T07:12:00+02:00;12634000000;4663296;3949568;234381901824;2.5;1
2019-05-20T07:14:00+02:00;13798500000;3456000;3410944;234382426112;3.5;0
2019-05-20T07:16:00+02:00;13425500000;4017152;3500032;234382950400;12;2.5
2019-05-20T07:18:00+02:00;10875500000;2575360;2293760;234389241856;1;0.5
2019-05-20T07:20:00+02:00;14056500000;2898432;2713600;234389241856;2.5;1
2019-05-20T07:22:00+02:00;11943000000;1970176;1462272;234387668992;3.5;1.5
2019-05-20T07:24:00+02:00;13148500000;4219392;3704320;234385047552;4;0
2019-05-20T07:26:00+02:00;14452500000;3146752;2752512;234384523264;2.5;3.5
2019-05-20T07:28:00+02:00;13645000000;3360256;3148288;234385047552;5;0
2019-05-20T07:30:00+02:00;13240500000;4819456;5019648;234387668992;3.5;0
2019-05-20T07:32:00+02:00;12022500000;5234176;5415936;234388717568;2;0.5
2019-05-20T07:34:00+02:00;14122500000;6182912;5612032;234387144704;0;0
2019-05-20T07:36:00+02:00;13361000000;7578624;7260160;234388193280;3.5;1
2019-05-20T07:38:00+02:00;14480000000;7730688;7337984;234391863296;5;0
2019-05-20T07:40:00+02:00;15429000000;7710720;7607296;234395533312;3.5;1
2019-05-20T07:42:00+02:00;12970000000;6740480;6447104;234393960448;2;0.5
2019-05-20T07:44:00+02:00;12886000000;7405056;7409152;234397106176;3.5;0
2019-05-20T07:46:00+02:00;13652000000;6825472;6487040;234399727616;5;1
2019-05-20T07:48:00+02:00;14053500000;6265856;6187008;234402873344;4;0
2019-05-20T07:50:00+02:00;13398500000;6180864;5848064;234407067648;6.5;1
2019-05-20T07:52:00+02:00;13911000000;6142976;18376192;234408116224;0;0
2019-05-20T07:54:00+02:00;12860500000;4832256;32437248;234412834816;3.5;0.5
2019-05-20T07:56:00+02:00;14884500000;5827584;8432128;234420174848;2;0
2019-05-20T07:58:00+02:00;16250000000;7009792;7463424;234429612032;4.5;0
2019-05-20T08:00:00+02:00;10396500000;5713920;6148096;234430660608;3;2
2019-05-20T08:02:00+02:00;12445500000;5681152;7637504;234426466304;3.5;0
2019-05-20T08:04:00+02:00;13784500000;6534144;6351360;234430136320;6;0
2019-05-20T08:06:00+02:00;15709000000;6735872;6517248;234425417728;0;1.5
2019-05-20T08:08:00+02:00;14355500000;7689216;8620032;234440097792;2.5;0.5
2019-05-20T08:10:00+02:00;14288000000;7714304;7219200;234458972160;1;1
2019-05-20T08:12:00+02:00;15955500000;6429184;6307840;234463166464;2.5;1.5
2019-05-20T08:14:00+02:00;13110500000;6641152;6780928;234447437824;0.5;0.5
2019-05-20T08:16:00+02:00;17032000000;7645696;7340032;234445864960;1;3
2019-05-20T08:18:00+02:00;15459500000;7511552;7478272;234444816384;6;0.5
2019-05-20T08:20:00+02:00;19411000000;6465536;5786112;234444292096;0;0
2019-05-20T08:22:00+02:00;13529500000;6505472;6454272;234443767808;3;2.5
2019-05-20T08:24:00+02:00;13120000000;8012800;9565696;234444292096;3;0.5
2019-05-20T08:26:00+02:00;15461500000;8071168;8367104;234445864960;5;4
2019-05-20T08:28:00+02:00;12774000000;8221184;8334848;234444816384;6;1
2019-05-20T08:30:00+02:00;15488500000;7680000;7663104;234444292096;3.5;1
2019-05-20T08:32:00+02:00;17852000000;9459200;9400832;234440622080;20;6.5
2019-05-20T08:34:00+02:00;14747500000;5737984;5188608;234439573504;2;2
2019-05-20T08:36:00+02:00;14923000000;6140928;6858752;234439049216;3.5;0.5
2019-05-20T08:38:00+02:00;13134000000;7234560;7546368;234440622080;0;1
2019-05-20T08:40:00+02:00;13708000000;5292032;5426176;234439049216;4.5;0.5
2019-05-20T08:42:00+02:00;13067500000;5682688;6125056;234438524928;5;0.5
2019-05-20T08:44:00+02:00;14021000000;6127104;6032384;234438524928;3.5;0
2019-05-20T08:46:00+02:00;12051500000;7367680;6816256;234438000640;4;9
2019-05-20T08:48:00+02:00;14887000000;7246848;7643648;234438000640;5;1
2019-05-20T08:50:00+02:00;15614000000;3896320;4888576;234441146368;6.5;2.5
2019-05-20T08:52:00+02:00;13974500000;8040960;9066496;234444816384;4;1.5
2019-05-20T08:54:00+02:00;13673000000;9113600;9689088;234444816384;1;1
2019-05-20T08:56:00+02:00;16373000000;6871040;6393856;234445340672;1;2
2019-05-20T08:58:00+02:00;15220000000;5970944;5877248;234446913536;1;2
2019-05-20T09:00:00+02:00;12132500000;6205440;6046208;234449010688;5;1.5
2019-05-20T09:02:00+02:00;11614000000;9263104;9581056;234451632128;6;1
2019-05-20T09:04:00+02:00;14496000000;8474112;8829440;234483613696;13.5;4
2019-05-20T09:06:00+02:00;21450000000;9358336;9168384;234487808000;6;1
2019-05-20T09:08:00+02:00;17377500000;10208256;10015744;234494623744;7;0
2019-05-20T09:10:00+02:00;20221500000;8823296;11199488;234471030784;2;0
2019-05-20T09:12:00+02:00;17721000000;9088000;9464832;234482565120;4;1
2019-05-20T09:14:00+02:00;14221000000;7646208;6990336;234478895104;6;1
2019-05-20T09:16:00+02:00;16392500000;7171584;6774784;234478370816;11.5;9
2019-05-20T09:18:00+02:00;13307500000;7684096;7482368;234466836480;0.5;0.5
2019-05-20T09:20:00+02:00;16707000000;9185792;11713536;234476797952;2.5;1
2019-05-20T09:22:00+02:00;17038000000;7910400;10193920;234483613696;15.5;4.5
2019-05-20T09:24:00+02:00;15699000000;9041408;20783104;234482040832;11;6
2019-05-20T09:26:00+02:00;14660000000;null;null;234478370816;4;2
2019-05-20T09:28:00+02:00;17905000000;9083392;30516736;234464739328;4;1
2019-05-20T09:30:00+02:00;16861000000;8910848;26827776;234455302144;1.5;1
2019-05-20T09:32:00+02:00;15957500000;10465792;27502592;234453204992;0.5;3
2019-05-20T09:34:00+02:00;16114000000;9449472;27274240;234456875008;3.5;1
2019-05-20T09:36:00+02:00;19161500000;9612288;26886656;234471555072;3.5;2.5
2019-05-20T09:38:00+02:00;18211000000;9450496;25609728;234467885056;4.5;1
2019-05-20T09:40:00+02:00;15169500000;7954432;16475136;234468409344;5.5;4.5
2019-05-20T09:42:00+02:00;15970000000;9106944;26527232;234465787904;7;1
2019-05-20T09:44:00+02:00;14540500000;11036672;23464960;234463690752;6;1
2019-05-20T09:46:00+02:00;18196500000;11935744;29761536;234450583552;10;4
2019-05-20T09:48:00+02:00;18354000000;9580032;18911744;234443767808;5.5;3.5
2019-05-20T09:50:00+02:00;18258000000;9624576;10546176;234482040832;9.5;4
2019-05-20T09:52:00+02:00;18202000000;9498112;10471936;234517168128;8.5;2
2019-05-20T09:54:00+02:00;14364000000;11859968;11552768;234523459584;3.5;0.5
2019-05-20T09:56:00+02:00;18444500000;11214848;11823104;234519265280;5;2.5
2019-05-20T09:58:00+02:00;16399500000;13148160;13523968;234510352384;4.5;2.5
2019-05-20T10:00:00+02:00;12851500000;13213184;13228544;234510352384;11.5;8
2019-05-20T10:02:00+02:00;12843500000;12518912;12062208;234511925248;10.5;8
2019-05-20T10:04:00+02:00;14548500000;12150784;11972096;234515595264;6;9.5
2019-05-20T10:06:00+02:00;18314500000;11756032;11729408;234538663936;7;1
2019-05-20T10:08:00+02:00;17114500000;12094464;11927040;234539712512;4;1
2019-05-20T10:10:00+02:00;18100000000;12721152;13794304;234536566784;5;5
2019-05-20T10:12:00+02:00;15447000000;14101504;13992960;234527653888;7.5;5.5
2019-05-20T10:14:00+02:00;17831000000;14267904;14719488;234528178176;4;0
2019-05-20T10:16:00+02:00;16785000000;16950272;16493568;234522411008;3.5;6.5
2019-05-20T10:18:00+02:00;15140500000;16497664;16931328;234528702464;4.5;1
2019-05-20T10:20:00+02:00;19349000000;15053824;16406528;234530799616;5;0.5
2019-05-20T10:22:00+02:00;17403000000;14438912;15344640;234551771136;15.5;3
2019-05-20T10:24:00+02:00;17408500000;14307840;14533120;234538139648;1.5;1
2019-05-20T10:26:00+02:00;16850000000;17866752;18186240;234542333952;2.5;2.5
2019-05-20T10:28:00+02:00;18003500000;14993920;15363584;234534469632;5;5
2019-05-20T10:30:00+02:00;16358500000;13132800;14253056;234538139648;4;5
2019-05-20T10:32:00+02:00;20098500000;14887424;17886720;234533945344;2.5;1.5
2019-05-20T10:34:00+02:00;17328500000;15977984;15912448;234539188224;2.5;1
2019-05-20T10:36:00+02:00;18237500000;16320512;16715776;234563305472;1;1
2019-05-20T10:38:00+02:00;18715500000;18557952;20780544;234547052544;1.5;1
2019-05-20T10:40:00+02:00;19696500000;16992768;19665408;234539712512;2.5;1
2019-05-20T10:42:00+02:00;20035500000;16228864;17866240;234560159744;4.5;0
2019-05-20T10:44:00+02:00;20367500000;15331328;17253888;234557014016;7;1.5
2019-05-20T10:46:00+02:00;20680000000;16724480;16962560;234537091072;1;3
2019-05-20T10:48:00+02:00;17510000000;14336000;14837760;234539712512;1;1
2019-05-20T10:50:00+02:00;18805000000;16230912;17576448;234537091072;3;0.5
2019-05-20T10:52:00+02:00;18954500000;17733632;19432448;234539188224;0.5;1
2019-05-20T10:54:00+02:00;17296000000;17706496;17748992;234547576832;1;0
2019-05-20T10:56:00+02:00;18562500000;20703232;21192704;234544431104;3;7
2019-05-20T10:58:00+02:00;17425000000;18837504;18904576;234544431104;5;1
2019-05-20T11:00:00+02:00;16910500000;17409536;18326528;234544431104;3.5;1
2019-05-20T11:02:00+02:00;15995500000;17617408;20998144;234534469632;0.5;5
2019-05-20T11:04:00+02:00;20026500000;17751040;17988608;234547576832;2;0
2019-05-20T11:06:00+02:00;19975500000;16517120;17018880;234540761088;6.5;2
2019-05-20T11:08:00+02:00;18240500000;18735104;18494976;234541285376;3;3
2019-05-20T11:10:00+02:00;19174000000;17265664;17687552;234542858240;2.5;1.5
2019-05-20T11:12:00+02:00;17991000000;17456640;17408512;234544955392;4;1
2019-05-20T11:14:00+02:00;19860500000;20501504;20528128;234584276992;1.5;2
2019-05-20T11:16:00+02:00;17793000000;19424256;19571200;234581131264;1;1.5
2019-05-20T11:18:00+02:00;17237500000;20897792;20886528;234577985536;2;2
2019-05-20T11:20:00+02:00;17765500000;15850496;17596416;234584801280;6;0.5
2019-05-20T11:22:00+02:00;17568500000;17470464;18600960;234579034112;3;1
2019-05-20T11:24:00+02:00;19210500000;18672128;19053568;234592665600;5.5;1
2019-05-20T11:26:00+02:00;20059500000;17311744;16460800;234583228416;8.5;3.5
2019-05-20T11:28:00+02:00;18464500000;17597440;17384960;234594762752;6;0.5
2019-05-20T11:30:00+02:00;19012000000;14209024;13723136;234593189888;4.5;1
2019-05-20T11:32:00+02:00;19321500000;15342592;14975488;234588471296;10;4.5
2019-05-20T11:34:00+02:00;18111500000;15686144;15682048;234563305472;4.5;1
2019-05-20T11:36:00+02:00;18360500000;16331264;16032256;234560684032;8;1.5
2019-05-20T11:38:00+02:00;16088500000;14761984;15811072;234561732608;5;0
2019-05-20T11:40:00+02:00;20636500000;13211648;13358080;234561208320;8.5;7
2019-05-20T11:42:00+02:00;17640500000;14598656;15796224;234560684032;4;1
2019-05-20T11:44:00+02:00;16570500000;13254656;13411840;234561208320;5;0.5
2019-05-20T11:46:00+02:00;17136500000;14048768;14070784;234560159744;9;4
2019-05-20T11:48:00+02:00;15531000000;15198208;15046656;234565926912;2.5;0.5
2019-05-20T11:50:00+02:00;18941000000;15298560;15895552;234563305472;10;1
2019-05-20T11:52:00+02:00;16000500000;15858688;16780288;234565402624;5.5;1
2019-05-20T11:54:00+02:00;18630500000;15588864;15939072;234571694080;3;0
2019-05-20T11:56:00+02:00;17849000000;13939712;13926400;234569596928;5;4
2019-05-20T11:58:00+02:00;18070000000;14196736;14341120;234568024064;9.5;4
2019-05-20T12:00:00+02:00;14796500000;15029248;16853504;234568024064;6;0
2019-05-20T12:02:00+02:00;12067500000;17043968;18626560;234566451200;4;1
2019-05-20T12:04:00+02:00;16895000000;17352192;18717696;234564354048;4;0
2019-05-20T12:06:00+02:00;15362500000;17927680;18963968;234564878336;8;4
2019-05-20T12:08:00+02:00;16193000000;18799104;18835456;234564354048;7.5;1
2019-05-20T12:10:00+02:00;15642000000;18426368;18435072;234564878336;4.5;1.5
2019-05-20T12:12:00+02:00;16578000000;19777536;19596800;234565402624;6;0
2019-05-20T12:14:00+02:00;16348000000;21889024;21979136;234544955392;4.5;0.5
2019-05-20T12:16:00+02:00;19802500000;20075008;24321536;234544955392;6;0.5
2019-05-20T12:18:00+02:00;18172000000;19190784;19271680;234549673984;2.5;0.5
2019-05-20T12:20:00+02:00;18038500000;19816960;20150784;234550198272;5;1.5
2019-05-20T12:22:00+02:00;16999500000;22798336;50508288;234554392576;6.5;1.5
2019-05-20T12:24:00+02:00;15222500000;24922624;73180672;234553344000;6.5;2.5
2019-05-20T12:26:00+02:00;19896500000;25996288;44071424;234553344000;7;4
2019-05-20T12:28:00+02:00;17306000000;25547776;25421312;234586374144;7.5;3.5
2019-05-20T12:30:00+02:00;18750500000;25442816;25887744;234597384192;5;2
2019-05-20T12:32:00+02:00;18951000000;20323328;25547776;234600005632;13.5;6
2019-05-20T12:34:00+02:00;19947500000;26061312;25487872;234596335616;6;2.5
2019-05-20T12:36:00+02:00;21998000000;28064768;28569600;234591617024;1.5;6.5
2019-05-20T12:38:00+02:00;18066500000;24296448;24096768;234600005632;6;1
2019-05-20T12:40:00+02:00;20782000000;29784064;29066240;234592665600;4.5;1
2019-05-20T12:42:00+02:00;18090000000;29081088;28890624;234583228416;12;0.5
2019-05-20T12:44:00+02:00;19848000000;29461504;29004800;234580606976;4;0.5
2019-05-20T12:46:00+02:00;19021000000;29039104;29113856;234579558400;0.5;1.5
2019-05-20T12:48:00+02:00;17770000000;30277632;29789184;234579034112;2;0
2019-05-20T12:50:00+02:00;18017500000;28326400;28268032;234579034112;4;0.5
2019-05-20T12:52:00+02:00;19621000000;28037120;29112832;234574839808;2;0
2019-05-20T12:54:00+02:00;18615500000;26172928;26752512;234572742656;5.5;0.5
2019-05-20T12:56:00+02:00;19312000000;24234496;24163328;234569072640;5;1
2019-05-20T12:58:00+02:00;19364500000;20238336;20073472;234568548352;2.5;0
2019-05-20T13:00:00+02:00;19033000000;23692288;23373312;234568024064;5;6
2019-05-20T13:02:00+02:00;18745000000;26297344;25720832;234569072640;6;6
2019-05-20T13:04:00+02:00;24022500000;28614656;29157376;234563305472;1;0
2019-05-20T13:06:00+02:00;23982000000;27938304;28824064;234559635456;11;8
2019-05-20T13:08:00+02:00;20244000000;27964928;28485120;234557538304;12;2.5
2019-05-20T13:10:00+02:00;20953000000;26819072;26588160;234557014016;11.5;0
2019-05-20T13:12:00+02:00;20116000000;26434560;25660416;234558062592;10.5;3.5
2019-05-20T13:14:00+02:00;22649000000;25521152;25147904;234574839808;5;1
2019-05-20T13:16:00+02:00;21394500000;28366848;28633088;234574839808;18.5;7
2019-05-20T13:18:00+02:00;22381500000;27796992;31243264;234574839808;3;0.5
2019-05-20T13:20:00+02:00;20638500000;21644800;23180800;234574315520;5.5;2
2019-05-20T13:22:00+02:00;20892500000;22281216;24615424;234572742656;4.5;2
2019-05-20T13:24:00+02:00;21950000000;21916672;24863232;234572218368;2.5;1
2019-05-20T13:26:00+02:00;20100500000;22166016;25097216;234570121216;5.5;1
2019-05-20T13:28:00+02:00;19444000000;26378752;28275712;234566975488;2;0
2019-05-20T13:30:00+02:00;19442500000;23184384;23577600;234570645504;4.5;1.5
2019-05-20T13:32:00+02:00;21182000000;24985600;24556032;234564354048;2;1
2019-05-20T13:34:00+02:00;20709000000;27054080;27133952;234561732608;5;1
2019-05-20T13:36:00+02:00;20876000000;25804800;25556992;234560684032;5.5;1
2019-05-20T13:38:00+02:00;19804000000;21717504;21715456;234554392576;6;1
2019-05-20T13:40:00+02:00;24397000000;20336128;20205568;234547052544;3;1
2019-05-20T13:42:00+02:00;22187000000;18304000;18010112;234541285376;3;1
2019-05-20T13:44:00+02:00;21433000000;15107072;14836736;234533421056;2.5;1
2019-05-20T13:46:00+02:00;22080500000;15283200;15224320;234527129600;8;3
2019-05-20T13:48:00+02:00;22066500000;15191040;15122432;234520313856;2.5;1.5
2019-05-20T13:50:00+02:00;21825000000;23172608;22896640;234553868288;5;4.5
2019-05-20T13:52:00+02:00;19824500000;11792384;13689856;234511925248;3;5
2019-05-20T13:54:00+02:00;17693000000;11586560;11923456;234510352384;0;1
2019-05-20T13:56:00+02:00;17613500000;8455168;8394240;234511925248;1.5;4.5
2019-05-20T13:58:00+02:00;16324000000;5659648;5829632;234511925248;4;1
2019-05-20T14:00:00+02:00;13010500000;7466496;7151104;234514022400;14;7
2019-05-20T14:02:00+02:00;12368000000;7707136;7607296;234519265280;5;2
2019-05-20T14:04:00+02:00;18431000000;8245760;8049152;234513498112;0;0
2019-05-20T14:06:00+02:00;15129000000;9221120;8950784;234510876672;3;1.5
2019-05-20T14:08:00+02:00;18388500000;8635392;8571392;234511925248;4;0
2019-05-20T14:10:00+02:00;17006500000;9653248;8739840;234510352384;3;0.5
2019-05-20T14:12:00+02:00;17407000000;9640448;9300992;234508255232;2.5;6.5
2019-05-20T14:14:00+02:00;15640500000;9443328;9283584;234510876672;2;3
2019-05-20T14:16:00+02:00;16697000000;7975424;7938048;234512973824;3.5;0.5
2019-05-20T14:18:00+02:00;17670000000;8310784;7778304;234498818048;3;1
2019-05-20T14:20:00+02:00;15576500000;8574976;8486400;234497245184;1.5;0.5
2019-05-20T14:22:00+02:00;15490000000;8668672;9880576;234497245184;1.5;0
2019-05-20T14:24:00+02:00;16316500000;8394752;8655360;234502488064;1.5;0.5
2019-05-20T14:26:00+02:00;18113500000;9419264;9515008;234498293760;3;2
2019-05-20T14:28:00+02:00;15392500000;7058432;6975488;234499866624;4;4
2019-05-20T14:30:00+02:00;18079500000;5674496;5542400;234509303808;4;2.5
2019-05-20T14:32:00+02:00;22423000000;8581120;8505344;234506158080;0.5;3
2019-05-20T14:34:00+02:00;19364000000;9518080;9654784;234508255232;3;0.5
2019-05-20T14:36:00+02:00;22321500000;8676352;8978944;234509303808;6.5;2
2019-05-20T14:38:00+02:00;18043000000;7346176;7145472;234506158080;2.5;0.5
2019-05-20T14:40:00+02:00;20832500000;7227392;6888448;234509828096;1;0
2019-05-20T14:42:00+02:00;15311000000;6795264;6220800;234511400960;1;2.5
2019-05-20T14:44:00+02:00;16214500000;6721536;6545408;234510352384;1;1.5
2019-05-20T14:46:00+02:00;14924000000;7704576;7347200;234510876672;1;5
2019-05-20T14:48:00+02:00;19459000000;8449024;8214528;234510876672;2;0
2019-05-20T14:50:00+02:00;20102500000;10498560;10956288;234517168128;0.5;0
2019-05-20T14:52:00+02:00;17625000000;9530368;10362880;234516119552;1;1.5
2019-05-20T14:54:00+02:00;18032500000;8394752;9483264;234518740992;1.5;1
2019-05-20T14:56:00+02:00;15583000000;9318400;9488896;234521362432;3.5;1
2019-05-20T14:58:00+02:00;18537000000;8421888;8929280;234514546688;4;1
2019-05-20T15:00:00+02:00;17288000000;9781248;12151808;234519265280;3;0.5
2019-05-20T15:02:00+02:00;15391500000;7766528;9125376;234516643840;1;1
2019-05-20T15:04:00+02:00;16163000000;6364160;6569984;234519265280;0.5;1
2019-05-20T15:06:00+02:00;17594000000;6735360;7154176;234519265280;2;0.5
2019-05-20T15:08:00+02:00;17855000000;6766592;7901184;234517692416;1.5;1
2019-05-20T15:10:00+02:00;16413500000;8638464;9675776;234521886720;3;1
2019-05-20T15:12:00+02:00;18232000000;29690368;6030848;234523459584;1;1.5
2019-05-20T15:14:00+02:00;12549000000;29920256;6045184;234995843072;1.5;1
2019-05-20T15:16:00+02:00;15412500000;5639168;9565184;235459313664;2;2
2019-05-20T15:18:00+02:00;13846000000;3402752;3916800;235482906624;2.5;1
2019-05-20T15:20:00+02:00;14652000000;4742656;5000704;235785945088;0;1
2019-05-20T15:22:00+02:00;14502500000;3270656;5014528;235789090816;2;1
2019-05-20T15:24:00+02:00;13280500000;4556800;4595200;235783847936;2;5.5
2019-05-20T15:26:00+02:00;15963500000;4824064;5079040;235785945088;0.5;4.5
2019-05-20T15:28:00+02:00;15374500000;5207040;4405248;235788566528;2.5;0.5
2019-05-20T15:30:00+02:00;17018000000;5393408;5220352;235785420800;2;0
2019-05-20T15:32:00+02:00;13436500000;5392896;5166080;235782275072;5.5;9
2019-05-20T15:34:00+02:00;15633500000;5852672;5861888;235785420800;1;1
2019-05-20T15:36:00+02:00;14924500000;5271552;4247552;235790663680;2.5;0.5
2019-05-20T15:38:00+02:00;15525500000;64486400;5642752;237914030080;0;0.5
2019-05-20T15:40:00+02:00;15576500000;2420736;2543616;240046833664;5;1
2019-05-20T15:42:00+02:00;16541000000;5146624;5019136;238877147136;7;1
2019-05-20T15:44:00+02:00;16406000000;4918784;4803584;239044395008;6.5;0.5
2019-05-20T15:46:00+02:00;16530000000;6076416;39965184;238813184000;4;1
2019-05-20T15:48:00+02:00;18166000000;4035584;3603456;238797455360;2.5;3
2019-05-20T15:50:00+02:00;16401500000;4452352;5653504;238805843968;5;4.5
2019-05-20T15:52:00+02:00;17492500000;4287488;5071872;238804271104;3;4
2019-05-20T15:54:00+02:00;16327000000;5329920;6336512;238807416832;0;4
2019-05-20T15:56:00+02:00;15748500000;5944320;5658624;238812659712;3.5;2.5
2019-05-20T15:58:00+02:00;15503500000;7011840;6887936;238805843968;2;1
2019-05-20T16:00:00+02:00;13316000000;7015936;6444032;238804795392;4;3
2019-05-20T16:02:00+02:00;14623500000;5298176;5344256;238843592704;6;1
2019-05-20T16:04:00+02:00;15316000000;6012416;5604352;238884487168;7.5;1.5
2019-05-20T16:06:00+02:00;17027500000;5047296;4714496;238892875776;6;1
2019-05-20T16:08:00+02:00;15815000000;5578752;4715520;238891302912;6.5;1
2019-05-20T16:10:00+02:00;18703000000;4630528;4032512;238912274432;6;0.5
2019-05-20T16:12:00+02:00;16765500000;5549056;5730304;238878195712;6.5;1
2019-05-20T16:14:00+02:00;18009500000;6505472;6378496;238893400064;2.5;1
2019-05-20T16:16:00+02:00;19341000000;5621248;5723136;238896021504;9.5;8
2019-05-20T16:18:00+02:00;16650000000;6475264;6078464;238837825536;5;1.5
2019-05-20T16:20:00+02:00;18352500000;5242368;5969408;238822621184;7.5;1
2019-05-20T16:22:00+02:00;14598000000;6061056;101648384;238821048320;4;5.5
2019-05-20T16:24:00+02:00;16563500000;7959040;107500032;238819475456;0;1
2019-05-20T16:26:00+02:00;16455500000;8141824;10793984;238820524032;3.5;6.5
2019-05-20T16:28:00+02:00;15692500000;5961216;5528064;238820524032;0.5;0.5
2019-05-20T16:30:00+02:00;17433000000;9863168;10552832;238821572608;1.5;1
2019-05-20T16:32:00+02:00;17202500000;10777088;11199488;238817378304;4;1
2019-05-20T16:34:00+02:00;18656000000;10389504;10307584;238813184000;4;0
2019-05-20T16:36:00+02:00;14193000000;11233280;10983936;238811611136;2;1
2019-05-20T16:38:00+02:00;16550500000;9433088;9445376;238812659712;1;0
2019-05-20T16:40:00+02:00;15212500000;10088448;9417728;238810038272;2;0.5
2019-05-20T16:42:00+02:00;15072500000;8096256;8122368;238815281152;3;1
2019-05-20T16:44:00+02:00;15350500000;9502720;12632064;238812659712;0;1
2019-05-20T16:46:00+02:00;15644000000;11611648;11629568;238808989696;2.5;2.5
2019-05-20T16:48:00+02:00;15751500000;11905536;11521024;238809513984;1;2
2019-05-20T16:50:00+02:00;16114000000;10266624;9901568;238810038272;1;1
2019-05-20T16:52:00+02:00;17761000000;9000448;10320384;238806892544;2.5;2
2019-05-20T16:54:00+02:00;14135000000;8470528;9430016;238807416832;2;0.5
2019-05-20T16:56:00+02:00;15789000000;7623168;7267840;238807416832;0;1
2019-05-20T16:58:00+02:00;14835500000;9490432;9929728;238806892544;2.5;1
2019-05-20T17:00:00+02:00;13777000000;8655360;8160256;238806368256;0;6
2019-05-20T17:02:00+02:00;13654500000;7050240;7320576;238818951168;3.5;7
2019-05-20T17:04:00+02:00;14898000000;8237568;9253376;238805843968;0.5;1
2019-05-20T17:06:00+02:00;18342500000;8747008;7753728;238803746816;3;14
2019-05-20T17:08:00+02:00;14063500000;10015232;8374784;238801649664;3;4
2019-05-20T17:10:00+02:00;17011000000;8599040;8466944;238800601088;3;6
2019-05-20T17:12:00+02:00;14324500000;8455168;9164800;238800076800;5.5;9
2019-05-20T17:14:00+02:00;17316000000;11182592;9221632;238794309632;2;14.5
2019-05-20T17:16:00+02:00;17562000000;8332288;8344576;238793261056;6;53
2019-05-20T17:18:00+02:00;17029500000;10938880;10872832;238792212480;1;6
2019-05-20T17:20:00+02:00;19015000000;9688576;10071552;238791163904;0.5;2
2019-05-20T17:22:00+02:00;18426000000;10606080;11484160;238791163904;4.5;3.5
2019-05-20T17:24:00+02:00;18669000000;10333184;10901504;238789066752;3;9
2019-05-20T17:26:00+02:00;18171500000;9787392;9971712;238788018176;3;9.5
2019-05-20T17:28:00+02:00;20099000000;9934336;9831424;238785396736;0;2
2019-05-20T17:30:00+02:00;19117500000;9181184;9231360;238779105280;2;0.5
2019-05-20T17:32:00+02:00;19291500000;9733632;9393152;238780678144;3.5;2
2019-05-20T17:34:00+02:00;20975500000;72389632;9075200;238783299584;2.5;6
2019-05-20T17:36:00+02:00;19132000000;42277376;9423872;238783823872;4.5;3
2019-05-20T17:38:00+02:00;18706000000;9354752;9745408;238779629568;2;1
2019-05-20T17:40:00+02:00;18811500000;9728000;9603072;234534993920;5;1
2019-05-20T17:42:00+02:00;18222500000;9179136;8609280;234521362432;5;1
2019-05-20T17:44:00+02:00;16614500000;9724928;9243648;234523459584;3.5;1.5
2019-05-20T17:46:00+02:00;20160000000;8407552;8496640;234525556736;6;2
2019-05-20T17:48:00+02:00;18665000000;9956864;9432064;234525556736;3.5;1
2019-05-20T17:50:00+02:00;20218500000;10610688;9875968;234531848192;6;8
2019-05-20T17:52:00+02:00;22286000000;7751680;8908800;234546003968;8;0
2019-05-20T17:54:00+02:00;21191000000;8629248;9418752;234550198272;5;13.5
2019-05-20T17:56:00+02:00;23399000000;7014912;8017408;234548101120;8;1
2019-05-20T17:58:00+02:00;20039000000;5502976;5344256;234548101120;7.5;1.5
2019-05-20T18:00:00+02:00;17480500000;8558592;9196032;234548101120;6;5
2019-05-20T18:02:00+02:00;15948000000;7093248;6914048;234550198272;8.5;5.5
2019-05-20T18:04:00+02:00;17052000000;7418880;7005696;234548625408;2.5;0.5
2019-05-20T18:06:00+02:00;18506500000;7483392;8306688;234551246848;8;6
2019-05-20T18:08:00+02:00;17054000000;9257984;9675264;234556489728;4.5;1
2019-05-20T18:10:00+02:00;19643500000;11793408;11608064;234564878336;6;1
2019-05-20T18:12:00+02:00;16324000000;14365696;13713408;234572218368;9;3
2019-05-20T18:14:00+02:00;19070000000;16692736;16492032;234571694080;5;0.5
2019-05-20T18:16:00+02:00;19161000000;11611136;11170816;234572742656;3.5;5.5
2019-05-20T18:18:00+02:00;19331500000;16127488;20049920;234574839808;0;0.5
2019-05-20T18:20:00+02:00;19569500000;14756352;14763008;234574315520;2;0.5
2019-05-20T18:22:00+02:00;18898500000;15769088;15491072;234570121216;5;1
2019-05-20T18:24:00+02:00;19367000000;14001152;13508608;234568024064;3;3
2019-05-20T18:26:00+02:00;18933500000;21017600;15575040;234576412672;6.5;1
2019-05-20T18:28:00+02:00;20903000000;15107584;14864896;234571169792;4;0.5
2019-05-20T18:30:00+02:00;18632000000;18695168;27365376;234570645504;2;1
2019-05-20T18:32:00+02:00;19604000000;19594752;19250176;234572742656;5;0
2019-05-20T18:34:00+02:00;19693000000;17457664;17029120;234570121216;3.5;0
2019-05-20T18:36:00+02:00;20920000000;17837568;17482240;234574839808;5.5;2
2019-05-20T18:38:00+02:00;19974000000;15998976;15703040;234579034112;6.5;0
2019-05-20T18:40:00+02:00;20013500000;18066432;17611776;234583228416;6.5;0.5
2019-05-20T18:42:00+02:00;21399000000;19644928;19278336;234580606976;0;2
2019-05-20T18:44:00+02:00;18885500000;19623936;19128320;234579558400;3;0.5
2019-05-20T18:46:00+02:00;19797000000;18348544;18075136;234581131264;8;3
2019-05-20T18:48:00+02:00;19320000000;20372480;20156416;234587947008;3;0.5
2019-05-20T18:50:00+02:00;21999500000;19872256;19441152;234586898432;4.5;3
2019-05-20T18:52:00+02:00;20187500000;17661952;17267712;234585849856;4.5;2.5
2019-05-20T18:54:00+02:00;18218000000;18498560;18019328;234585849856;6;0.5
2019-05-20T18:56:00+02:00;20288000000;21461504;21488640;234586374144;5.5;1
2019-05-20T18:58:00+02:00;19071500000;19622912;19197952;234586898432;3;5
2019-05-20T19:00:00+02:00;18514500000;20107264;20806656;234585849856;2;0
2019-05-20T19:02:00+02:00;18499000000;19878912;19894272;234586898432;6;2.5
2019-05-20T19:04:00+02:00;23083500000;21031936;21057024;234586898432;4;2
2019-05-20T19:06:00+02:00;18604000000;20950016;20900864;234588471296;9;2.5
2019-05-20T19:08:00+02:00;19136000000;17556480;17134080;234580082688;5.5;1.5
2019-05-20T19:10:00+02:00;21157000000;22981632;22478336;234581131264;5;0
2019-05-20T19:12:00+02:00;18239000000;22882816;22382592;234581131264;2.5;2
2019-05-20T19:14:00+02:00;21334000000;21536256;21493760;234580606976;4;0
2019-05-20T19:16:00+02:00;19024000000;21159424;20861440;234578509824;0.5;1
2019-05-20T19:18:00+02:00;20114000000;22109696;22133248;234578509824;3;1
2019-05-20T19:20:00+02:00;21677000000;22232064;22047744;234580082688;3;0.5
2019-05-20T19:22:00+02:00;22101000000;24500736;24412160;234578509824;1;2
2019-05-20T19:24:00+02:00;20643000000;26144768;26414080;234575888384;2.5;0.5
2019-05-20T19:26:00+02:00;20568000000;24531968;24009216;234579034112;5.5;0
2019-05-20T19:28:00+02:00;22104000000;25180160;28309504;234586898432;3.5;1
2019-05-20T19:30:00+02:00;22621000000;27864576;30985216;234596859904;18.5;6
2019-05-20T19:32:00+02:00;24657000000;24899072;24564736;234616782848;7.5;0
2019-05-20T19:34:00+02:00;19575000000;23721472;23539712;234615209984;5.5;0.5
2019-05-20T19:36:00+02:00;22079500000;27289088;27011584;234614161408;6;1
2019-05-20T19:38:00+02:00;22855000000;22798336;22939648;234585849856;4.5;0
2019-05-20T19:40:00+02:00;23853000000;25628672;25048576;234604199936;0;1
2019-05-20T19:42:00+02:00;20478500000;24422400;24271872;234607345664;2.5;1
2019-05-20T19:44:00+02:00;22124500000;23092736;22899200;234598957056;2;0
2019-05-20T19:46:00+02:00;22672000000;23278080;23104000;234600529920;7;4
2019-05-20T19:48:00+02:00;20105500000;23674368;23889920;234597908480;2;1
2019-05-20T19:50:00+02:00;23917500000;27249152;27124736;234597908480;2.5;1
2019-05-20T19:52:00+02:00;22807500000;26101760;26232832;234599481344;4.5;2
2019-05-20T19:54:00+02:00;22424000000;26565120;26349568;234597908480;3;0.5
2019-05-20T19:56:00+02:00;21654500000;32142336;32518144;234597384192;3;2
2019-05-20T19:58:00+02:00;21868500000;31708160;31848448;234589519872;1.5;1
2019-05-20T20:00:00+02:00;21461000000;30747648;30122496;234593189888;0.5;1
2019-05-20T20:02:00+02:00;22878000000;30151680;29524992;234588471296;3;1
2019-05-20T20:04:00+02:00;22551500000;26581504;27321856;234592141312;3.5;1
2019-05-20T20:06:00+02:00;22301500000;24262144;25339904;234600005632;1.5;2
2019-05-20T20:08:00+02:00;22982000000;30325248;30867456;234621501440;3;1
2019-05-20T20:10:00+02:00;21734500000;31668224;31353856;234623074304;2;0.5
2019-05-20T20:12:00+02:00;23540500000;31156224;31034880;234614161408;5;1.5
2019-05-20T20:14:00+02:00;23368500000;33906688;34381824;234623074304;7.5;0
2019-05-20T20:16:00+02:00;24396000000;32656384;32452608;234618355712;4.5;3.5
2019-05-20T20:18:00+02:00;25260000000;31045120;30989824;234618880000;4;3.5
2019-05-20T20:20:00+02:00;23993000000;30529536;30685184;234620452864;1;0.5
2019-05-20T20:22:00+02:00;23306000000;35756544;35200000;234618355712;0.5;1
2019-05-20T20:24:00+02:00;20132500000;31812608;31574016;234618355712;3.5;0
2019-05-20T20:26:00+02:00;22584000000;35140608;34480640;234622025728;1;3
2019-05-20T20:28:00+02:00;20792000000;36805632;36272128;234617831424;0.5;0.5
2019-05-20T20:30:00+02:00;21814500000;35798528;35403776;234617307136;4;4.5
2019-05-20T20:32:00+02:00;21017500000;34939392;34699776;234612588544;55;4
2019-05-20T20:34:00+02:00;19506500000;34139648;33905664;234613112832;1;1
2019-05-20T20:36:00+02:00;20520500000;29736960;29414912;234615734272;3;1
2019-05-20T20:38:00+02:00;20887000000;29992448;29897216;234617307136;1.5;0
2019-05-20T20:40:00+02:00;26640500000;28675584;28631040;234615734272;0;1
2019-05-20T20:42:00+02:00;22381000000;27805696;27746304;234612588544;9;2
2019-05-20T20:44:00+02:00;23968000000;29826560;29664256;234628317184;1;0.5
2019-05-20T20:46:00+02:00;23648500000;29563904;29766656;234614161408;17.5;9.5
2019-05-20T20:48:00+02:00;23848000000;31021056;30926336;234607869952;1;11.5
2019-05-20T20:50:00+02:00;23174500000;36043264;36031488;234614685696;3.5;7
2019-05-20T20:52:00+02:00;23762000000;35611648;35724800;234616258560;16;69.5
2019-05-20T20:54:00+02:00;23986000000;32918016;32500224;234620977152;1;1
2019-05-20T20:56:00+02:00;21993500000;32404480;32402432;234625171456;4;2.5
2019-05-20T20:58:00+02:00;22451000000;35080192;35023360;234613112832;2;1
2019-05-20T21:00:00+02:00;22174000000;33697792;33461248;234608918528;0.5;0.5
2019-05-20T21:02:00+02:00;24551500000;37710336;46435840;234577985536;4;1.5
2019-05-20T21:04:00+02:00;26606500000;36247040;54098432;234562256896;5.5;1
2019-05-20T21:06:00+02:00;26623500000;34876928;56265216;234557538304;4.5;1
2019-05-20T21:08:00+02:00;23819000000;32746496;57394176;234554916864;4.5;1
2019-05-20T21:10:00+02:00;22811000000;36167680;63340544;234542333952;3;1.5
2019-05-20T21:12:00+02:00;23426500000;36712448;61763072;234531323904;2;1
2019-05-20T21:14:00+02:00;24687000000;37011456;63850496;234518740992;1;1
2019-05-20T21:16:00+02:00;24146000000;35491840;62386688;234509303808;6;0.5
2019-05-20T21:18:00+02:00;23193500000;35276800;63200768;234512973824;1;0.5
2019-05-20T21:20:00+02:00;21206500000;35465216;63452672;234514022400;1;1
2019-05-20T21:22:00+02:00;22566000000;38841344;61178880;234518216704;1;1
2019-05-20T21:24:00+02:00;22841500000;36008960;55593472;234515070976;1.5;3
2019-05-20T21:26:00+02:00;24430000000;35812352;54385664;234515070976;1.5;2
2019-05-20T21:28:00+02:00;22042000000;34235392;54594048;234516643840;1.5;1
2019-05-20T21:30:00+02:00;24686500000;40979456;58687488;234515070976;1;1
2019-05-20T21:32:00+02:00;22779500000;34900992;51251200;234512449536;1.5;2.5
2019-05-20T21:34:00+02:00;24023000000;34398720;45173248;234507206656;1;1
2019-05-20T21:36:00+02:00;23955500000;35093504;36969472;234509303808;6.5;3.5
2019-05-20T21:38:00+02:00;23183500000;33788416;31942144;234512449536;0;0.5
2019-05-20T21:40:00+02:00;25092000000;35166720;35839488;234510876672;0;0.5
2019-05-20T21:42:00+02:00;22291000000;34671104;35096064;234508255232;2;3.5
2019-05-20T21:44:00+02:00;25611500000;35900928;36569600;234506682368;1;2
2019-05-20T21:46:00+02:00;22372000000;35503104;35781632;234510876672;0.5;1.5
2019-05-20T21:48:00+02:00;24798500000;35445248;36505600;234510876672;0;0.5
2019-05-20T21:50:00+02:00;22384000000;32678912;35789824;234527129600;2.5;1
2019-05-20T21:52:00+02:00;23505000000;36596736;37926912;234529751040;0;0
2019-05-20T21:54:00+02:00;23898000000;36589568;37060608;234533945344;0.5;0.5
2019-05-20T21:56:00+02:00;23957500000;35130368;35913216;234536566784;2;0.5
2019-05-20T21:58:00+02:00;22979500000;39518720;39398400;234541285376;2;0
2019-05-20T22:00:00+02:00;19006000000;40817152;44396544;234540761088;1;2.5
2019-05-20T22:02:00+02:00;26303000000;42227200;41484800;234548101120;13;3
2019-05-20T22:04:00+02:00;25075000000;42246144;41786368;234551771136;0.5;1.5
2019-05-20T22:06:00+02:00;24657000000;42000896;41762816;234557538304;2;2.5
2019-05-20T22:08:00+02:00;21752500000;45954048;45049344;234558062592;2.5;2
2019-05-20T22:10:00+02:00;26378000000;42895872;42787328;234563305472;3;0.5
2019-05-20T22:12:00+02:00;24686500000;43099136;43323392;234565926912;2.5;0.5
2019-05-20T22:14:00+02:00;22846500000;42971648;43030528;234566975488;1;1
2019-05-20T22:16:00+02:00;26599500000;41241600;41555456;234565402624;5;3
2019-05-20T22:18:00+02:00;26115000000;43206144;43108864;234569072640;2;1.5
2019-05-20T22:20:00+02:00;27114000000;40762368;41083392;234566975488;4;5
2019-05-20T22:22:00+02:00;23666500000;40915968;41234432;234568548352;0.5;4.5
2019-05-20T22:24:00+02:00;22503500000;39359488;39499264;234569596928;0;0.5
2019-05-20T22:26:00+02:00;20830000000;38071296;42634752;234565926912;0.5;3.5
2019-05-20T22:28:00+02:00;21040000000;36491776;35933184;234568548352;1;1
2019-05-20T22:30:00+02:00;22361000000;37064192;36998656;234567499776;2;2
2019-05-20T22:32:00+02:00;20158500000;35035136;34308608;234566975488;0;1
2019-05-20T22:34:00+02:00;21782000000;36283904;37742592;234567499776;2;0
2019-05-20T22:36:00+02:00;20373500000;32366592;31939584;234569596928;2;0.5
2019-05-20T22:38:00+02:00;21866500000;36020224;36617216;234570121216;1;0
2019-05-20T22:40:00+02:00;20870000000;37919744;37472256;234571169792;0.5;0
2019-05-20T22:42:00+02:00;20976000000;36567552;35928576;234571694080;2;1.5
2019-05-20T22:44:00+02:00;21057500000;34830336;34461696;234574315520;1.5;1
2019-05-20T22:46:00+02:00;19883500000;35639296;35433984;234570121216;2;1
2019-05-20T22:48:00+02:00;20591500000;38919680;39129088;234564354048;1.5;1
2019-05-20T22:50:00+02:00;18745000000;36474880;36497408;234562781184;6.5;0
2019-05-20T22:52:00+02:00;20124000000;35286016;35139072;234562781184;1;1
2019-05-20T22:54:00+02:00;19395500000;34947072;34981888;234556489728;1;0.5
2019-05-20T22:56:00+02:00;19829500000;32093184;31352832;234555441152;4.5;1
2019-05-20T22:58:00+02:00;22243000000;35698176;35657216;234602627072;5;0.5
2019-05-20T23:00:00+02:00;18355000000;35313664;35025408;234606297088;5.5;0.5
2019-05-20T23:02:00+02:00;23267000000;32581120;32256000;234625695744;6;0
2019-05-20T23:04:00+02:00;24845500000;32856576;33355776;234635657216;5.5;0.5
2019-05-20T23:06:00+02:00;24698000000;31016448;30668288;234636705792;8;0.5
2019-05-20T23:08:00+02:00;20779000000;28751872;28426240;234638802944;2;0
2019-05-20T23:10:00+02:00;19779000000;27054080;26462720;234638278656;0;2.5
2019-05-20T23:12:00+02:00;20707000000;24905728;25311744;234640375808;3;2
2019-05-20T23:14:00+02:00;22747500000;26975232;27270144;234636181504;0;3.5
2019-05-20T23:16:00+02:00;19835000000;26023936;26380288;234633035776;0.5;5
2019-05-20T23:18:00+02:00;17417000000;26538496;27995136;234630938624;1;7.5
2019-05-20T23:20:00+02:00;20788000000;23348224;22939136;234626220032;0;3
2019-05-20T23:22:00+02:00;17711000000;23283712;23747584;234617307136;2.5;11
2019-05-20T23:24:00+02:00;19893500000;24490496;25101312;234611015680;1;9
2019-05-20T23:26:00+02:00;17407500000;25370624;24827904;234609442816;6.5;8
2019-05-20T23:28:00+02:00;18158500000;24957440;24665088;234609442816;2;1.5
2019-05-20T23:30:00+02:00;17634000000;22898688;22881792;234613112832;0.5;0.5
2019-05-20T23:32:00+02:00;17485000000;23736320;23404544;234601054208;1;4.5
2019-05-20T23:34:00+02:00;17394500000;21707264;21526016;234598957056;0.5;1
2019-05-20T23:36:00+02:00;15939000000;22488064;21879808;234597384192;1;1
2019-05-20T23:38:00+02:00;16826500000;23559168;24126976;234594762752;1;0
2019-05-20T23:40:00+02:00;17846500000;21401088;21246464;234592665600;1;1
2019-05-20T23:42:00+02:00;18250000000;22402560;22109184;234593714176;1;1
2019-05-20T23:44:00+02:00;17943500000;21204992;20647936;234591617024;2.5;0
2019-05-20T23:46:00+02:00;18637500000;18914816;19706368;234591617024;3;2
2019-05-20T23:48:00+02:00;16780000000;18300928;18338816;234591617024;0.5;0
2019-05-20T23:50:00+02:00;16859500000;17305600;16876032;234589519872;0;1
2019-05-20T23:52:00+02:00;20323000000;20967424;20469760;234597908480;0;1
2019-05-20T23:54:00+02:00;17917000000;19329024;19135488;234597384192;1;1
2019-05-20T23:56:00+02:00;17314000000;23692288;21263360;234590568448;1;2.5
2019-05-20T23:58:00+02:00;15907000000;20065280;19921408;234586374144;1.5;0.5
