 ;CPU usage;Used memory;Number of bytes received;Number of bytes transmitted;Overall status;RLATE;WLATE
2019-07-01T00:00:00+02:00;10183600000;2,39873E+11;839097;865050;1;13;15
2019-07-01T01:00:00+02:00;10369700000;2,3987E+11;904072;1250884;1;9;17
2019-07-01T02:00:00+02:00;11291433333;2,39845E+11;837546;14237303;1;19;66
2019-07-01T03:00:00+02:00;12259118644;2,39687E+11;679120;3516867;1;17;35
2019-07-01T04:00:00+02:00;11252583333;2,39452E+11;668203;1751161;1;21;58
2019-07-01T05:00:00+02:00;10293583333;2,39209E+11;641382;826094;1;6;7
2019-07-01T06:00:00+02:00;10548766666;2,35457E+11;783536;4211729;1;9;11
2019-07-01T07:00:00+02:00;9918383333;2,35027E+11;917879;1171421;1;9;4
2019-07-01T08:00:00+02:00;11837233333;2,35042E+11;1033881;1604061;1;9;11
2019-07-01T09:00:00+02:00;11776050000;2,34904E+11;1511042;1982724;1;10;10
2019-07-01T10:00:00+02:00;10571483333;2,34758E+11;1039650;1820774;1;5;8
2019-07-01T11:00:00+02:00;10896700000;2,39634E+11;6394675;2466201;1;10;12
2019-07-01T12:00:00+02:00;11162333333;2,43497E+11;889139;3270365;1;12;9
2019-07-01T13:00:00+02:00;10277933333;2,45416E+11;2961271;1395268;1;5;9
2019-07-01T14:00:00+02:00;10042600000;2,52145E+11;933939;1524906;1;4;25
2019-07-01T15:00:00+02:00;10459516666;2,51702E+11;1756108;7487249;1;3;10
2019-07-01T16:00:00+02:00;10791616666;2,36734E+11;991402;1413239;1;8;16
2019-07-01T17:00:00+02:00;9863333333;2,36703E+11;5317324;4651690;1;4;7
2019-07-01T18:00:00+02:00;9519900000;2,3678E+11;794333;1151453;1;5;22
2019-07-01T19:00:00+02:00;9849133333;2,36818E+11;707184;1374242;1;4;11
2019-07-01T20:00:00+02:00;9699616666;2,36848E+11;1036168;8178841;1;4;10
2019-07-01T21:00:00+02:00;9419666666;2,36856E+11;870859;1877821;1;4;6
2019-07-01T22:00:00+02:00;9949233333;2,36816E+11;1825097;2496789;1;8;9
2019-07-01T23:00:00+02:00;10575933333;2,40659E+11;2508322;1841032;1;4;4
2019-07-02T00:00:00+02:00;10316866666;2,41367E+11;951586;1313092;1;7;13
2019-07-02T01:00:00+02:00;10435550000;2,41418E+11;617923;953083;1;6;18
2019-07-02T02:00:00+02:00;11592816666;2,41353E+11;804488;19636855;1;8;15
2019-07-02T03:00:00+02:00;10392933333;2,26636E+11;588151;22685030;1;8;16
2019-07-02T04:00:00+02:00;9754833333;2,24159E+11;606242;31460625;1;12;39
2019-07-02T05:00:00+02:00;8184666666;2,24085E+11;462421;2852556;1;5;9
2019-07-02T06:00:00+02:00;8960750000;2,24096E+11;284619;633248;1;4;9
2019-07-02T07:00:00+02:00;8395516666;2,24084E+11;383180;722551;1;6;4
2019-07-02T08:00:00+02:00;8977400000;2,27309E+11;2942856;1792119;1;9;5
2019-07-02T09:00:00+02:00;9857900000;2,34271E+11;6248550;11027694;1;6;7
2019-07-02T10:00:00+02:00;8957150000;2,21198E+11;2675473;2219622;1;11;8
2019-07-02T11:00:00+02:00;9267966666;2,29727E+11;4453653;1673059;1;9;5
2019-07-02T12:00:00+02:00;9647983333;2,32917E+11;1912576;55634636;1;9;2
2019-07-02T13:00:00+02:00;8670116666;2,32097E+11;785749;1410167;1;8;2
2019-07-02T14:00:00+02:00;8840433333;2,32109E+11;539323;1456725;1;9;5
2019-07-02T15:00:00+02:00;9314850000;2,30306E+11;1886208;4019268;1;12;4
2019-07-02T16:00:00+02:00;10137983333;2,39258E+11;5761143;2838186;1;10;17
2019-07-02T17:00:00+02:00;9238200000;2,45952E+11;1526193;11620768;1;8;7
2019-07-02T18:00:00+02:00;7997183333;2,40829E+11;2489463;3911424;1;9;18
2019-07-02T19:00:00+02:00;7913016666;2,4115E+11;412290;1282846;1;6;10
2019-07-02T20:00:00+02:00;8270400000;2,47792E+11;2344345;3146666;1;10;9
2019-07-02T21:00:00+02:00;8114483333;2,50587E+11;685704;1457442;1;16;7
2019-07-02T22:00:00+02:00;8951600000;2,50579E+11;846557;2100599;1;12;5
2019-07-02T23:00:00+02:00;9529283333;2,50578E+11;614788;1455368;1;10;5
2019-07-03T00:00:00+02:00;9095233333;2,50715E+11;2115191;4591940;1;20;21
2019-07-03T01:00:00+02:00;9779283333;2,50591E+11;759773;17875217;1;13;13
2019-07-03T02:00:00+02:00;12286450000;2,50471E+11;4935236;24086203;1;12;24
2019-07-03T03:00:00+02:00;10593864406;2,50502E+11;817568;2351937;1;15;16
2019-07-03T04:00:00+02:00;10821666666;2,50604E+11;682018;4799661;1;16;40
2019-07-03T05:00:00+02:00;9534533333;2,50511E+11;393881;3158408;1;11;9
2019-07-03T06:00:00+02:00;9891050000;2,50547E+11;387908;768307;1;15;10
2019-07-03T07:00:00+02:00;9046450000;2,50605E+11;363724;889565;1;18;30
2019-07-03T08:00:00+02:00;9781883333;2,39069E+11;559189;3241540;1;15;7
2019-07-03T09:00:00+02:00;11423050000;2,35704E+11;659234;2799547;1;16;10
2019-07-03T10:00:00+02:00;11762683333;2,35745E+11;691643;2833203;1;22;13
2019-07-03T11:00:00+02:00;10758233333;2,35761E+11;736136;1951556;1;13;12
2019-07-03T12:00:00+02:00;9526733333;2,35881E+11;571798;1785838;1;16;6
2019-07-03T13:00:00+02:00;8889833333;2,35896E+11;599722;1628484;1;18;10
2019-07-03T14:00:00+02:00;9851416666;2,38195E+11;2755688;1668581;1;22;25
2019-07-03T15:00:00+02:00;12792200000;2,38999E+11;636285;3360611;1;15;4
2019-07-03T16:00:00+02:00;11377702702;2,3518E+11;699050;7617820;1;16;2
2019-07-03T17:00:00+02:00;9926850000;2,3135E+11;2156817;3787929;1;13;14
2019-07-03T18:00:00+02:00;8871883333;2,31275E+11;1031850;1621213;1;18;21
2019-07-03T19:00:00+02:00;8157283333;2,31292E+11;945134;1599419;1;12;7
2019-07-03T20:00:00+02:00;8850116666;2,3127E+11;364977;4178978;1;11;11
2019-07-03T21:00:00+02:00;9269933333;2,32226E+11;850909;11237614;1;18;8
2019-07-03T22:00:00+02:00;8924700000;2,34442E+11;441309;2875733;1;12;8
2019-07-03T23:00:00+02:00;8910150000;2,34463E+11;361830;900369;1;14;29
2019-07-04T00:00:00+02:00;8826516666;2,42025E+11;6398225;3299788;1;16;13
2019-07-04T01:00:00+02:00;9684650000;2,42894E+11;1377158;18970849;1;16;20
2019-07-04T02:00:00+02:00;10120183333;2,42781E+11;4730685;11412091;1;16;31
2019-07-04T03:00:00+02:00;9590133333;2,42878E+11;336725;2610773;1;16;20
2019-07-04T04:00:00+02:00;10999950000;2,42815E+11;382924;5497395;1;23;35
2019-07-04T05:00:00+02:00;10448850000;2,42731E+11;329045;1307716;1;15;12
2019-07-04T06:00:00+02:00;9746466666;2,42579E+11;487371;1212574;1;19;13
2019-07-04T07:00:00+02:00;9612316666;2,42618E+11;494680;1025995;1;20;7
2019-07-04T08:00:00+02:00;11604516666;2,42744E+11;1431978;2460364;1;16;3
2019-07-04T09:00:00+02:00;14021266666;2,42777E+11;1180296;2570393;1;19;14
2019-07-04T10:00:00+02:00;15218450000;2,41704E+11;879735;2054178;1;15;7
2019-07-04T11:00:00+02:00;11965800000;2,40593E+11;751616;12867891;1;14;6
2019-07-04T12:00:00+02:00;11271066666;2,40413E+11;694493;4148377;1;13;3
2019-07-04T13:00:00+02:00;10009266666;2,386E+11;441309;1878920;1;13;5
2019-07-04T14:00:00+02:00;10022033333;2,41031E+11;3801992;6201907;1;23;25
2019-07-04T15:00:00+02:00;9367683333;2,42774E+11;557513;1686710;1;15;8
2019-07-04T16:00:00+02:00;10310816666;2,41744E+11;682513;2916215;1;15;11
2019-07-04T17:00:00+02:00;7411559322;2,46531E+11;6854708;3431909;1;15;7
2019-07-04T18:00:00+02:00;7921633333;2,51382E+11;2347281;6223138;1;11;5
2019-07-04T19:00:00+02:00;7993316666;2,45222E+11;833483;6508067;1;12;9
2019-07-04T20:00:00+02:00;7807200000;2,2896E+11;321297;993843;1;12;4
2019-07-04T21:00:00+02:00;7654316666;2,28986E+11;356471;2531993;1;11;8
2019-07-04T22:00:00+02:00;8869383333;2,29537E+11;499712;3390754;1;14;13
2019-07-04T23:00:00+02:00;9096583333;2,26774E+11;413539;1357876;1;14;16
2019-07-05T00:00:00+02:00;8788916666;2,18391E+11;363127;2895889;1;20;12
2019-07-05T01:00:00+02:00;9138183333;2,15897E+11;625768;17769871;1;18;12
2019-07-05T02:00:00+02:00;10528516666;2,15887E+11;4051551;23604814;1;15;29
2019-07-05T03:00:00+02:00;9428283333;2,16007E+11;508962;12491912;1;16;18
2019-07-05T04:00:00+02:00;9580433333;2,15906E+11;584140;18765260;1;19;32
2019-07-05T05:00:00+02:00;9907900000;2,15822E+11;277162;7873177;1;13;6
2019-07-05T06:00:00+02:00;8619616666;2,15798E+11;397721;3669213;1;14;12
2019-07-05T07:00:00+02:00;8186916666;2,15821E+11;499643;868676;1;15;7
2019-07-05T08:00:00+02:00;9910933333;2,15986E+11;830168;1457828;1;19;9
2019-07-05T09:00:00+02:00;10436800000;2,16187E+11;769382;1623825;1;17;7
2019-07-05T10:00:00+02:00;9481066666;2,16367E+11;834013;1410935;1;16;5
2019-07-05T11:00:00+02:00;9015383333;2,1886E+11;3105245;7099511;1;18;18
2019-07-05T12:00:00+02:00;9429916666;2,18122E+11;1938414;14237235;1;18;33
2019-07-05T13:00:00+02:00;8347283333;2,18398E+11;2518323;3654434;1;14;16
2019-07-05T14:00:00+02:00;8642716666;2,18455E+11;676505;1394705;1;18;7
2019-07-05T15:00:00+02:00;9186883333;2,18494E+11;2769015;1572556;1;15;22
2019-07-05T16:00:00+02:00;10549700000;2,32811E+11;3747481;2267238;1;19;20
2019-07-05T17:00:00+02:00;11857466666;2,34996E+11;830720;2023321;1;17;5
2019-07-05T18:00:00+02:00;9295100000;2,35621E+11;721885;1113787;1;15;5
2019-07-05T19:00:00+02:00;8754233333;2,35796E+11;981469;2715818;1;15;13
2019-07-05T20:00:00+02:00;9810150000;2,35831E+11;523177;811702;1;14;7
2019-07-05T21:00:00+02:00;9953833333;2,35954E+11;824584;13439664;1;13;5
2019-07-05T22:00:00+02:00;12673466666;2,35931E+11;713813;2683016;1;15;10
2019-07-05T23:00:00+02:00;10579216666;2,31762E+11;648618;4755473;1;14;9
2019-07-06T00:00:00+02:00;10563333333;2,25088E+11;308309;1176712;1;17;12
2019-07-06T01:00:00+02:00;9627816666;2,24925E+11;604726;17578130;1;18;14
2019-07-06T02:00:00+02:00;11320600000;2,24877E+11;4473480;23475404;1;22;24
2019-07-06T03:00:00+02:00;11401833333;2,24936E+11;2473864;22623163;1;23;36
2019-07-06T04:00:00+02:00;11056850000;2,24401E+11;4499985;16682410;1;15;30
2019-07-06T05:00:00+02:00;11263783333;2,22942E+11;5016302;4643054;1;13;8
2019-07-06T06:00:00+02:00;10402316666;2,2303E+11;3653649;1422097;1;13;10
2019-07-06T07:00:00+02:00;9717866666;2,23006E+11;5913975;6330453;1;9;5
2019-07-06T08:00:00+02:00;9764100000;2,23033E+11;7066658;5216733;1;18;4
2019-07-06T09:00:00+02:00;9939483333;2,22973E+11;2836855;10070732;1;15;6
2019-07-06T10:00:00+02:00;9019200000;2,22913E+11;5435921;19670988;1;12;10
2019-07-06T11:00:00+02:00;9085033333;2,22903E+11;6087748;25826065;1;10;4
2019-07-06T12:00:00+02:00;9305850000;2,2297E+11;17037897;25863149;1;13;3
2019-07-06T13:00:00+02:00;9487666666;2,22974E+11;2521088;5088563;1;12;2
2019-07-06T14:00:00+02:00;8692000000;2,23013E+11;9446724;8598135;1;11;6
2019-07-06T15:00:00+02:00;9351616666;2,23016E+11;1014033;8740761;1;11;5
2019-07-06T16:00:00+02:00;14150500000;2,23005E+11;572155;1707337;1;10;5
2019-07-06T17:00:00+02:00;12997516666;2,23023E+11;364202;780424;1;10;4
2019-07-06T18:00:00+02:00;13137800000;2,23042E+11;394888;3002419;1;11;9
2019-07-06T19:00:00+02:00;12715700000;2,23058E+11;319641;822493;1;8;6
2019-07-06T20:00:00+02:00;13311850000;2,23041E+11;365533;1835008;1;10;2
2019-07-06T21:00:00+02:00;13178516666;2,23117E+11;376346;12108747;1;9;10
2019-07-06T22:00:00+02:00;13235096153;2,23083E+11;377354;894694;1;11;14
2019-07-06T23:00:00+02:00;null;null;null;null;null;0;0
2019-07-07T00:00:00+02:00;null;null;null;null;null;0;0
2019-07-07T01:00:00+02:00;13263739130;2,2302E+11;624733;22209442;1;14;15
2019-07-07T02:00:00+02:00;14857616666;2,21282E+11;3096098;24550604;1;10;42
2019-07-07T03:00:00+02:00;13192283333;2,20725E+11;541219;17597492;1;14;16
2019-07-07T04:00:00+02:00;13159950000;2,20736E+11;318498;2902988;1;12;42
2019-07-07T05:00:00+02:00;9991766666;2,2076E+11;230451;569275;1;9;3
2019-07-07T06:00:00+02:00;8102566666;2,20839E+11;323515;862924;1;10;10
2019-07-07T07:00:00+02:00;7170083333;2,20704E+11;270028;661794;1;9;4
2019-07-07T08:00:00+02:00;7508816666;2,20723E+11;234649;583441;1;9;5
2019-07-07T09:00:00+02:00;6993750000;2,20729E+11;236356;646604;1;9;7
2019-07-07T10:00:00+02:00;7238566666;2,20704E+11;318651;1675673;1;9;7
2019-07-07T11:00:00+02:00;8344666666;2,24073E+11;1864072;867396;1;13;14
2019-07-07T12:00:00+02:00;8162916666;2,25063E+11;624726;2305405;1;12;3
2019-07-07T13:00:00+02:00;8326683333;2,25067E+11;399308;10163592;1;10;6
2019-07-07T14:00:00+02:00;8098133333;2,28977E+11;2493787;742226;1;13;5
2019-07-07T15:00:00+02:00;8601666666;2,28287E+11;1277525;5842329;1;12;3
2019-07-07T16:00:00+02:00;8752616666;2,22266E+11;1358967;1007854;1;12;3
2019-07-07T17:00:00+02:00;8194533333;2,24017E+11;1417304;3390622;1;20;9
2019-07-07T18:00:00+02:00;9204150000;2,25789E+11;401698;7343462;1;21;16
2019-07-07T19:00:00+02:00;9103283333;2,21799E+11;409992;9712964;1;21;71
2019-07-07T20:00:00+02:00;9093016666;2,12942E+11;319300;1545420;1;35;215
2019-07-07T21:00:00+02:00;8921900000;2,13013E+11;373947;10814720;1;17;7
2019-07-07T22:00:00+02:00;9054250000;2,1306E+11;308002;1343897;1;20;10
2019-07-07T23:00:00+02:00;8958533333;2,15933E+11;716100;2503731;1;13;6
2019-07-08T00:00:00+02:00;9647666666;2,20015E+11;265881;834048;1;20;10
2019-07-08T01:00:00+02:00;9343566666;2,19945E+11;557346;17307989;1;17;9
2019-07-08T02:00:00+02:00;10982566666;2,18467E+11;4439705;20172270;1;15;14
2019-07-08T03:00:00+02:00;9730966666;2,15613E+11;636459;17411644;1;17;27
2019-07-08T04:00:00+02:00;9973433333;2,15599E+11;418252;4241664;1;20;35
2019-07-08T05:00:00+02:00;10437250000;2,15573E+11;295901;600268;1;14;5
2019-07-08T06:00:00+02:00;11061550000;2,15607E+11;401544;819080;1;18;5
2019-07-08T07:00:00+02:00;8454950000;2,15581E+11;809591;2164940;1;14;6
2019-07-08T08:00:00+02:00;11026016666;2,15545E+11;907673;1723801;1;15;5
2019-07-08T09:00:00+02:00;11887550000;2,15568E+11;1000123;2100974;1;23;15
2019-07-08T10:00:00+02:00;12589300000;2,1561E+11;966707;2614306;1;23;14
2019-07-08T11:00:00+02:00;11172633333;2,1569E+11;1186491;2227609;1;22;18
2019-07-08T12:00:00+02:00;12106700000;2,15771E+11;1984963;2656308;1;20;6
2019-07-08T13:00:00+02:00;10628016666;2,1557E+11;1562502;37991424;1;19;9
2019-07-08T14:00:00+02:00;11333266666;2,12566E+11;2461627;73680162;1;24;13
2019-07-08T15:00:00+02:00;12365666666;2,08694E+11;854852;4329113;1;19;9
2019-07-08T16:00:00+02:00;12359183333;2,08493E+11;750557;1612800;1;21;12
2019-07-08T17:00:00+02:00;9473066666;2,08548E+11;536645;2594798;1;14;5
2019-07-08T18:00:00+02:00;11603683333;2,08631E+11;469616;2354054;1;21;13
2019-07-08T19:00:00+02:00;8379583333;2,10466E+11;1241804;2703479;1;14;19
2019-07-08T20:00:00+02:00;8661133333;2,12891E+11;366370;1077521;1;16;5
2019-07-08T21:00:00+02:00;8273500000;2,1291E+11;556117;11069764;1;14;11
2019-07-08T22:00:00+02:00;11339300000;2,11745E+11;904550;6509056;1;20;8
2019-07-08T23:00:00+02:00;8897350000;2,06352E+11;429653;1318792;1;14;10
2019-07-09T00:00:00+02:00;8976133333;2,06433E+11;410988;1357285;1;16;12
2019-07-09T01:00:00+02:00;8803200000;2,06345E+11;715140;19345460;1;13;10
2019-07-09T02:00:00+02:00;10664500000;2,0637E+11;4824752;21539204;1;17;27
2019-07-09T03:00:00+02:00;9120316666;2,06334E+11;503552;11351210;1;19;23
2019-07-09T04:00:00+02:00;11742516666;2,06956E+11;388130;1544362;1;19;33
2019-07-09T05:00:00+02:00;11886800000;2,04099E+11;411821;5063870;1;14;11
2019-07-09T06:00:00+02:00;8524166666;2,03627E+11;651639;2193203;1;17;15
2019-07-09T07:00:00+02:00;8353183333;2,03543E+11;588322;1687005;1;16;3
2019-07-09T08:00:00+02:00;9944183333;2,0355E+11;926907;2119099;1;18;13
2019-07-09T09:00:00+02:00;11068333333;2,03844E+11;1282065;16930850;1;19;10
2019-07-09T10:00:00+02:00;11200733333;2,03839E+11;1511065;41951266;1;18;10
2019-07-09T11:00:00+02:00;10598600000;2,03796E+11;1864379;58039005;1;20;9
2019-07-09T12:00:00+02:00;9600383333;2,03996E+11;1572603;48569274;1;15;6
2019-07-09T13:00:00+02:00;9545516666;2,00967E+11;732381;11012539;1;17;15
2019-07-09T14:00:00+02:00;9777366666;1,95449E+11;616016;1593703;1;18;8
2019-07-09T15:00:00+02:00;9370400000;1,9513E+11;870604;7315950;1;18;27
2019-07-09T16:00:00+02:00;10914600000;1,94784E+11;1123191;7510084;1;19;7
2019-07-09T17:00:00+02:00;8020566666;1,9478E+11;558011;1844138;1;17;9
2019-07-09T18:00:00+02:00;7069383333;1,94716E+11;485289;1026134;1;16;5
2019-07-09T19:00:00+02:00;7049983333;1,94718E+11;497817;1698662;1;18;5
2019-07-09T20:00:00+02:00;7328633333;1,99986E+11;4834133;1445222;1;14;15
2019-07-09T21:00:00+02:00;7177916666;2,00716E+11;964386;4471466;1;19;5
2019-07-09T22:00:00+02:00;9892666666;2,00637E+11;422894;3545036;1;14;6
2019-07-09T23:00:00+02:00;7844933333;2,00689E+11;373469;1205828;1;12;16
2019-07-10T00:00:00+02:00;8672800000;2,00769E+11;459963;1835349;1;20;12
2019-07-10T01:00:00+02:00;8635566666;2,0073E+11;662818;19057595;1;19;11
2019-07-10T02:00:00+02:00;9565883333;2,00773E+11;5326865;19080874;1;17;13
2019-07-10T03:00:00+02:00;8787133333;2,00768E+11;519918;2423398;1;17;55
2019-07-10T04:00:00+02:00;8630300000;2,00799E+11;280090;1768187;1;15;39
2019-07-10T05:00:00+02:00;9040966666;2,01012E+11;1900526;3028036;1;14;8
2019-07-10T06:00:00+02:00;8333450000;2,03158E+11;985548;719138;1;17;10
2019-07-10T07:00:00+02:00;8190783333;2,03505E+11;979447;905944;1;16;6
2019-07-10T08:00:00+02:00;11034400000;2,00663E+11;1132844;1938432;1;18;14
2019-07-10T09:00:00+02:00;10953333333;1,9784E+11;1764316;46604711;1;20;53
2019-07-10T10:00:00+02:00;9587800000;1,96304E+11;1956369;59635217;1;20;9
2019-07-10T11:00:00+02:00;9493500000;1,92149E+11;1208785;23827456;1;20;11
2019-07-10T12:00:00+02:00;10669983333;1,86774E+11;1239786;31083224;1;17;4
2019-07-10T13:00:00+02:00;12040766666;1,81582E+11;1402279;26632386;1;16;4
2019-07-10T14:00:00+02:00;11746050000;1,76751E+11;1134114;29247880;1;10;6
2019-07-10T15:00:00+02:00;9557116666;1,7422E+11;1281928;29670638;1;14;7
2019-07-10T16:00:00+02:00;11838050000;1,72245E+11;1133209;26195524;1;15;18
2019-07-10T17:00:00+02:00;7019466666;1,72301E+11;781400;14417672;1;11;8
2019-07-10T18:00:00+02:00;11187916666;1,72316E+11;461753;1577595;1;18;25
2019-07-10T19:00:00+02:00;6173500000;1,7217E+11;316849;825170;1;11;3
2019-07-10T20:00:00+02:00;7100700000;1,72186E+11;309213;1561429;1;10;7
2019-07-10T21:00:00+02:00;6162100000;1,72205E+11;366250;5424981;1;10;6
2019-07-10T22:00:00+02:00;8845783333;1,72268E+11;313890;3149021;1;10;20
2019-07-10T23:00:00+02:00;6363550000;1,73986E+11;1809355;2877301;1;8;9
2019-07-11T00:00:00+02:00;7577383333;1,74785E+11;312320;5366731;1;14;11
2019-07-11T01:00:00+02:00;7063466666;1,74642E+11;553540;15664571;1;11;15
2019-07-11T02:00:00+02:00;9008266666;1,7472E+11;3734067;19458867;1;13;23
2019-07-11T03:00:00+02:00;10514116666;1,7721E+11;317509;2915102;1;13;16
2019-07-11T04:00:00+02:00;8562900000;1,77547E+11;337681;4372514;1;12;38
2019-07-11T05:00:00+02:00;10170733333;1,74988E+11;309094;2798318;1;11;7
2019-07-11T06:00:00+02:00;7535483333;1,73236E+11;337032;840055;1;13;21
2019-07-11T07:00:00+02:00;6935366666;1,72813E+11;333704;791278;1;11;5
2019-07-11T08:00:00+02:00;9105466666;1,7241E+11;2026632;7302365;1;12;12
2019-07-11T09:00:00+02:00;8666516666;1,70163E+11;845442;13815634;1;17;14
2019-07-11T10:00:00+02:00;7230800000;1,68258E+11;700624;5978840;1;35;22
2019-07-11T11:00:00+02:00;6848616666;1,68124E+11;561510;1415526;1;35;19
2019-07-11T12:00:00+02:00;6822366666;1,71775E+11;2533546;1500706;1;33;16
2019-07-11T13:00:00+02:00;7163266666;1,72604E+11;513475;7024466;1;37;106
2019-07-11T14:00:00+02:00;7441533333;1,72241E+11;1852586;15049489;1;40;37
2019-07-11T15:00:00+02:00;8016583333;1,71571E+11;12296413;7213875;1;28;25
2019-07-11T16:00:00+02:00;8787383333;1,71168E+11;1085730;2715750;1;23;30
2019-07-11T17:00:00+02:00;7012900000;1,71836E+11;851742;2384531;1;23;7
2019-07-11T18:00:00+02:00;6312466666;1,71982E+11;621429;7429588;1;26;9
2019-07-11T19:00:00+02:00;5675216666;1,71985E+11;362274;832409;1;19;7
2019-07-11T20:00:00+02:00;6295783333;1,71988E+11;617898;1216631;1;19;7
2019-07-11T21:00:00+02:00;5793416666;1,72025E+11;429515;15407757;1;18;6
2019-07-11T22:00:00+02:00;8843650000;1,72027E+11;476819;3770992;1;19;41
2019-07-11T23:00:00+02:00;6419716666;1,72039E+11;348350;1774713;1;27;38
2019-07-12T00:00:00+02:00;6627566666;1,7203E+11;346606;1013026;1;28;40
2019-07-12T01:00:00+02:00;6228433333;1,71864E+11;607675;21449011;1;18;35
2019-07-12T02:00:00+02:00;7486800000;1,71806E+11;4624520;24025924;1;20;27
2019-07-12T03:00:00+02:00;6760933333;1,71869E+11;548027;16986094;1;21;49
2019-07-12T04:00:00+02:00;7172683333;1,71873E+11;345309;6274884;1;21;48
2019-07-12T05:00:00+02:00;7821166666;1,71874E+11;265608;1608294;1;14;2
2019-07-12T06:00:00+02:00;5894600000;1,71889E+11;372582;840345;1;20;180
2019-07-12T07:00:00+02:00;5982033333;1,71807E+11;437994;1150819;1;24;14
2019-07-12T08:00:00+02:00;7805800000;1,70719E+11;772113;13790416;1;21;7
2019-07-12T09:00:00+02:00;10503766666;1,64812E+11;930474;13756842;1;36;15
2019-07-12T10:00:00+02:00;11489616666;1,64732E+11;1341320;32856644;1;40;9
2019-07-12T11:00:00+02:00;10451416666;1,64202E+11;1001693;18872541;1;33;12
2019-07-12T12:00:00+02:00;9390066666;1,60351E+11;749431;12684305;1;30;13
2019-07-12T13:00:00+02:00;7647033333;1,58353E+11;530500;5444608;1;17;5
2019-07-12T14:00:00+02:00;6993433333;1,58178E+11;2031667;8964983;1;30;23
2019-07-12T15:00:00+02:00;6443666666;1,50423E+11;853469;14363545;1;23;13
2019-07-12T16:00:00+02:00;6244950000;1,49566E+11;433920;1843012;1;23;67
2019-07-12T17:00:00+02:00;6890550000;1,49586E+11;474811;6100514;1;21;80
2019-07-12T18:00:00+02:00;5659483333;1,49582E+11;380569;830668;1;32;18
2019-07-12T19:00:00+02:00;5437983333;1,49565E+11;320785;1830382;1;29;12
2019-07-12T20:00:00+02:00;6245283333;1,49577E+11;269312;974387;1;16;77
2019-07-12T21:00:00+02:00;5691483333;1,49689E+11;321689;6209433;1;14;15
2019-07-12T22:00:00+02:00;8048933333;1,49711E+11;284006;857685;1;24;122
2019-07-12T23:00:00+02:00;5438300000;1,49695E+11;270438;1031987;1;15;49
2019-07-13T00:00:00+02:00;5730066666;1,49805E+11;240571;1285307;1;19;39
2019-07-13T01:00:00+02:00;6006283333;1,497E+11;492509;17638673;1;19;42
2019-07-13T02:00:00+02:00;7604083333;1,49691E+11;4299008;23085806;1;20;49
2019-07-13T03:00:00+02:00;6529366666;1,49746E+11;1575460;24128256;1;15;62
2019-07-13T04:00:00+02:00;6391433333;1,49731E+11;7130316;17359974;1;16;59
2019-07-13T05:00:00+02:00;8049466666;1,49686E+11;1423342;2067763;1;21;36
2019-07-13T06:00:00+02:00;9264483333;1,49357E+11;6963097;3367526;1;15;9
2019-07-13T07:00:00+02:00;6308116666;1,49404E+11;1445427;1149457;1;18;76
2019-07-13T08:00:00+02:00;6227683333;1,49432E+11;10229452;11259118;1;31;7
2019-07-13T09:00:00+02:00;6345650000;1,49411E+11;2136337;8997120;1;18;49
2019-07-13T10:00:00+02:00;6182966666;1,49399E+11;5824273;30127342;1;21;28
2019-07-13T11:00:00+02:00;6729833333;1,49399E+11;3534455;27602670;1;16;24
2019-07-13T12:00:00+02:00;6179733333;1,49517E+11;12496520;20204987;1;16;15
2019-07-13T13:00:00+02:00;5755866666;1,49563E+11;4433761;3564844;1;15;11
2019-07-13T14:00:00+02:00;5864533333;1,49506E+11;4669661;4063214;1;12;6
2019-07-13T15:00:00+02:00;5999566666;1,494E+11;3979451;2840524;1;17;45
2019-07-13T16:00:00+02:00;6010550000;1,49416E+11;9704499;11973273;1;16;10
2019-07-13T17:00:00+02:00;5221983333;1,49431E+11;2589064;2369245;1;13;5
2019-07-13T18:00:00+02:00;5321133333;1,49454E+11;314965;3479244;1;10;2
2019-07-13T19:00:00+02:00;5301150000;1,49429E+11;274727;726085;1;21;6
2019-07-13T20:00:00+02:00;5740633333;1,49437E+11;282624;657920;1;7;4
2019-07-13T21:00:00+02:00;5256700000;1,49459E+11;310784;3961997;1;9;3
2019-07-13T22:00:00+02:00;5302600000;1,49483E+11;291140;965461;1;13;12
2019-07-13T23:00:00+02:00;5840900000;1,49492E+11;258116;1107148;1;12;30
2019-07-14T00:00:00+02:00;5467466666;1,49566E+11;262894;924467;1;24;53
2019-07-14T01:00:00+02:00;5497400000;1,49528E+11;575283;19281408;1;18;13
2019-07-14T02:00:00+02:00;6874250000;1,49446E+11;4181845;21754692;1;12;16
2019-07-14T03:00:00+02:00;6575000000;1,49461E+11;511300;18679978;1;16;24
2019-07-14T04:00:00+02:00;5794800000;1,49476E+11;246681;1098581;1;19;67
2019-07-14T05:00:00+02:00;7899166666;1,49538E+11;248973;617048;1;18;17
2019-07-14T06:00:00+02:00;9283200000;1,49681E+11;300441;742758;1;15;10
2019-07-14T07:00:00+02:00;5511283333;1,49701E+11;244172;605184;1;17;14
2019-07-14T08:00:00+02:00;5448616666;1,49718E+11;385655;944110;1;11;21
2019-07-14T09:00:00+02:00;5431466666;1,49733E+11;1354513;2649821;1;11;14
2019-07-14T10:00:00+02:00;5261966666;1,4975E+11;344456;6524654;1;17;5
2019-07-14T11:00:00+02:00;6828150000;1,50256E+11;318600;6154018;1;16;18
2019-07-14T12:00:00+02:00;5538433333;1,49729E+11;300492;866662;1;12;4
2019-07-14T13:00:00+02:00;5407316666;1,49735E+11;271394;704938;1;12;13
2019-07-14T14:00:00+02:00;5325550000;1,49745E+11;280132;1992430;1;18;70
2019-07-14T15:00:00+02:00;7360400000;1,50692E+11;295782;1245166;1;17;14
2019-07-14T16:00:00+02:00;5662650000;1,49739E+11;287607;614758;1;19;68
2019-07-14T17:00:00+02:00;5235183333;1,49731E+11;291549;761446;1;14;19
2019-07-14T18:00:00+02:00;5596233333;1,49742E+11;293000;992409;1;21;10
2019-07-14T19:00:00+02:00;5538466666;1,49908E+11;302506;744413;1;12;3
2019-07-14T20:00:00+02:00;6175516666;1,49896E+11;286976;2081843;1;13;7
2019-07-14T21:00:00+02:00;5587666666;1,50607E+11;296157;4735163;1;15;7
2019-07-14T22:00:00+02:00;5288716666;1,5092E+11;240240;595968;1;13;44
2019-07-14T23:00:00+02:00;5525466666;1,50928E+11;278169;1088494;1;16;23
2019-07-15T00:00:00+02:00;6134783333;1,50915E+11;836488;1581380;1;21;55
2019-07-15T01:00:00+02:00;5423366666;1,50873E+11;509371;18851379;1;20;33
2019-07-15T02:00:00+02:00;7711116666;1,50848E+11;3774359;21970735;1;18;61
2019-07-15T03:00:00+02:00;7223483333;1,50856E+11;588151;17824494;1;23;21
2019-07-15T04:00:00+02:00;6524216666;1,50861E+11;271684;3179229;1;20;86
2019-07-15T05:00:00+02:00;6195183333;1,50877E+11;255266;620253;1;15;9
2019-07-15T06:00:00+02:00;5657233333;1,5089E+11;303206;733218;1;17;62
2019-07-15T07:00:00+02:00;5809100000;1,50693E+11;3280791;3765716;1;19;7
2019-07-15T08:00:00+02:00;7462733333;1,48543E+11;2236825;68185070;1;19;11
2019-07-15T09:00:00+02:00;7504450000;1,46394E+11;3748539;96914653;1;25;8
2019-07-15T10:00:00+02:00;7948833333;1,46407E+11;2068889;67036996;1;36;13
2019-07-15T11:00:00+02:00;7048555555;1,46399E+11;603932;1467392;1;33;3
2019-07-15T12:00:00+02:00;9473375000;1,45226E+11;809764;1600128;1;18;11
2019-07-15T13:00:00+02:00;9889050000;1,47964E+11;2411110;3020288;1;29;67
2019-07-15T14:00:00+02:00;12212383333;1,47971E+11;727740;9700531;1;35;17
2019-07-15T15:00:00+02:00;10290366666;1,39143E+11;1281979;38520678;1;23;12
2019-07-15T16:00:00+02:00;7705816666;1,3419E+11;626551;4262195;1;16;13
2019-07-15T17:00:00+02:00;5138016666;1,33924E+11;533627;7974188;1;21;12
2019-07-15T18:00:00+02:00;5943950000;1,33913E+11;350549;989542;1;25;12
2019-07-15T19:00:00+02:00;4686116666;1,38548E+11;2496290;964932;1;8;9
2019-07-15T20:00:00+02:00;6036250000;1,47017E+11;4424362;652748;1;16;3
2019-07-15T21:00:00+02:00;7527966666;1,59758E+11;423731;3965474;1;12;12
2019-07-15T22:00:00+02:00;10179466666;1,59737E+11;350173;654318;1;20;10
2019-07-15T23:00:00+02:00;7790033333;1,59732E+11;350924;1256226;1;17;43
2019-07-16T00:00:00+02:00;7845533333;1,59856E+11;369134;2882713;1;16;21
2019-07-16T01:00:00+02:00;7397950000;1,59888E+11;405433;8495051;1;16;35
2019-07-16T02:00:00+02:00;8637483333;1,59275E+11;768273;30499464;1;19;18
2019-07-16T03:00:00+02:00;7824316666;1,55503E+11;691968;30325265;1;16;24
2019-07-16T04:00:00+02:00;7599533333;1,55502E+11;668672;26193339;1;25;89
2019-07-16T05:00:00+02:00;8393533333;1,55504E+11;278545;4456482;1;12;6
2019-07-16T06:00:00+02:00;7283766666;1,55478E+11;221218;615236;1;18;24
2019-07-16T07:00:00+02:00;7332250000;1,55492E+11;1830130;2187749;1;21;35
2019-07-16T08:00:00+02:00;7618583333;1,55514E+11;268817;1010909;1;27;4
2019-07-16T09:00:00+02:00;8673683333;1,52746E+11;1590408;56466858;1;27;19
2019-07-16T10:00:00+02:00;10732566666;1,49081E+11;1599505;59209519;1;22;15
2019-07-16T11:00:00+02:00;8847235294;1,49065E+11;731858;13720395;1;15;15
2019-07-16T12:00:00+02:00;9699716666;1,4847E+11;753766;17528576;1;19;7
2019-07-16T13:00:00+02:00;10243450000;1,481E+11;886784;26495624;1;26;25
2019-07-16T14:00:00+02:00;9402116666;1,45607E+11;467285;1679564;1;32;14
2019-07-16T15:00:00+02:00;8297000000;1,42555E+11;809574;12353382;1;23;12
2019-07-16T16:00:00+02:00;9041133333;1,36311E+11;1103472;30677425;1;18;9
2019-07-16T17:00:00+02:00;7245933333;1,32698E+11;400981;708778;1;20;7
2019-07-16T18:00:00+02:00;6920800000;1,32707E+11;282692;726852;1;19;25
2019-07-16T19:00:00+02:00;6453916666;1,32788E+11;298581;671965;1;9;5
2019-07-16T20:00:00+02:00;7238616666;1,32782E+11;376337;641962;1;7;1
2019-07-16T21:00:00+02:00;7030433333;1,32582E+11;287969;4174605;1;8;5
2019-07-16T22:00:00+02:00;10035816666;1,3258E+11;206028;512597;1;6;2
2019-07-16T23:00:00+02:00;8060733333;1,32539E+11;180326;851694;1;7;5
2019-07-17T00:00:00+02:00;8394383333;1,32655E+11;180787;2292565;1;14;86
2019-07-17T01:00:00+02:00;6735116666;1,32716E+11;412842;10810282;1;11;15
2019-07-17T02:00:00+02:00;8451483333;1,32694E+11;746444;34729096;1;7;15
2019-07-17T03:00:00+02:00;6945966666;1,32581E+11;782011;34854331;1;8;29
2019-07-17T04:00:00+02:00;7197016666;1,32568E+11;507989;16661282;1;8;3
2019-07-17T05:00:00+02:00;7333716666;1,3257E+11;175684;1602969;1;8;26
2019-07-17T06:00:00+02:00;7279516666;1,32589E+11;196710;1002069;1;9;28
2019-07-17T07:00:00+02:00;6769916666;1,32627E+11;201045;600951;1;8;1
2019-07-17T08:00:00+02:00;8570150000;1,29935E+11;1141572;16995003;1;8;2
2019-07-17T09:00:00+02:00;9842766666;1,22978E+11;910474;10988144;1;12;10
2019-07-17T10:00:00+02:00;11322900000;1,37825E+11;1524570;774276;1;11;2
2019-07-17T11:00:00+02:00;12644966666;1,42691E+11;811008;10317499;1;10;2
2019-07-17T12:00:00+02:00;9238350000;1,39384E+11;405794;884923;1;8;2
2019-07-17T13:00:00+02:00;10068916666;1,39386E+11;366796;672170;1;7;1
2019-07-17T14:00:00+02:00;11760733333;1,3938E+11;390980;878028;1;10;7
2019-07-17T15:00:00+02:00;10790350000;1,39387E+11;492714;1187140;1;10;3
2019-07-17T16:00:00+02:00;11270150000;1,39405E+11;454638;824695;1;10;2
2019-07-17T17:00:00+02:00;7753400000;1,39417E+11;453973;894481;1;7;9
2019-07-17T18:00:00+02:00;11413866666;1,39381E+11;368128;732583;1;9;7
2019-07-17T19:00:00+02:00;7054816666;1,39382E+11;268902;551662;1;9;5
2019-07-17T20:00:00+02:00;7793233333;1,394E+11;318566;616140;1;7;9
2019-07-17T21:00:00+02:00;7862533333;1,39407E+11;319351;4232499;1;6;2
2019-07-17T22:00:00+02:00;10673466666;1,39427E+11;281224;1822976;1;7;4
2019-07-17T23:00:00+02:00;6884433333;1,39348E+11;220006;832921;1;9;5
2019-07-18T00:00:00+02:00;7370050000;1,39415E+11;213742;1904093;1;16;32
2019-07-18T01:00:00+02:00;6952700000;1,39505E+11;438653;16765118;1;8;5
2019-07-18T02:00:00+02:00;7856533333;1,3941E+11;644078;26994892;1;11;10
2019-07-18T03:00:00+02:00;8142500000;1,39389E+11;583304;22356497;1;11;10
2019-07-18T04:00:00+02:00;7452633333;1,39344E+11;354560;5506850;1;10;33
2019-07-18T05:00:00+02:00;7701950000;1,39321E+11;310118;476330;1;7;5
2019-07-18T06:00:00+02:00;7261516666;1,39338E+11;260044;1560917;1;11;4
2019-07-18T07:00:00+02:00;7656083333;1,39366E+11;246442;1031185;1;10;2
2019-07-18T08:00:00+02:00;9054700000;1,3939E+11;1638229;52348450;1;11;2
2019-07-18T09:00:00+02:00;8563500000;1,35605E+11;577032;6204988;1;10;7
2019-07-18T10:00:00+02:00;8729383333;1,35264E+11;591018;1033472;1;11;3
2019-07-18T11:00:00+02:00;7823216666;1,32611E+11;537429;6709248;1;10;9
2019-07-18T12:00:00+02:00;8357533333;1,31029E+11;387328;840891;1;10;10
2019-07-18T13:00:00+02:00;7261616666;1,3091E+11;382038;748266;1;10;5
2019-07-18T14:00:00+02:00;7924433333;1,30309E+11;464537;2153472;1;13;16
2019-07-18T15:00:00+02:00;7604133333;1,24775E+11;459845;851950;1;11;7
2019-07-18T16:00:00+02:00;8993800000;1,21833E+11;588629;1933021;1;13;8
2019-07-18T17:00:00+02:00;8063850000;1,21846E+11;482457;770457;1;10;8
2019-07-18T18:00:00+02:00;7677500000;1,21863E+11;345463;1033335;1;9;4
2019-07-18T19:00:00+02:00;8771283333;1,21832E+11;295731;721134;1;9;8
2019-07-18T20:00:00+02:00;6733050000;1,21832E+11;241578;995481;1;10;1
2019-07-18T21:00:00+02:00;6941533333;1,21845E+11;302933;3161463;1;6;12
2019-07-18T22:00:00+02:00;10016883333;1,21867E+11;237192;1082487;1;9;2
2019-07-18T23:00:00+02:00;6706533333;1,21879E+11;285435;913217;1;7;1
2019-07-19T00:00:00+02:00;6578816666;1,21952E+11;394973;1247368;1;14;24
2019-07-19T01:00:00+02:00;6827433333;1,21885E+11;449006;19547374;1;10;5
2019-07-19T02:00:00+02:00;8448183333;1,21861E+11;776908;34979822;1;7;11
2019-07-19T03:00:00+02:00;7653183333;1,21869E+11;818858;37796846;1;7;6
2019-07-19T04:00:00+02:00;6769566666;1,21868E+11;211643;2466150;1;7;4
2019-07-19T05:00:00+02:00;7138683333;1,21842E+11;175274;316654;1;7;3
2019-07-19T06:00:00+02:00;6576916666;1,21779E+11;189849;1731942;1;7;7
2019-07-19T07:00:00+02:00;6604033333;1,21803E+11;266018;1414468;1;8;11
2019-07-19T08:00:00+02:00;9917750000;1,21797E+11;441787;1594828;1;10;7
2019-07-19T09:00:00+02:00;10369550000;1,19229E+11;396902;2104729;1;10;8
2019-07-19T10:00:00+02:00;8317750000;1,17529E+11;501128;949469;1;12;18
2019-07-19T11:00:00+02:00;8983050000;1,17541E+11;552089;869154;1;10;7
2019-07-19T12:00:00+02:00;8103516666;1,17562E+11;575334;781243;1;9;27
2019-07-19T13:00:00+02:00;9270416666;1,17552E+11;456567;869905;1;8;1
2019-07-19T14:00:00+02:00;11619450000;1,17518E+11;707242;2723908;1;8;3
2019-07-19T15:00:00+02:00;10698183333;1,1752E+11;462080;1029905;1;9;7
2019-07-19T16:00:00+02:00;11783600000;1,17535E+11;443136;979302;1;8;3
2019-07-19T17:00:00+02:00;9674866666;1,17546E+11;325256;751121;1;7;5
2019-07-19T18:00:00+02:00;7670000000;1,17677E+11;321293;873454;1;7;2
2019-07-19T19:00:00+02:00;6858583333;1,17704E+11;248166;529476;1;6;1
2019-07-19T20:00:00+02:00;7981933333;1,17685E+11;250453;1585476;1;6;6
2019-07-19T21:00:00+02:00;7535650000;1,17686E+11;308428;5569194;1;6;5
2019-07-19T22:00:00+02:00;8337600000;1,17685E+11;226662;803225;1;5;1
2019-07-19T23:00:00+02:00;6411200000;1,17677E+11;216602;781259;1;5;2
2019-07-20T00:00:00+02:00;6221566666;1,17641E+11;193382;1034188;1;15;34
2019-07-20T01:00:00+02:00;6231866666;1,17552E+11;427281;19338905;1;8;5
2019-07-20T02:00:00+02:00;7098616666;1,17343E+11;698350;30546346;1;7;7
2019-07-20T03:00:00+02:00;6556900000;1,17353E+11;921309;39551146;1;8;42
2019-07-20T04:00:00+02:00;4602533333;1,17359E+11;1915682;17690026;1;7;3
2019-07-20T05:00:00+02:00;4729966666;1,1741E+11;156125;784093;1;4;2
2019-07-20T06:00:00+02:00;4750783333;1,17469E+11;151357;290127;1;6;7
2019-07-20T07:00:00+02:00;3943683333;1,17461E+11;315733;969506;1;8;1
2019-07-20T08:00:00+02:00;2853633333;1,17463E+11;200652;314931;1;6;4
2019-07-20T09:00:00+02:00;2590333333;1,17456E+11;198894;350771;1;6;1
2019-07-20T10:00:00+02:00;3447466666;1,17475E+11;232106;368827;1;8;2
2019-07-20T11:00:00+02:00;3335766666;1,1746E+11;173107;363912;1;4;6
2019-07-20T12:00:00+02:00;3456216666;1,17524E+11;252484;396509;1;5;3
2019-07-20T13:00:00+02:00;3305166666;1,17477E+11;206301;515584;1;6;1
2019-07-20T14:00:00+02:00;2980066666;1,17472E+11;240076;429329;1;5;1
2019-07-20T15:00:00+02:00;3871650000;1,33466E+11;4464501;495008;1;6;3
2019-07-20T16:00:00+02:00;4158716666;1,34708E+11;243541;366745;1;7;4
2019-07-20T17:00:00+02:00;3986650000;1,34681E+11;1463978;1666235;1;5;4
2019-07-20T18:00:00+02:00;4515633333;1,34676E+11;449394;2511395;1;6;81
2019-07-20T19:00:00+02:00;4345783333;1,34685E+11;210249;318482;1;4;3
2019-07-20T20:00:00+02:00;3922466666;1,34713E+11;232192;502374;1;5;3
2019-07-20T21:00:00+02:00;5334083333;1,34693E+11;306585;2886417;1;5;2
2019-07-20T22:00:00+02:00;5752666666;1,34674E+11;192972;431940;1;5;3
2019-07-20T23:00:00+02:00;4656133333;1,34688E+11;207820;565981;1;5;3
2019-07-21T00:00:00+02:00;6286033333;1,34598E+11;228198;715912;1;11;24
2019-07-21T01:00:00+02:00;5889466666;1,34462E+11;525175;23222016;1;9;11
2019-07-21T02:00:00+02:00;5166583333;1,34477E+11;679526;28737484;1;6;11
2019-07-21T03:00:00+02:00;4444900000;1,34471E+11;864836;42941798;1;6;7
2019-07-21T04:00:00+02:00;3725800000;1,34463E+11;3107037;36315750;1;5;8
2019-07-21T05:00:00+02:00;4042400000;1,3453E+11;685209;326724;1;4;3
2019-07-21T06:00:00+02:00;5835566666;1,34692E+11;327611;456038;1;6;15
2019-07-21T07:00:00+02:00;4196833333;1,34712E+11;298257;355942;1;7;3
2019-07-21T08:00:00+02:00;4276650000;1,34693E+11;346845;305049;1;7;3
2019-07-21T09:00:00+02:00;3874333333;1,34675E+11;246280;556847;1;8;8
2019-07-21T10:00:00+02:00;3347166666;1,34674E+11;219443;393915;1;5;6
2019-07-21T11:00:00+02:00;3747766666;1,34692E+11;266615;547703;1;5;2
2019-07-21T12:00:00+02:00;3656316666;1,34698E+11;228249;399598;1;7;3
2019-07-21T13:00:00+02:00;3519533333;1,34672E+11;238882;379118;1;8;3
2019-07-21T14:00:00+02:00;3457983333;1,34678E+11;224938;796245;1;7;4
2019-07-21T15:00:00+02:00;4292383333;1,34684E+11;304486;370670;1;5;5
2019-07-21T16:00:00+02:00;5153683333;1,34696E+11;805905;1141811;1;5;8
2019-07-21T17:00:00+02:00;3775383333;1,3471E+11;862172;1172126;1;7;5
2019-07-21T18:00:00+02:00;3683750000;1,34708E+11;288563;393147;1;3;2
2019-07-21T19:00:00+02:00;3455516666;1,34807E+11;230485;340940;1;4;2
2019-07-21T20:00:00+02:00;3711066666;1,3483E+11;216029;1280085;1;11;3
2019-07-21T21:00:00+02:00;4469433333;1,34849E+11;294963;2370235;1;6;4
2019-07-21T22:00:00+02:00;4571550000;1,34857E+11;245435;439739;1;4;3
2019-07-21T23:00:00+02:00;3774983333;1,34844E+11;215330;868966;1;4;4
2019-07-22T00:00:00+02:00;6042166666;1,34683E+11;241612;2472669;1;7;27
2019-07-22T01:00:00+02:00;5324166666;1,34492E+11;611584;35944550;1;10;7
2019-07-22T02:00:00+02:00;5185583333;1,34372E+11;1854464;27201536;1;8;8
2019-07-22T03:00:00+02:00;5602516666;1,34384E+11;901171;41896738;1;9;18
2019-07-22T04:00:00+02:00;6484000000;1,20076E+11;1116472;33220868;1;9;6
2019-07-22T05:00:00+02:00;4481000000;1,17262E+11;192102;281856;1;7;7
2019-07-22T06:00:00+02:00;5704450000;1,17345E+11;266342;441292;1;6;5
2019-07-22T07:00:00+02:00;6193533333;1,17257E+11;268219;498414;1;8;6
2019-07-22T08:00:00+02:00;5040933333;1,17259E+11;509542;521608;1;10;3
2019-07-22T09:00:00+02:00;5632933333;1,14046E+11;563763;8433186;1;10;9
2019-07-22T10:00:00+02:00;6357966666;1,13561E+11;400613;1296542;1;11;11
2019-07-22T11:00:00+02:00;4958450000;1,13582E+11;369868;751633;1;8;12
2019-07-22T12:00:00+02:00;4871566666;1,13672E+11;325137;640409;1;7;5
2019-07-22T13:00:00+02:00;4799733333;1,08669E+11;525414;5231803;1;8;5
2019-07-22T14:00:00+02:00;4748866666;1,0528E+11;978158;2059810;1;11;4
2019-07-22T15:00:00+02:00;4019000000;1,01407E+11;380228;1408716;1;12;6
2019-07-22T16:00:00+02:00;4533916666;95431024093;761873;2562811;1;10;6
2019-07-22T17:00:00+02:00;5930916666;1,32295E+11;15609316;1523693;1;3;9
2019-07-22T18:00:00+02:00;6959433333;1,48658E+11;524834;915165;1;3;3
2019-07-22T19:00:00+02:00;6609516666;1,48628E+11;367325;695227;1;3;2
2019-07-22T20:00:00+02:00;7657866666;1,48632E+11;337083;1124078;1;4;7
2019-07-22T21:00:00+02:00;5747533333;1,48648E+11;343125;2467840;1;3;6
2019-07-22T22:00:00+02:00;7797183333;1,48654E+11;329301;535603;1;3;2
2019-07-22T23:00:00+02:00;7493650000;1,48662E+11;323778;1620356;1;3;4
2019-07-23T00:00:00+02:00;10891183333;1,45598E+11;384307;11127142;1;7;26
2019-07-23T01:00:00+02:00;9290700000;1,31439E+11;712738;24997393;1;5;7
2019-07-23T02:00:00+02:00;7527666666;1,31456E+11;4579106;34917956;1;6;4
2019-07-23T03:00:00+02:00;5779700000;1,31458E+11;826453;31149858;1;7;6
2019-07-23T04:00:00+02:00;3788500000;1,31465E+11;548915;21477290;1;4;3
2019-07-23T05:00:00+02:00;3792833333;1,31436E+11;220484;604945;1;4;2
2019-07-23T06:00:00+02:00;5097083333;1,31733E+11;990225;584925;1;4;6
2019-07-23T07:00:00+02:00;4880016666;1,32002E+11;388744;522069;1;5;5
2019-07-23T08:00:00+02:00;5702983333;1,32003E+11;620449;1653342;1;5;4
2019-07-23T09:00:00+02:00;5874583333;1,30961E+11;633463;1923140;1;7;14
2019-07-23T10:00:00+02:00;6619833333;1,26641E+11;763418;2067386;1;16;52
2019-07-23T11:00:00+02:00;6098533333;1,26649E+11;678570;5590608;1;22;121
2019-07-23T12:00:00+02:00;5949150000;1,26748E+11;472268;656128;1;9;4
2019-07-23T13:00:00+02:00;7527583333;1,22758E+11;597742;8705450;1;7;9
2019-07-23T14:00:00+02:00;7931716666;1,08805E+11;727910;3654144;1;11;7
2019-07-23T15:00:00+02:00;6993700000;1,02072E+11;897604;2589730;1;6;3
2019-07-23T16:00:00+02:00;7021050000;98494508782;658845;574643;1;9;11
2019-07-23T17:00:00+02:00;6780433333;98505711069;429858;448238;1;11;4
2019-07-23T18:00:00+02:00;4916266666;98515008443;254259;370056;1;7;4
2019-07-23T19:00:00+02:00;4711900000;99451281954;1125393;181606;1;4;3
2019-07-23T20:00:00+02:00;4213500000;1,05004E+11;201318;229290;1;5;2
2019-07-23T21:00:00+02:00;5965100000;1,04995E+11;310579;10196206;1;4;3
2019-07-23T22:00:00+02:00;7811316666;1,04999E+11;401800;14761079;1;6;3
2019-07-23T23:00:00+02:00;6584733333;1,05002E+11;213742;755097;1;7;3
2019-07-24T00:00:00+02:00;9167383333;1,05117E+11;5367637;5610837;1;8;23
2019-07-24T01:00:00+02:00;8968783333;1,05147E+11;561254;23506432;1;5;8
2019-07-24T02:00:00+02:00;6645583333;1,05126E+11;575402;23622843;1;4;5
2019-07-24T03:00:00+02:00;4507933333;1,05135E+11;628258;25887914;1;9;7
2019-07-24T04:00:00+02:00;3481600000;1,05139E+11;313702;6861465;1;8;3
2019-07-24T05:00:00+02:00;3537400000;1,05153E+11;204356;128392;1;6;2
2019-07-24T06:00:00+02:00;4372866666;1,05721E+11;223163;211592;1;9;3
2019-07-24T07:00:00+02:00;4337600000;1,06682E+11;767795;249036;1;8;5
2019-07-24T08:00:00+02:00;4920766666;1,06689E+11;763101;3242922;1;5;4
2019-07-24T09:00:00+02:00;5783300000;96503035767;2400085;75008512;1;7;12
2019-07-24T10:00:00+02:00;4958133333;95779955234;2264473;72659097;1;6;15
2019-07-24T11:00:00+02:00;4915433333;87862262715;580966;25390745;1;5;4
2019-07-24T12:00:00+02:00;5790583333;87840836812;622899;11882922;1;5;3
2019-07-24T13:00:00+02:00;2944800000;70296709802;380757;8149367;1;6;5
2019-07-24T14:00:00+02:00;5124266666;70106498116;14980293;384467;1;11;7
2019-07-24T15:00:00+02:00;7996733333;97218479172;1049685;1727214;1;9;10
2019-07-24T16:00:00+02:00;6164666666;97221852091;775098;963427;1;7;7
2019-07-24T17:00:00+02:00;5607583333;97203589393;442726;488226;1;8;6
2019-07-24T18:00:00+02:00;7726166666;97225993966;349610;410043;1;4;4
2019-07-24T19:00:00+02:00;7625016666;97231097036;322304;380313;1;3;5
2019-07-24T20:00:00+02:00;6785550000;97241250747;321638;320034;1;2;2
2019-07-24T21:00:00+02:00;5988633333;97256822101;257518;287402;1;3;3
2019-07-24T22:00:00+02:00;7589750000;97233613619;290474;331366;1;2;4
2019-07-24T23:00:00+02:00;7483933333;91897060829;251221;2299784;1;7;4
2019-07-25T00:00:00+02:00;6420983333;88553414109;206523;402090;1;2;3
2019-07-25T01:00:00+02:00;6630883333;88560142472;862293;47422344;1;8;5
2019-07-25T02:00:00+02:00;7034466666;88561977480;1053320;52704460;1;4;5
2019-07-25T03:00:00+02:00;6201383333;88573634150;888064;43263232;1;6;5
2019-07-25T04:00:00+02:00;4059416666;88591826944;295082;6951014;1;3;4
2019-07-25T05:00:00+02:00;3039633333;88560474521;173277;159573;1;2;4
2019-07-25T06:00:00+02:00;3485250000;88559128849;196454;255163;1;4;4
2019-07-25T07:00:00+02:00;3613583333;88561960004;231236;299212;1;3;4
2019-07-25T08:00:00+02:00;4147483333;88571519522;376422;321621;1;8;4
2019-07-25T09:00:00+02:00;3585516666;77999182097;363468;6724744;1;6;3
2019-07-25T10:00:00+02:00;3081750000;71110631970;276770;297779;1;8;0
2019-07-25T11:00:00+02:00;4829766666;61120498892;338261;5977890;1;5;1
2019-07-25T12:00:00+02:00;2305066666;53370124151;265932;158361;1;6;3
2019-07-25T13:00:00+02:00;3427066666;53413185672;280576;210722;1;8;2
2019-07-25T14:00:00+02:00;2358700000;50566231927;362649;4350310;1;13;4
2019-07-25T15:00:00+02:00;1359433333;29671659929;192955;6560836;1;7;5
2019-07-25T16:00:00+02:00;218866666;19079102464;92108;9642;1;9;6
2019-07-25T17:00:00+02:00;214916666;19095949585;89258;10905;1;8;1
2019-07-25T18:00:00+02:00;267133333;19121692125;92057;119961;1;13;0
2019-07-25T19:00:00+02:00;250066666;19094586436;85026;10257;1;10;0
2019-07-25T20:00:00+02:00;184716666;19091615470;81715;16827;1;1;0
2019-07-25T21:00:00+02:00;201983333;19094848580;97228;9779;1;2;1
2019-07-25T22:00:00+02:00;214866666;19104897433;77346;19848;1;2;1
2019-07-25T23:00:00+02:00;271050000;19123072750;75844;14711;1;0;3
2019-07-26T00:00:00+02:00;291000000;19212498807;74922;19251;1;0;1
2019-07-26T01:00:00+02:00;194050000;19230010026;72294;7389;1;0;0
2019-07-26T02:00:00+02:00;189833333;19233680042;72925;10581;1;1;0
2019-07-26T03:00:00+02:00;246433333;19242592938;71884;16384;1;0;0
2019-07-26T04:00:00+02:00;244383333;19257727385;71509;13397;1;0;0
2019-07-26T05:00:00+02:00;236416666;19254791372;71645;27716;1;0;0
2019-07-26T06:00:00+02:00;203350000;19267269427;73949;12987;1;0;0
2019-07-26T07:00:00+02:00;195283333;19291386675;75110;11400;1;0;0
2019-07-26T08:00:00+02:00;248900000;18606928691;107605;1984358;1;0;0
2019-07-26T09:00:00+02:00;203883333;12397978146;85111;13363;1;0;0
2019-07-26T10:00:00+02:00;245900000;12406401706;95914;12663;1;0;0
2019-07-26T11:00:00+02:00;229183333;12378631918;89685;17032;1;0;0
2019-07-26T12:00:00+02:00;227016666;12380781499;101905;12697;1;0;0
2019-07-26T13:00:00+02:00;260016666;12386810811;84206;19524;1;0;0
2019-07-26T14:00:00+02:00;342366666;12396789760;87466;14813;1;0;2
2019-07-26T15:00:00+02:00;235683333;12412151398;85640;10478;1;0;1
2019-07-26T16:00:00+02:00;249450000;12385709806;132266;141124;1;0;0
2019-07-26T17:00:00+02:00;214083333;12387055479;278869;237154;1;0;0
2019-07-26T18:00:00+02:00;190300000;12391739118;133785;71936;1;0;0
2019-07-26T19:00:00+02:00;192933333;12400145203;67976;15906;1;0;0
2019-07-26T20:00:00+02:00;231150000;12416712704;69819;22954;1;0;0
2019-07-26T21:00:00+02:00;253550000;12402976358;71406;20411;1;0;0
2019-07-26T22:00:00+02:00;179916666;12388663296;140023;20797;1;0;0
2019-07-26T23:00:00+02:00;187716666;12391022592;67584;23330;1;0;0
2019-07-27T00:00:00+02:00;249066666;12397453858;69410;16947;1;0;0
2019-07-27T01:00:00+02:00;223716666;12411085346;66508;15052;1;0;0
2019-07-27T02:00:00+02:00;224366666;12412186350;65228;20070;1;0;0
2019-07-27T03:00:00+02:00;186833333;12387509862;65996;23500;1;0;0
2019-07-27T04:00:00+02:00;179783333;12389065250;64665;16981;1;0;0
2019-07-27T05:00:00+02:00;214966666;12395968375;65672;21111;1;0;0
2019-07-27T06:00:00+02:00;204283333;12407747379;68454;15837;1;0;0
2019-07-27T07:00:00+02:00;221266666;12421885678;64887;16930;1;0;0
2019-07-27T08:00:00+02:00;202116666;12389292441;64529;9659;1;0;0
2019-07-27T09:00:00+02:00;202550000;12390008968;65262;11093;1;0;0
2019-07-27T10:00:00+02:00;180216666;12394185796;69188;14967;1;0;0
2019-07-27T11:00:00+02:00;203583333;12403955029;67584;13158;1;0;0
2019-07-27T12:00:00+02:00;195316666;12405335654;68283;16844;1;0;0
2019-07-27T13:00:00+02:00;212283333;12408236714;69819;23091;1;0;0
2019-07-27T14:00:00+02:00;263933333;12422934254;68096;13226;1;0;0
2019-07-27T15:00:00+02:00;245400000;12394902323;70877;16742;1;0;0
2019-07-27T16:00:00+02:00;193900000;12414755362;68932;23364;1;0;0
2019-07-27T17:00:00+02:00;189883333;12419194333;71662;26624;1;0;0
2019-07-27T18:00:00+02:00;226066666;12429103377;78114;314982;1;0;0
2019-07-27T19:00:00+02:00;262616666;12444395110;70843;28245;1;0;0
2019-07-27T20:00:00+02:00;237466666;12422689587;71441;27067;1;0;0
2019-07-27T21:00:00+02:00;191216666;12413444642;73198;15394;1;0;0
2019-07-27T22:00:00+02:00;172633333;12416066082;71150;18295;1;0;0
2019-07-27T23:00:00+02:00;266000000;12424157593;69939;9608;1;0;0
2019-07-28T00:00:00+02:00;263000000;12437719176;69256;22033;1;0;0
2019-07-28T01:00:00+02:00;233333333;12432808345;66048;23449;1;0;0
2019-07-28T02:00:00+02:00;179600000;12413269879;65092;14523;1;0;0
2019-07-28T03:00:00+02:00;199800000;12414947601;65262;16844;1;0;0
2019-07-28T04:00:00+02:00;225733333;12422357538;65740;15923;1;0;0
2019-07-28T05:00:00+02:00;214800000;12411277585;66030;9318;1;0;0
2019-07-28T06:00:00+02:00;201983333;12411836825;68812;5922;1;0;0
2019-07-28T07:00:00+02:00;218066666;12415681604;65536;14250;1;0;0
2019-07-28T08:00:00+02:00;186966666;12424437213;66048;8977;1;0;0
2019-07-28T09:00:00+02:00;195400000;12440218282;68147;14097;1;0;0
2019-07-28T10:00:00+02:00;235850000;12423703210;67925;11724;1;0;0
2019-07-28T11:00:00+02:00;206416666;12411312537;69444;16827;1;0;0
2019-07-28T12:00:00+02:00;186600000;12413986406;67788;9864;1;0;0
2019-07-28T13:00:00+02:00;182200000;12421221580;72328;17851;1;0;0
2019-07-28T14:00:00+02:00;204466666;12434049160;71168;23654;1;0;0
2019-07-28T15:00:00+02:00;258250000;12433227776;72345;14216;1;0;0
2019-07-28T16:00:00+02:00;200483333;12411382442;70673;19968;1;0;0
2019-07-28T17:00:00+02:00;160283333;12412902877;68966;20121;1;0;0
2019-07-28T18:00:00+02:00;184266666;12419421525;72482;17971;1;0;0
2019-07-28T19:00:00+02:00;236733333;12430641288;71338;16810;1;0;0
2019-07-28T20:00:00+02:00;209450000;12441616384;69785;72123;1;0;0
2019-07-28T21:00:00+02:00;220700000;12413357260;73523;20428;1;0;0
2019-07-28T22:00:00+02:00;165450000;12415244697;72055;18380;1;0;0
2019-07-28T23:00:00+02:00;209700000;12419928337;70536;9164;1;0;0
2019-07-29T00:00:00+02:00;259166666;12429994666;69478;13397;1;0;0
2019-07-29T01:00:00+02:00;189883333;12447156360;69154;26572;1;0;0
2019-07-29T02:00:00+02:00;201983333;12424000307;65723;13704;1;0;0
2019-07-29T03:00:00+02:00;220816666;12423231351;67020;10820;1;0;0
2019-07-29T04:00:00+02:00;193900000;12425450837;67242;23961;1;0;0
2019-07-29T05:00:00+02:00;185450000;12433804492;67413;16793;1;0;0
2019-07-29T06:00:00+02:00;202816666;12448519509;69922;39509;1;0;0
2019-07-29T07:00:00+02:00;227350000;12438575513;70058;21469;1;0;0
2019-07-29T08:00:00+02:00;214166666;12421745868;69973;3934;1;0;0
2019-07-29T09:00:00+02:00;165600000;12424210022;71901;4232;1;0;0
2019-07-29T10:00:00+02:00;184766666;12430885956;75946;4198;1;0;0
2019-07-29T11:00:00+02:00;199650000;12443451392;76629;4164;1;0;0
2019-07-29T12:00:00+02:00;241866666;12450721518;73574;6963;1;0;0
2019-07-29T13:00:00+02:00;202000000;12423860497;74240;4300;1;0;0
2019-07-29T14:00:00+02:00;177833333;12425468313;79923;13158;1;0;0
2019-07-29T15:00:00+02:00;218400000;12430256810;74939;21111;1;0;0
2019-07-29T16:00:00+02:00;232066666;12441651336;72994;12544;1;0;0
2019-07-29T17:00:00+02:00;222366666;12458655744;86801;20275;1;0;0
2019-07-29T18:00:00+02:00;203133333;12424472166;74752;23364;1;0;0
2019-07-29T19:00:00+02:00;209233333;12424961501;75827;33809;1;0;0
2019-07-29T20:00:00+02:00;241950000;12429417949;74683;23961;1;0;0
2019-07-29T21:00:00+02:00;225750000;12437981320;89617;42905;1;0;0
2019-07-29T22:00:00+02:00;222633333;12479767074;247603;191761;1;0;0
2019-07-29T23:00:00+02:00;261966666;12476499012;579891;522069;1;0;0
2019-07-30T00:00:00+02:00;256983333;12466257920;208844;170359;1;0;0
2019-07-30T01:00:00+02:00;241400000;12469263837;70502;13806;1;0;0
2019-07-30T02:00:00+02:00;245783333;12469962888;69102;11434;1;0;0
2019-07-30T03:00:00+02:00;234800000;12474891195;69155;7150;1;0;0
2019-07-30T04:00:00+02:00;215566666;12474297002;69410;18158;1;0;0
2019-07-30T05:00:00+02:00;225500000;12460420846;69529;24917;1;0;0
2019-07-30T06:00:00+02:00;225783333;12442053290;71833;28859;1;0;0
2019-07-30T07:00:00+02:00;229850000;12432633582;70741;34850;1;0;0
2019-07-30T08:00:00+02:00;253883333;12435115212;71731;10154;1;0;0
2019-07-30T09:00:00+02:00;229633333;12442664960;78984;26743;1;0;0
2019-07-30T10:00:00+02:00;219116666;12456348876;87637;26521;1;0;0
2019-07-30T11:00:00+02:00;218916666;12452224477;82500;7372;1;0;0
2019-07-30T12:00:00+02:00;291416666;12434171494;80725;13943;1;0;0
2019-07-30T13:00:00+02:00;241133333;12438785228;78028;21486;1;0;0
2019-07-30T14:00:00+02:00;210733333;12445740782;80366;29388;1;0;0
2019-07-30T15:00:00+02:00;214866666;12458882935;82466;30173;1;0;0
2019-07-30T16:00:00+02:00;223900000;12467236590;81698;28791;1;0;0
2019-07-30T17:00:00+02:00;275483333;12438645418;94054;32648;1;0;0
2019-07-30T18:00:00+02:00;218300000;12438802705;72874;40925;1;0;0
2019-07-30T19:00:00+02:00;210483333;12444517444;70809;20906;1;0;0
2019-07-30T20:00:00+02:00;238650000;12448047650;73779;36556;1;0;0
2019-07-30T21:00:00+02:00;216916666;12438802705;75127;18380;1;0;0
2019-07-30T22:00:00+02:00;185416666;12441022190;70382;16708;1;0;0
2019-07-30T23:00:00+02:00;224783333;12447453457;72362;20309;1;0;0
2019-07-31T00:00:00+02:00;264600000;12461714090;178653;131345;1;0;0
2019-07-31T01:00:00+02:00;193916666;12460455799;63982;26385;1;0;0
2019-07-31T02:00:00+02:00;204566666;12437928891;63846;29934;1;0;0
2019-07-31T03:00:00+02:00;215250000;12439239611;64699;7645;1;0;0
2019-07-31T04:00:00+02:00;216216666;12445810688;64529;25002;1;0;0
2019-07-31T05:00:00+02:00;209466666;12458603315;66491;28706;1;0;0
2019-07-31T06:00:00+02:00;195366666;12469368695;69734;31658;1;0;0
2019-07-31T07:00:00+02:00;197333333;12439536708;76219;36352;1;0;0
2019-07-31T08:00:00+02:00;266183333;12439903709;72789;31488;1;0;0
2019-07-31T09:00:00+02:00;198100000;12444447539;76609;31691;1;0;0
2019-07-31T10:00:00+02:00;190616666;12455038156;77636;4369;1;0;0
2019-07-31T11:00:00+02:00;173833333;12472199850;81476;6314;1;0;0
2019-07-31T12:00:00+02:00;227283333;12445496115;87227;11076;1;0;0
2019-07-31T13:00:00+02:00;221166666;12441861051;77346;16486;1;0;0
2019-07-31T14:00:00+02:00;190083333;12445164066;78745;13687;1;0;0
2019-07-31T15:00:00+02:00;190750000;12454146867;79207;4365;1;0;0
2019-07-31T16:00:00+02:00;185183333;12467690973;89309;16042;1;0;0
2019-07-31T17:00:00+02:00;217016666;12457327547;77414;9813;1;0;0
2019-07-31T18:00:00+02:00;217150000;12441878528;202035;141585;1;0;0
2019-07-31T19:00:00+02:00;227383333;12445478638;75178;14301;1;0;0
2019-07-31T20:00:00+02:00;196583333;12452626432;70382;8806;1;0;0
2019-07-31T21:00:00+02:00;215550000;12466345301;131157;67413;1;0;0
2019-07-31T22:00:00+02:00;202300000;12470504652;402380;342442;1;0;0
2019-07-31T23:00:00+02:00;202850000;12445041732;74069;5393;1;0;0
2019-08-01T00:00:00+02:00;245300000;12446177689;71714;12834;1;0;0
