Time;CPU usage;Used memory;Number of bytes received;Number of bytes transmitted;Overall status
2019-09-08T00:00:00+02:00;3188500000;75602329600;2734592;172860416;1
2019-09-08T00:02:00+02:00;3486000000;75618058240;1074688;651776;1
2019-09-08T00:04:00+02:00;2409500000;75560910848;2820608;232155136;1
2019-09-08T00:06:00+02:00;3553500000;75567726592;1008128;480768;1
2019-09-08T00:08:00+02:00;3105500000;75761713152;828928;239616;1
2019-09-08T00:10:00+02:00;3118000000;75606523904;3078144;231937536;1
2019-09-08T00:12:00+02:00;2221500000;75526307840;880640;482304;1
2019-09-08T00:14:00+02:00;2326000000;75567726592;3098112;232175616;1
2019-09-08T00:16:00+02:00;3419500000;75622252544;1058304;418304;1
2019-09-08T00:18:00+02:00;2203000000;75655282688;862208;290816;1
2019-09-08T00:20:00+02:00;3174500000;75608096768;3067392;232927744;1
2019-09-08T00:22:00+02:00;2174500000;75549376512;886784;313344;1
2019-09-08T00:24:00+02:00;2236000000;75554619392;3051520;233395712;1
2019-09-08T00:26:00+02:00;3800500000;75597086720;896512;468992;1
2019-09-08T00:28:00+02:00;2346500000;75571920896;842752;280064;1
2019-09-08T00:30:00+02:00;3588000000;75535220736;3142144;234244608;1
2019-09-08T00:32:00+02:00;2498500000;75563008000;824320;359424;1
2019-09-08T00:34:00+02:00;2649500000;75579785216;3046912;235097600;1
2019-09-08T00:36:00+02:00;2766500000;75580833792;890880;435712;1
2019-09-08T00:38:00+02:00;2025500000;75540987904;846848;283648;1
2019-09-08T00:40:00+02:00;3339000000;75591843840;3000320;229284864;1
2019-09-08T00:42:00+02:00;2424500000;75586076672;956928;443392;1
2019-09-08T00:44:00+02:00;2425500000;75642175488;986112;372736;1
2019-09-08T00:46:00+02:00;1903000000;75565629440;3643392;220160;1
2019-09-08T00:48:00+02:00;2475500000;75570872320;788480;306176;1
2019-09-08T00:50:00+02:00;3082500000;75603902464;1121280;257536;1
2019-09-08T00:52:00+02:00;2799500000;75547279360;850432;191488;1
2019-09-08T00:54:00+02:00;3859500000;75536793600;1340416;248320;1
2019-09-08T00:56:00+02:00;2029500000;75590270976;1019904;259072;1
2019-09-08T00:58:00+02:00;2882500000;75627495424;857600;348672;1
2019-09-08T01:00:00+02:00;2949000000;75575066624;1033216;295424;1
2019-09-08T01:02:00+02:00;2166000000;75559862272;999424;331776;1
2019-09-08T01:04:00+02:00;3208500000;75582406656;1085952;282112;1
2019-09-08T01:06:00+02:00;3176000000;75620679680;880640;388608;1
2019-09-08T01:08:00+02:00;2757500000;75784257536;4620288;473600;1
2019-09-08T01:10:00+02:00;2889000000;75557240832;1371136;278528;1
2019-09-08T01:12:00+02:00;2413000000;75592368128;863744;299520;1
2019-09-08T01:14:00+02:00;2376500000;75596562432;1211392;310272;1
2019-09-08T01:16:00+02:00;3381000000;75581882368;1049088;223232;1
2019-09-08T01:18:00+02:00;2065000000;75594465280;997888;985600;1
2019-09-08T01:20:00+02:00;4098500000;75572969472;1264640;322560;1
2019-09-08T01:22:00+02:00;2542000000;75598135296;1132032;268288;1
2019-09-08T01:24:00+02:00;3113500000;75582930944;1188864;340992;1
2019-09-08T01:26:00+02:00;2685000000;75568775168;894976;368128;1
2019-09-08T01:28:00+02:00;2332000000;75596562432;853504;230912;1
2019-09-08T01:30:00+02:00;3279500000;75620155392;3459584;220798464;1
2019-09-08T01:32:00+02:00;2486000000;75594989568;942080;292864;1
2019-09-08T01:34:00+02:00;2177000000;75582930944;2906112;224216576;1
2019-09-08T01:36:00+02:00;3216000000;75598135296;954368;521728;1
2019-09-08T01:38:00+02:00;2798500000;75629068288;845312;299008;1
2019-09-08T01:40:00+02:00;3183500000;75574018048;2945024;224545280;1
2019-09-08T01:42:00+02:00;2465500000;75524734976;944640;345088;1
2019-09-08T01:44:00+02:00;2409000000;75557240832;8571392;210794496;1
2019-09-08T01:46:00+02:00;4187500000;75597086720;1867264;992768;1
2019-09-08T01:48:00+02:00;2574500000;75613339648;771072;196608;1
2019-09-08T01:50:00+02:00;3822000000;75538890752;3083264;224709632;1
2019-09-08T01:52:00+02:00;2473000000;75570872320;840192;295424;1
2019-09-08T01:54:00+02:00;2645000000;75594989568;2800128;225208832;1
2019-09-08T01:56:00+02:00;3557500000;75615961088;1029632;768000;1
2019-09-08T01:58:00+02:00;2495500000;75622252544;850432;513024;1
2019-09-08T02:00:00+02:00;2932000000;75570348032;3096576;213947392;1
2019-09-08T02:02:00+02:00;2774500000;75585552384;1132032;1905664;1
2019-09-08T02:04:00+02:00;2343500000;75585028096;2847744;220241920;1
2019-09-08T02:06:00+02:00;2676000000;75553570816;936960;584192;1
2019-09-08T02:08:00+02:00;2796000000;75647942656;786432;255488;1
2019-09-08T02:10:00+02:00;3421000000;75650039808;2868736;225823744;1
2019-09-08T02:12:00+02:00;3094000000;75583979520;883200;305664;1
2019-09-08T02:14:00+02:00;3260500000;75568775168;3132928;227094016;1
2019-09-08T02:16:00+02:00;2876000000;75521589248;1021952;334848;1
2019-09-08T02:18:00+02:00;3116500000;75617009664;856064;242688;1
2019-09-08T02:20:00+02:00;3221500000;75611242496;3062272;227196416;1
2019-09-08T02:22:00+02:00;2571000000;75597086720;859136;221696;1
2019-09-08T02:24:00+02:00;2154000000;75555667968;3027456;227322368;1
2019-09-08T02:26:00+02:00;3554000000;75594989568;923648;460288;1
2019-09-08T02:28:00+02:00;2807000000;75606523904;909312;393728;1
2019-09-08T02:30:00+02:00;3135500000;75614912512;3240960;226753536;1
2019-09-08T02:32:00+02:00;2294500000;75526307840;852480;291328;1
2019-09-08T02:34:00+02:00;2981000000;75580833792;3186688;228997632;1
2019-09-08T02:36:00+02:00;2713500000;75591843840;892928;370176;1
2019-09-08T02:38:00+02:00;3138500000;75595513856;839680;281600;1
2019-09-08T02:40:00+02:00;3101000000;75546755072;3005952;219196416;1
2019-09-08T02:42:00+02:00;3416000000;75580833792;1033728;516096;1
2019-09-08T02:44:00+02:00;3184500000;75612291072;8635392;184243200;1
2019-09-08T02:46:00+02:00;2448000000;75569299456;1012736;477184;1
2019-09-08T02:48:00+02:00;2161000000;75597086720;877056;342016;1
2019-09-08T02:50:00+02:00;3417500000;75593940992;2810880;214931968;1
2019-09-08T02:52:00+02:00;2434500000;75611242496;879616;284672;1
2019-09-08T02:54:00+02:00;3099000000;75559337984;2848256;223026176;1
2019-09-08T02:56:00+02:00;2362500000;75538366464;858624;383488;1
2019-09-08T02:58:00+02:00;2458000000;75637456896;833024;347648;1
2019-09-08T03:00:00+02:00;3348500000;75590270976;2988032;222172672;1
2019-09-08T03:02:00+02:00;2311500000;75567726592;863744;576000;1
2019-09-08T03:04:00+02:00;3643500000;75539939328;3089920;230530048;1
2019-09-08T03:06:00+02:00;2446000000;75574018048;892928;421888;1
2019-09-08T03:08:00+02:00;3636000000;75822530560;856576;256512;1
2019-09-08T03:10:00+02:00;3190500000;75569823744;3041792;228035072;1
2019-09-08T03:12:00+02:00;3117000000;75580309504;862720;619008;1
2019-09-08T03:14:00+02:00;3479000000;75568775168;3042816;229990400;1
2019-09-08T03:16:00+02:00;2243000000;75610193920;902144;546816;1
2019-09-08T03:18:00+02:00;2519500000;75596562432;808960;251392;1
2019-09-08T03:20:00+02:00;3024500000;75521589248;2893824;228337664;1
2019-09-08T03:22:00+02:00;2860500000;75554095104;835072;289280;1
2019-09-08T03:24:00+02:00;3280000000;75604951040;2801152;231821824;1
2019-09-08T03:26:00+02:00;2436500000;75534696448;939520;535040;1
2019-09-08T03:28:00+02:00;2476000000;75515822080;872960;300032;1
2019-09-08T03:30:00+02:00;3294000000;75532075008;3134464;234032128;1
2019-09-08T03:32:00+02:00;3157000000;75570348032;899072;265216;1
2019-09-08T03:34:00+02:00;3207000000;75593416704;2778112;227964928;1
2019-09-08T03:36:00+02:00;3056000000;75527356416;837120;338944;1
2019-09-08T03:38:00+02:00;2651500000;75562483712;871936;281088;1
2019-09-08T03:40:00+02:00;3142000000;75580833792;2999808;227398144;1
2019-09-08T03:42:00+02:00;2592000000;75567726592;951296;374272;1
2019-09-08T03:44:00+02:00;2420500000;75512676352;8719360;206965760;1
2019-09-08T03:46:00+02:00;2503500000;75533123584;940544;303104;1
2019-09-08T03:48:00+02:00;2731000000;75560386560;858624;305152;1
2019-09-08T03:50:00+02:00;3153000000;75551997952;3006464;229911040;1
2019-09-08T03:52:00+02:00;2377500000;75545706496;756736;339456;1
2019-09-08T03:54:00+02:00;3084500000;75520016384;2908160;224385536;1
2019-09-08T03:56:00+02:00;3341000000;75543609344;926720;368640;1
2019-09-08T03:58:00+02:00;3198000000;75579785216;893952;333312;1
2019-09-08T04:00:00+02:00;3050500000;75507433472;3049984;228417024;1
2019-09-08T04:02:00+02:00;3080000000;75523162112;922624;301056;1
2019-09-08T04:04:00+02:00;2682000000;75559862272;2890752;231746048;1
2019-09-08T04:06:00+02:00;3639500000;75596562432;974848;831488;1
2019-09-08T04:08:00+02:00;2593500000;75679399936;964608;357376;1
2019-09-08T04:10:00+02:00;2215000000;75608096768;3004928;232536064;1
2019-09-08T04:12:00+02:00;2625500000;75541512192;920064;296448;1
2019-09-08T04:14:00+02:00;2521500000;75571920896;2917888;214467072;1
2019-09-08T04:16:00+02:00;3153500000;75489083392;972800;389632;1
2019-09-08T04:18:00+02:00;1861000000;75494850560;1409024;506368;1
2019-09-08T04:20:00+02:00;3002500000;75528929280;2934784;226195456;1
2019-09-08T04:22:00+02:00;2510500000;75566153728;932352;369152;1
2019-09-08T04:24:00+02:00;2471500000;75505860608;3337216;224617472;1
2019-09-08T04:26:00+02:00;2895000000;75507957760;805376;398848;1
2019-09-08T04:28:00+02:00;3375000000;75559862272;1812480;827392;1
2019-09-08T04:30:00+02:00;2890500000;75615436800;876032;9856512;1
2019-09-08T04:32:00+02:00;3372500000;75517394944;870912;291840;1
2019-09-08T04:34:00+02:00;2269000000;75522113536;1443840;9346560;1
2019-09-08T04:36:00+02:00;3219500000;75499044864;830976;612352;1
2019-09-08T04:38:00+02:00;2070500000;75527356416;1964544;409600;1
2019-09-08T04:40:00+02:00;2169500000;75563008000;2166784;17468416;1
2019-09-08T04:42:00+02:00;2801500000;75579785216;803840;475136;1
2019-09-08T04:44:00+02:00;2878500000;75508482048;1404928;351744;1
2019-09-08T04:46:00+02:00;2666000000;75564580864;1148416;25168896;1
2019-09-08T04:48:00+02:00;3250000000;75574018048;829952;376832;1
2019-09-08T04:50:00+02:00;2208500000;75588698112;1641472;24627712;1
2019-09-08T04:52:00+02:00;2666500000;75544133632;2094592;399872;1
2019-09-08T04:54:00+02:00;1643000000;75509006336;1561600;398848;1
2019-09-08T04:56:00+02:00;2817000000;75558813696;1011200;24379904;1
2019-09-08T04:58:00+02:00;2462000000;75574542336;847360;443904;1
2019-09-08T05:00:00+02:00;1754000000;75554095104;1262080;24243200;1
2019-09-08T05:02:00+02:00;2796500000;75542560768;891904;1890304;1
2019-09-08T05:04:00+02:00;2125500000;75534696448;1487872;466432;1
2019-09-08T05:06:00+02:00;2722000000;75584503808;1489920;23270912;1
2019-09-08T05:08:00+02:00;2238500000;75561959424;6265344;7600128;1
2019-09-08T05:10:00+02:00;3120000000;75749130240;2072064;23159296;1
2019-09-08T05:12:00+02:00;2842500000;75547803648;799232;396288;1
2019-09-08T05:14:00+02:00;3181000000;75578736640;2219520;424448;1
2019-09-08T05:16:00+02:00;2667500000;75547279360;1059840;22438400;1
2019-09-08T05:18:00+02:00;2181000000;75485413376;749568;354816;1
2019-09-08T05:20:00+02:00;2170500000;75528404992;2142208;22156800;1
2019-09-08T05:22:00+02:00;2938000000;75555667968;852992;302080;1
2019-09-08T05:24:00+02:00;1980000000;75536793600;940032;452608;1
2019-09-08T05:26:00+02:00;2404500000;75511627776;1080832;22073856;1
2019-09-08T05:28:00+02:00;2602000000;75534172160;773632;370176;1
2019-09-08T05:30:00+02:00;2152000000;75548327936;1625088;21530624;1
2019-09-08T05:32:00+02:00;2914500000;75602329600;847360;313344;1
2019-09-08T05:34:00+02:00;1933000000;75504812032;1531904;413696;1
2019-09-08T05:36:00+02:00;2122500000;75522113536;979456;21143040;1
2019-09-08T05:38:00+02:00;3176500000;75615436800;819712;261632;1
2019-09-08T05:40:00+02:00;2681000000;75559862272;1762816;20567552;1
2019-09-08T05:42:00+02:00;2664000000;75497472000;926720;450048;1
2019-09-08T05:44:00+02:00;1903000000;75523686400;1521664;382976;1
2019-09-08T05:46:00+02:00;3254000000;75591319552;1222656;20428288;1
2019-09-08T05:48:00+02:00;1968000000;75554619392;863744;449024;1
2019-09-08T05:50:00+02:00;2539000000;75520540672;2009600;19772928;1
2019-09-08T05:52:00+02:00;2339000000;75517394944;838656;385024;1
2019-09-08T05:54:00+02:00;1960000000;75567202304;2440704;437248;1
2019-09-08T05:56:00+02:00;3029000000;75576639488;1072128;17846784;1
2019-09-08T05:58:00+02:00;2145000000;75556192256;904704;385536;1
2019-09-08T06:00:00+02:00;2932500000;75542560768;1468928;18752512;1
2019-09-08T06:02:00+02:00;3022500000;75598659584;960000;1731072;1
2019-09-08T06:04:00+02:00;2003500000;75548852224;1561600;372224;1
2019-09-08T06:06:00+02:00;3596000000;75518443520;1013248;18527232;1
2019-09-08T06:08:00+02:00;2381000000;75651088384;5959168;7026176;1
2019-09-08T06:10:00+02:00;3046500000;75639029760;1977856;18287104;1
2019-09-08T06:12:00+02:00;2378000000;75554095104;836608;416256;1
2019-09-08T06:14:00+02:00;1866500000;75504287744;1472000;440832;1
2019-09-08T06:16:00+02:00;3098000000;75518967808;912896;17635840;1
2019-09-08T06:18:00+02:00;2285000000;75578212352;882176;271360;1
2019-09-08T06:20:00+02:00;2590500000;75570872320;1904640;17583616;1
2019-09-08T06:22:00+02:00;2060000000;75519492096;853504;358400;1
2019-09-08T06:24:00+02:00;2007000000;75535220736;1631232;776192;1
2019-09-08T06:26:00+02:00;3055000000;75578212352;1035776;16701440;1
2019-09-08T06:28:00+02:00;2422500000;75612815360;842752;400896;1
2019-09-08T06:30:00+02:00;2357500000;75510579200;2126336;16631808;1
2019-09-08T06:32:00+02:00;2973500000;75518443520;902144;675840;1
2019-09-08T06:34:00+02:00;2400000000;75551997952;1789952;382976;1
2019-09-08T06:36:00+02:00;3490500000;75598659584;946176;16174080;1
2019-09-08T06:38:00+02:00;1909500000;75549376512;872448;322560;1
2019-09-08T06:40:00+02:00;2606500000;75523162112;1860608;16175616;1
2019-09-08T06:42:00+02:00;1915000000;75545706496;877056;423424;1
2019-09-08T06:44:00+02:00;2062500000;75571396608;1875456;442880;1
2019-09-08T06:46:00+02:00;2907000000;75519492096;1157632;15156736;1
2019-09-08T06:48:00+02:00;1893000000;75562483712;860672;302080;1
2019-09-08T06:50:00+02:00;2205500000;75559337984;1236992;330752;1
2019-09-08T06:52:00+02:00;2757000000;75599708160;869888;367104;1
2019-09-08T06:54:00+02:00;2152000000;75500617728;1060352;295936;1
2019-09-08T06:56:00+02:00;2359500000;75524210688;1019904;291328;1
2019-09-08T06:58:00+02:00;2847500000;75610193920;794112;256512;1
2019-09-08T07:00:00+02:00;2633000000;75582406656;1046528;304640;1
2019-09-08T07:02:00+02:00;3891500000;75485937664;1197568;2429440;1
2019-09-08T07:04:00+02:00;2255000000;75557240832;1331712;348160;1
2019-09-08T07:06:00+02:00;2816500000;75527880704;984064;427008;1
2019-09-08T07:08:00+02:00;2464500000;75687264256;954880;496128;1
2019-09-08T07:10:00+02:00;1853500000;75605999616;933376;584704;1
2019-09-08T07:12:00+02:00;2635500000;75507957760;960000;377856;1
2019-09-08T07:14:00+02:00;2004000000;75538890752;1235968;343552;1
2019-09-08T07:16:00+02:00;2724000000;75572445184;1041408;321024;1
2019-09-08T07:18:00+02:00;2339500000;75637981184;859136;258560;1
2019-09-08T07:20:00+02:00;2009500000;75520016384;1556480;357888;1
2019-09-08T07:22:00+02:00;3012000000;75551473664;855040;340480;1
2019-09-08T07:24:00+02:00;2408000000;75553046528;1155072;316416;1
2019-09-08T07:26:00+02:00;3660000000;75539415040;971264;330240;1
2019-09-08T07:28:00+02:00;1735500000;75543085056;811008;265216;1
2019-09-08T07:30:00+02:00;2520000000;75542560768;1341952;345088;1
2019-09-08T07:32:00+02:00;2729500000;75582406656;952320;292864;1
2019-09-08T07:34:00+02:00;2070500000;75566678016;1599488;321024;1
2019-09-08T07:36:00+02:00;2501000000;75522113536;900608;299008;1
2019-09-08T07:38:00+02:00;1905500000;75582406656;911872;287744;1
2019-09-08T07:40:00+02:00;2193000000;75559862272;1104896;344064;1
2019-09-08T07:42:00+02:00;2550000000;75564580864;1114112;638976;1
2019-09-08T07:44:00+02:00;1870000000;75533647872;1037824;339968;1
2019-09-08T07:46:00+02:00;2633500000;75539939328;1074176;442368;1
2019-09-08T07:48:00+02:00;2480000000;75533123584;1005056;344064;1
2019-09-08T07:50:00+02:00;2196500000;75562483712;1081344;318464;1
2019-09-08T07:52:00+02:00;3854500000;75502190592;969728;257536;1
2019-09-08T07:54:00+02:00;2120000000;75516346368;1696768;406016;1
2019-09-08T07:56:00+02:00;3752500000;75528404992;959488;328704;1
2019-09-08T07:58:00+02:00;2490500000;75582406656;958464;349696;1
2019-09-08T08:00:00+02:00;1804500000;75519492096;962048;389120;1
2019-09-08T08:02:00+02:00;3129000000;75544657920;1027584;1886208;1
2019-09-08T08:04:00+02:00;2217500000;75550949376;1197568;328192;1
2019-09-08T08:06:00+02:00;2916000000;75576639488;853504;491520;1
2019-09-08T08:08:00+02:00;2281000000;75532599296;4539392;566784;1
2019-09-08T08:10:00+02:00;2098000000;75709808640;1231872;355328;1
2019-09-08T08:12:00+02:00;3327500000;75544657920;854528;838656;1
2019-09-08T08:14:00+02:00;2080500000;75577688064;1155072;359424;1
2019-09-08T08:16:00+02:00;3418000000;75534172160;1226240;377344;1
2019-09-08T08:18:00+02:00;2109000000;75495374848;755200;265728;1
2019-09-08T08:20:00+02:00;4436000000;75594465280;1238016;1099776;1
2019-09-08T08:22:00+02:00;2411000000;75582406656;1067520;263168;1
2019-09-08T08:24:00+02:00;2297500000;75478597632;1221120;355328;1
2019-09-08T08:26:00+02:00;2740500000;75514249216;1094144;334848;1
2019-09-08T08:28:00+02:00;2343500000;75551997952;883200;499712;1
2019-09-08T08:30:00+02:00;2803500000;75600756736;1098240;346624;1
2019-09-08T08:32:00+02:00;2514000000;75532599296;990208;388608;1
2019-09-08T08:34:00+02:00;2188500000;75545706496;1174016;317952;1
2019-09-08T08:36:00+02:00;2873000000;75550949376;856576;343552;1
2019-09-08T08:38:00+02:00;2413500000;75580833792;834048;286720;1
2019-09-08T08:40:00+02:00;2777500000;75496947712;1119744;328192;1
2019-09-08T08:42:00+02:00;2248500000;75520540672;1080320;375808;1
2019-09-08T08:44:00+02:00;3144000000;75551997952;1432576;403968;1
2019-09-08T08:46:00+02:00;3010000000;75565105152;952320;326144;1
2019-09-08T08:48:00+02:00;2940000000;75482791936;929280;299520;1
2019-09-08T08:50:00+02:00;2615500000;75505860608;1127424;290816;1
2019-09-08T08:52:00+02:00;2446500000;75545182208;1041408;289280;1
2019-09-08T08:54:00+02:00;2006500000;75565629440;1240064;312832;1
2019-09-08T08:56:00+02:00;2703000000;75528404992;983040;259584;1
2019-09-08T08:58:00+02:00;2396000000;75541512192;2247168;622592;1
2019-09-08T09:00:00+02:00;2946000000;75568250880;1156096;371712;1
2019-09-08T09:02:00+02:00;2549000000;75609145344;1117184;1348096;1
2019-09-08T09:04:00+02:00;2171000000;75521589248;1238528;374272;1
2019-09-08T09:06:00+02:00;3013000000;75504812032;987136;479232;1
2019-09-08T09:08:00+02:00;2310000000;75621203968;4639232;495104;1
2019-09-08T09:10:00+02:00;3715500000;75666817024;1409024;380928;1
2019-09-08T09:12:00+02:00;2197000000;75514773504;968192;324608;1
2019-09-08T09:14:00+02:00;2584000000;75514773504;1249792;372736;1
2019-09-08T09:16:00+02:00;3147000000;75554619392;960000;238080;1
2019-09-08T09:18:00+02:00;2579500000;75566678016;847360;318464;1
2019-09-08T09:20:00+02:00;2754000000;75546755072;1076736;306688;1
2019-09-08T09:22:00+02:00;2355000000;75516870656;903680;257024;1
2019-09-08T09:24:00+02:00;2728500000;75549376512;1027072;353280;1
2019-09-08T09:26:00+02:00;3017000000;75585552384;971776;338432;1
2019-09-08T09:28:00+02:00;2228500000;75537842176;865792;281600;1
2019-09-08T09:30:00+02:00;2621000000;75522637824;1196544;417280;1
2019-09-08T09:32:00+02:00;2890000000;75520540672;845824;278016;1
2019-09-08T09:34:00+02:00;2621500000;75571396608;1391616;371200;1
2019-09-08T09:36:00+02:00;2906000000;75550949376;852992;274432;1
2019-09-08T09:38:00+02:00;3605000000;75552522240;912896;1139712;1
2019-09-08T09:40:00+02:00;3500000000;75558813696;1150464;372224;1
2019-09-08T09:42:00+02:00;3505000000;75574018048;910848;334336;1
2019-09-08T09:44:00+02:00;2952000000;75546230784;1460736;306176;1
2019-09-08T09:46:00+02:00;2653000000;75522637824;1123328;631808;1
2019-09-08T09:48:00+02:00;2700000000;75540463616;776192;473088;1
2019-09-08T09:50:00+02:00;2300500000;75584503808;1094656;426496;1
2019-09-08T09:52:00+02:00;3068500000;75546230784;889344;365056;1
2019-09-08T09:54:00+02:00;2142000000;75497996288;1207808;421888;1
2019-09-08T09:56:00+02:00;2562000000;75534172160;994304;308736;1
2019-09-08T09:58:00+02:00;2871500000;75539939328;861184;440832;1
2019-09-08T10:00:00+02:00;2363500000;75554619392;1248768;317440;1
2019-09-08T10:02:00+02:00;2799500000;75501142016;1086976;395264;1
2019-09-08T10:04:00+02:00;3199500000;75504812032;1055744;265728;1
2019-09-08T10:06:00+02:00;2680000000;75554095104;891904;376320;1
2019-09-08T10:08:00+02:00;3801500000;75668914176;4585984;548864;1
2019-09-08T10:10:00+02:00;2223000000;75619106816;1345024;328192;1
2019-09-08T10:12:00+02:00;2657000000;75533647872;963072;498688;1
2019-09-08T10:14:00+02:00;2107000000;75555667968;1526272;334336;1
2019-09-08T10:16:00+02:00;2968500000;75620155392;1081856;1108480;1
2019-09-08T10:18:00+02:00;2450500000;75483840512;842752;268800;1
2019-09-08T10:20:00+02:00;1991500000;75531550720;2897408;221008896;1
2019-09-08T10:22:00+02:00;2959500000;75554095104;816640;254464;1
2019-09-08T10:24:00+02:00;2197000000;75579260928;2871808;226188288;1
2019-09-08T10:26:00+02:00;2631500000;75543609344;998912;462848;1
2019-09-08T10:28:00+02:00;2087500000;75499044864;814080;342016;1
2019-09-08T10:30:00+02:00;2688000000;75539939328;3210240;234724864;1
2019-09-08T10:32:00+02:00;2926500000;75554095104;914944;332288;1
2019-09-08T10:34:00+02:00;3015500000;75535220736;2899456;233025536;1
2019-09-08T10:36:00+02:00;2581500000;75515822080;962560;386048;1
2019-09-08T10:38:00+02:00;2732000000;75532075008;833536;294400;1
2019-09-08T10:40:00+02:00;2236000000;75558813696;3017728;234223616;1
2019-09-08T10:42:00+02:00;2708000000;75528929280;1043456;344576;1
2019-09-08T10:44:00+02:00;1646500000;75483840512;8785408;220752384;1
2019-09-08T10:46:00+02:00;2863000000;75515297792;1294848;379392;1
2019-09-08T10:48:00+02:00;2530000000;75529977856;919552;239616;1
2019-09-08T10:50:00+02:00;1960500000;75511103488;3070976;233916416;1
2019-09-08T10:52:00+02:00;2698000000;75489607680;879616;393728;1
2019-09-08T10:54:00+02:00;2371500000;75510579200;3086848;234970624;1
2019-09-08T10:56:00+02:00;3111000000;75581882368;1024512;503296;1
2019-09-08T10:58:00+02:00;2762500000;75516346368;841216;228864;1
2019-09-08T11:00:00+02:00;2826500000;75531550720;3231232;235319296;1
2019-09-08T11:02:00+02:00;3147500000;75564056576;992768;1846784;1
2019-09-08T11:04:00+02:00;3037500000;75580309504;2921984;237429248;1
2019-09-08T11:06:00+02:00;3065000000;75521589248;1052672;450560;1
2019-09-08T11:08:00+02:00;1941000000;75599708160;5219328;1003008;1
2019-09-08T11:10:00+02:00;3160500000;75621203968;2989568;236547584;1
2019-09-08T11:12:00+02:00;2324500000;75566678016;905216;361472;1
2019-09-08T11:14:00+02:00;2142000000;75551997952;3134976;236426240;1
2019-09-08T11:16:00+02:00;2893500000;75528404992;1029632;580096;1
2019-09-08T11:18:00+02:00;2406000000;75540463616;938496;292352;1
2019-09-08T11:20:00+02:00;2885500000;75571396608;2989056;240312832;1
2019-09-08T11:22:00+02:00;3207500000;75552522240;858112;373760;1
2019-09-08T11:24:00+02:00;2226500000;75511627776;3038208;238523392;1
2019-09-08T11:26:00+02:00;3800500000;75539415040;918016;531968;1
2019-09-08T11:28:00+02:00;2048500000;75604426752;939520;273408;1
2019-09-08T11:30:00+02:00;3087500000;75601805312;2994688;221794304;1
2019-09-08T11:32:00+02:00;2468500000;75564580864;1072640;1361408;1
2019-09-08T11:34:00+02:00;2555500000;75541512192;2920960;221891072;1
2019-09-08T11:36:00+02:00;3380000000;75582406656;917504;379904;1
2019-09-08T11:38:00+02:00;1992000000;75559337984;859648;286720;1
2019-09-08T11:40:00+02:00;2920500000;75549376512;3308032;202268160;1
2019-09-08T11:42:00+02:00;2470000000;75554095104;1002496;455680;1
2019-09-08T11:44:00+02:00;2134000000;75549900800;8972800;199992320;1
2019-09-08T11:46:00+02:00;2798000000;75565105152;1152000;458752;1
2019-09-08T11:48:00+02:00;2470000000;75509530624;839168;330240;1
2019-09-08T11:50:00+02:00;3031000000;75571920896;2831872;188619264;1
2019-09-08T11:52:00+02:00;3233500000;75571396608;894464;254464;1
2019-09-08T11:54:00+02:00;2122500000;75596562432;2801152;212370944;1
2019-09-08T11:56:00+02:00;3059000000;75544133632;953856;353280;1
2019-09-08T11:58:00+02:00;2270500000;75534172160;908800;315904;1
2019-09-08T12:00:00+02:00;3362000000;75585552384;8584704;160914432;1
2019-09-08T12:02:00+02:00;3198000000;75599183872;987136;532992;1
2019-09-08T12:04:00+02:00;1940000000;75514249216;2745856;218877440;1
2019-09-08T12:06:00+02:00;2472000000;75543085056;1055232;868352;1
2019-09-08T12:08:00+02:00;2791000000;75677827072;800256;242688;1
2019-09-08T12:10:00+02:00;2081500000;75709808640;2906112;219491328;1
2019-09-08T12:12:00+02:00;3194000000;75537842176;865792;348672;1
2019-09-08T12:14:00+02:00;1864500000;75538366464;2944000;217719296;1
2019-09-08T12:16:00+02:00;2855500000;75569299456;1017344;392192;1
2019-09-08T12:18:00+02:00;3286500000;75623301120;909312;459264;1
2019-09-08T12:20:00+02:00;2164500000;75551997952;2900480;220564992;1
2019-09-08T12:22:00+02:00;3611500000;75535220736;882176;344064;1
2019-09-08T12:24:00+02:00;2115500000;75534696448;2909696;224267776;1
2019-09-08T12:26:00+02:00;2849500000;75581358080;972288;413184;1
2019-09-08T12:28:00+02:00;2715000000;75471257600;849920;285696;1
2019-09-08T12:30:00+02:00;1755000000;75520016384;2959360;217000448;1
2019-09-08T12:32:00+02:00;3003000000;75523686400;980480;310272;1
2019-09-08T12:34:00+02:00;2174500000;75553046528;2823168;223454720;1
2019-09-08T12:36:00+02:00;2719500000;75475976192;1022464;316928;1
2019-09-08T12:38:00+02:00;2246000000;75487510528;1243136;224256;1
2019-09-08T12:40:00+02:00;2205000000;75567726592;2795520;210917376;1
2019-09-08T12:42:00+02:00;3498000000;75565629440;1066496;322048;1
2019-09-08T12:44:00+02:00;2148500000;75515822080;8686592;206095872;1
2019-09-08T12:46:00+02:00;3655500000;75556192256;1012224;322048;1
2019-09-08T12:48:00+02:00;2715500000;75532599296;978432;661504;1
2019-09-08T12:50:00+02:00;2809000000;75592368128;2775040;208262144;1
2019-09-08T12:52:00+02:00;2692000000;75532599296;1231360;270336;1
2019-09-08T12:54:00+02:00;2002000000;75482791936;2940928;219424768;1
2019-09-08T12:56:00+02:00;3103500000;75511103488;948736;440320;1
2019-09-08T12:58:00+02:00;2591500000;75544133632;916992;235008;1
2019-09-08T13:00:00+02:00;2209000000;75597086720;2990080;215460864;1
2019-09-08T13:02:00+02:00;2943500000;75555143680;874496;281088;1
2019-09-08T13:04:00+02:00;2041500000;75529977856;3817984;215281664;1
2019-09-08T13:06:00+02:00;3145500000;75572445184;1189376;23380992;1
2019-09-08T13:08:00+02:00;3053500000;75583455232;926720;271872;1
2019-09-08T13:10:00+02:00;1788500000;75749654528;2940928;219974656;1
2019-09-08T13:12:00+02:00;4210000000;75566678016;3128320;462336;1
2019-09-08T13:14:00+02:00;2263000000;75565629440;3064320;215630848;1
2019-09-08T13:16:00+02:00;3816000000;75592892416;1278464;325632;1
2019-09-08T13:18:00+02:00;2250000000;75503763456;854016;281600;1
2019-09-08T13:20:00+02:00;2248000000;75575066624;2917888;217206272;1
2019-09-08T13:22:00+02:00;3176500000;75566153728;962048;231936;1
2019-09-08T13:24:00+02:00;1957000000;75556716544;2795520;220118528;1
2019-09-08T13:26:00+02:00;2646000000;75526832128;861696;770048;1
2019-09-08T13:28:00+02:00;3157000000;75590795264;1593856;543744;1
2019-09-08T13:30:00+02:00;3080000000;75632214016;937472;15565824;1
2019-09-08T13:32:00+02:00;2474000000;75568250880;838656;312320;1
2019-09-08T13:34:00+02:00;2266000000;75549900800;2064896;14978048;1
2019-09-08T13:36:00+02:00;3910500000;75543085056;912384;276480;1
2019-09-08T13:38:00+02:00;2594000000;75565629440;1203200;467456;1
2019-09-08T13:40:00+02:00;3694500000;75596562432;1028608;14639104;1
2019-09-08T13:42:00+02:00;2236500000;75488034816;833536;393728;1
2019-09-08T13:44:00+02:00;2407000000;75520540672;1611776;14589952;1
2019-09-08T13:46:00+02:00;3358500000;75572969472;1039360;349696;1
2019-09-08T13:48:00+02:00;2375500000;75550425088;868864;377856;1
2019-09-08T13:50:00+02:00;2578500000;75553570816;1714688;27510784;1
2019-09-08T13:52:00+02:00;2350000000;75540987904;798208;349696;1
2019-09-08T13:54:00+02:00;2191000000;75563008000;1607168;13570048;1
2019-09-08T13:56:00+02:00;3177000000;75609669632;1278976;362496;1
2019-09-08T13:58:00+02:00;2199000000;75528929280;837120;546816;1
2019-09-08T14:00:00+02:00;3558500000;75608621056;1574400;431616;1
2019-09-08T14:02:00+02:00;2402500000;75602853888;836096;1764352;1
2019-09-08T14:04:00+02:00;2783500000;75530502144;1354240;1896448;1
2019-09-08T14:06:00+02:00;2855000000;75618582528;980992;12954624;1
2019-09-08T14:08:00+02:00;3305000000;75794219008;7255552;7478784;1
2019-09-08T14:10:00+02:00;3120500000;75550425088;1656832;12541952;1
2019-09-08T14:12:00+02:00;3487500000;75509006336;850944;397312;1
2019-09-08T14:14:00+02:00;3061500000;75512676352;3593216;963072;1
2019-09-08T14:16:00+02:00;3026000000;75556716544;1008640;11656192;1
2019-09-08T14:18:00+02:00;2076000000;75544133632;793600;270336;1
2019-09-08T14:20:00+02:00;2726500000;75532599296;1549824;11808256;1
2019-09-08T14:22:00+02:00;2344500000;75540463616;798208;266240;1
2019-09-08T14:24:00+02:00;2964000000;75561959424;1388032;474112;1
2019-09-08T14:26:00+02:00;2247500000;75555143680;988672;10878464;1
2019-09-08T14:28:00+02:00;2026000000;75503763456;801792;353280;1
2019-09-08T14:30:00+02:00;2986000000;75539415040;1669120;10788864;1
2019-09-08T14:32:00+02:00;2468000000;75571396608;1262080;296448;1
2019-09-08T14:34:00+02:00;2965500000;75576639488;1573888;624128;1
2019-09-08T14:36:00+02:00;2134500000;75524734976;868864;10160128;1
2019-09-08T14:38:00+02:00;3472000000;75521589248;799744;392704;1
2019-09-08T14:40:00+02:00;2963500000;75566153728;1444864;10146304;1
2019-09-08T14:42:00+02:00;3481000000;75536793600;924160;495616;1
2019-09-08T14:44:00+02:00;2648000000;75495374848;1225728;397312;1
2019-09-08T14:46:00+02:00;2959500000;75548327936;1076224;10459648;1
2019-09-08T14:48:00+02:00;2444500000;75537317888;960000;329216;1
2019-09-08T14:50:00+02:00;3014000000;75558813696;2355200;25842688;1
2019-09-08T14:52:00+02:00;2041000000;75496423424;813056;314880;1
2019-09-08T14:54:00+02:00;2336000000;75525783552;1959936;641024;1
2019-09-08T14:56:00+02:00;2703000000;75555143680;1068032;18516480;1
2019-09-08T14:58:00+02:00;2496500000;75592892416;879104;410112;1
2019-09-08T15:00:00+02:00;3401500000;75563532288;1524736;25498112;1
2019-09-08T15:02:00+02:00;1983500000;75510054912;901632;387072;1
2019-09-08T15:04:00+02:00;3163500000;75525259264;1448448;418304;1
2019-09-08T15:06:00+02:00;3058000000;75545706496;1026560;24272384;1
2019-09-08T15:08:00+02:00;3581000000;75736023040;11061760;7958016;1
2019-09-08T15:10:00+02:00;3135500000;75517919232;1545728;24086528;1
2019-09-08T15:12:00+02:00;3029500000;75525259264;868352;312320;1
2019-09-08T15:14:00+02:00;2747500000;75567202304;1348608;505856;1
2019-09-08T15:16:00+02:00;2812000000;75476500480;1020416;23153664;1
2019-09-08T15:18:00+02:00;1762500000;75501142016;764928;391168;1
2019-09-08T15:20:00+02:00;3585500000;75599708160;1422848;23205376;1
2019-09-08T15:22:00+02:00;2365500000;75594465280;803840;300032;1
2019-09-08T15:24:00+02:00;2337000000;75513200640;1302016;748032;1
2019-09-08T15:26:00+02:00;2251500000;75497996288;1102848;22660096;1
2019-09-08T15:28:00+02:00;2573500000;75540463616;814080;436224;1
2019-09-08T15:30:00+02:00;3456000000;75581358080;1761792;21822976;1
2019-09-08T15:32:00+02:00;3138500000;75470209024;826880;382976;1
2019-09-08T15:34:00+02:00;2193000000;75488559104;1295872;435712;1
2019-09-08T15:36:00+02:00;3737000000;75530502144;1033728;21880320;1
2019-09-08T15:38:00+02:00;2463000000;75557765120;893440;283136;1
2019-09-08T15:40:00+02:00;3136000000;75563008000;1705984;21517824;1
2019-09-08T15:42:00+02:00;1992000000;75496947712;827392;346112;1
2019-09-08T15:44:00+02:00;2463500000;75528929280;1545728;374784;1
2019-09-08T15:46:00+02:00;3002500000;75583455232;1044480;20901888;1
2019-09-08T15:48:00+02:00;2182000000;75513724928;886784;295424;1
2019-09-08T15:50:00+02:00;2282500000;75537842176;1349120;20793856;1
2019-09-08T15:52:00+02:00;2092000000;75527356416;812032;231424;1
2019-09-08T15:54:00+02:00;2206000000;75540463616;1477120;376832;1
2019-09-08T15:56:00+02:00;2609000000;75535745024;1022464;20364800;1
2019-09-08T15:58:00+02:00;2843000000;75473879040;960512;379392;1
2019-09-08T16:00:00+02:00;3310500000;75558813696;1563136;20231680;1
2019-09-08T16:02:00+02:00;3396000000;75528929280;966144;772096;1
2019-09-08T16:04:00+02:00;2330000000;75547279360;1639424;428032;1
2019-09-08T16:06:00+02:00;2726000000;75461820416;1004032;19543552;1
2019-09-08T16:08:00+02:00;2627000000;75603378176;7514112;7897088;1
2019-09-08T16:10:00+02:00;3100000000;75620679680;1883648;19189760;1
2019-09-08T16:12:00+02:00;2193500000;75564056576;875520;323584;1
2019-09-08T16:14:00+02:00;2423000000;75496423424;1521152;478208;1
2019-09-08T16:16:00+02:00;2733500000;75517919232;1032192;18639872;1
2019-09-08T16:18:00+02:00;2042000000;75523162112;859648;292352;1
2019-09-08T16:20:00+02:00;2948000000;75545182208;1669632;18348544;1
2019-09-08T16:22:00+02:00;2093500000;75449237504;791552;355840;1
2019-09-08T16:24:00+02:00;2310000000;75471781888;1863680;422912;1
2019-09-08T16:26:00+02:00;3779000000;75491704832;990208;15167488;1
2019-09-08T16:28:00+02:00;2076500000;75557240832;851968;374272;1
2019-09-08T16:30:00+02:00;3901000000;75448188928;1214464;17315840;1
2019-09-08T16:32:00+02:00;1984500000;75482267648;923648;253440;1
2019-09-08T16:34:00+02:00;2376000000;75503239168;1015296;376320;1
2019-09-08T16:36:00+02:00;2713000000;75534172160;757760;273408;1
2019-09-08T16:38:00+02:00;1803000000;75460771840;757760;319488;1
2019-09-08T16:40:00+02:00;3045000000;75515822080;1245696;1028096;1
2019-09-08T16:42:00+02:00;2032500000;75506384896;787456;256512;1
2019-09-08T16:44:00+02:00;2736500000;75505336320;975360;246272;1
2019-09-08T16:46:00+02:00;1602500000;75448188928;840704;280576;1
2019-09-08T16:48:00+02:00;2312500000;75484889088;841728;511488;1
2019-09-08T16:50:00+02:00;3636000000;75515822080;1023488;307712;1
2019-09-08T16:52:00+02:00;2167500000;75532075008;704512;232960;1
2019-09-08T16:54:00+02:00;3369500000;75456577536;1226240;353280;1
2019-09-08T16:56:00+02:00;1827000000;75468111872;836608;233984;1
2019-09-08T16:58:00+02:00;2686500000;75490656256;775168;510464;1
2019-09-08T17:00:00+02:00;2600500000;75549900800;944640;273920;1
2019-09-08T17:02:00+02:00;1912500000;75455528960;925696;394240;1
2019-09-08T17:04:00+02:00;2294500000;75494850560;1375744;1917952;1
2019-09-08T17:06:00+02:00;2125500000;75544133632;905216;374272;1
2019-09-08T17:08:00+02:00;2838500000;75769577472;2118656;548864;1
2019-09-08T17:10:00+02:00;2729500000;75452383232;962048;247296;1
2019-09-08T17:12:00+02:00;1823500000;75462868992;876032;1340928;1
2019-09-08T17:14:00+02:00;3088000000;75520540672;1155584;256512;1
2019-09-08T17:16:00+02:00;2702000000;75548852224;887296;265216;1
2019-09-08T17:18:00+02:00;2085000000;75510054912;877568;637952;1
2019-09-08T17:20:00+02:00;3711500000;75468636160;1409024;296448;1
2019-09-08T17:22:00+02:00;2109000000;75504812032;847360;261120;1
2019-09-08T17:24:00+02:00;3403000000;75545706496;921088;350208;1
2019-09-08T17:26:00+02:00;1741500000;75463917568;837632;291840;1
2019-09-08T17:28:00+02:00;2149500000;75498520576;935936;343040;1
2019-09-08T17:30:00+02:00;2319000000;75527356416;1189376;317952;1
2019-09-08T17:32:00+02:00;2209500000;75574018048;875008;295424;1
2019-09-08T17:34:00+02:00;2888000000;75472830464;1068032;254976;1
2019-09-08T17:36:00+02:00;1951500000;75482267648;764928;254464;1
2019-09-08T17:38:00+02:00;2137000000;75493801984;748544;237568;1
2019-09-08T17:40:00+02:00;2839000000;75544133632;1536512;331776;1
2019-09-08T17:42:00+02:00;1992500000;75468636160;845824;274432;1
2019-09-08T17:44:00+02:00;3763500000;75475976192;973312;233472;1
2019-09-08T17:46:00+02:00;2067000000;75482791936;1068544;259584;1
2019-09-08T17:48:00+02:00;2974500000;75517919232;723968;279552;1
2019-09-08T17:50:00+02:00;2586000000;75480694784;1106432;262656;1
2019-09-08T17:52:00+02:00;2027500000;75480170496;811520;319488;1
2019-09-08T17:54:00+02:00;3125500000;75500093440;1055232;220160;1
2019-09-08T17:56:00+02:00;2243000000;75546755072;1027072;1007616;1
2019-09-08T17:58:00+02:00;2157500000;75499569152;827392;368128;1
2019-09-08T18:00:00+02:00;2498000000;75463393280;3182080;227686912;1
2019-09-08T18:02:00+02:00;2353000000;75475976192;991744;318464;1
2019-09-08T18:04:00+02:00;2140000000;75524210688;1149440;2279936;1
2019-09-08T18:06:00+02:00;2891000000;75485937664;1093632;868864;1
2019-09-08T18:08:00+02:00;2280000000;75673632768;1048064;307712;1
2019-09-08T18:10:00+02:00;3517500000;75500617728;2883072;229576192;1
2019-09-08T18:12:00+02:00;2451500000;75534696448;1073152;387584;1
2019-09-08T18:14:00+02:00;3283500000;75503239168;3104768;215832576;1
2019-09-08T18:16:00+02:00;2579000000;75484889088;1053184;406016;1
2019-09-08T18:18:00+02:00;2256500000;75493277696;861696;297984;1
2019-09-08T18:20:00+02:00;3030500000;75542560768;3080704;217717760;1
2019-09-08T18:22:00+02:00;2222000000;75506909184;878080;327168;1
2019-09-08T18:24:00+02:00;1941000000;75470209024;2992128;217271808;1
2019-09-08T18:26:00+02:00;2839000000;75480694784;982528;554496;1
2019-09-08T18:28:00+02:00;2100000000;75523686400;901120;338432;1
2019-09-08T18:30:00+02:00;3463500000;75485413376;3288064;229019136;1
2019-09-08T18:32:00+02:00;2057500000;75446616064;950784;372224;1
2019-09-08T18:34:00+02:00;2090500000;75490131968;2830336;194512896;1
2019-09-08T18:36:00+02:00;3375000000;75512676352;984064;330752;1
2019-09-08T18:38:00+02:00;2023000000;75502190592;822272;303616;1
2019-09-08T18:40:00+02:00;3704500000;75464966144;3081216;220951552;1
2019-09-08T18:42:00+02:00;2216000000;75484889088;1085440;369664;1
2019-09-08T18:44:00+02:00;2989000000;75457626112;8989184;217771008;1
2019-09-08T18:46:00+02:00;2413000000;75516346368;1070080;394240;1
2019-09-08T18:48:00+02:00;2036500000;75458150400;828928;233984;1
2019-09-08T18:50:00+02:00;2576000000;75448713216;3132416;219124224;1
2019-09-08T18:52:00+02:00;2337500000;75496423424;895488;316416;1
2019-09-08T18:54:00+02:00;2281500000;75505336320;3080192;224197120;1
2019-09-08T18:56:00+02:00;2619500000;75468111872;1034240;456192;1
2019-09-08T18:58:00+02:00;1759500000;75446616064;842752;382976;1
2019-09-08T19:00:00+02:00;3029000000;75495899136;3351552;224868352;1
2019-09-08T19:02:00+02:00;2230500000;75507957760;911360;297984;1
2019-09-08T19:04:00+02:00;3007000000;75499044864;3116544;226445824;1
2019-09-08T19:06:00+02:00;2697500000;75456577536;1335808;690176;1
2019-09-08T19:08:00+02:00;3259500000;75573493760;899072;301056;1
2019-09-08T19:10:00+02:00;2566000000;75723964416;3122688;224756224;1
2019-09-08T19:12:00+02:00;2508000000;75542036480;849920;303616;1
2019-09-08T19:14:00+02:00;1878500000;75476500480;3188736;219612672;1
2019-09-08T19:16:00+02:00;3276000000;75503763456;1078784;489984;1
2019-09-08T19:18:00+02:00;2234000000;75528404992;845312;363520;1
2019-09-08T19:20:00+02:00;2521000000;75439800320;3104768;224080384;1
2019-09-08T19:22:00+02:00;1941000000;75462344704;938496;269824;1
2019-09-08T19:24:00+02:00;2858000000;75495374848;2960896;224133632;1
2019-09-08T19:26:00+02:00;2208500000;75536793600;966656;412672;1
2019-09-08T19:28:00+02:00;2383000000;75445043200;877568;337920;1
2019-09-08T19:30:00+02:00;2976000000;75488034816;3304448;226888704;1
2019-09-08T19:32:00+02:00;2902500000;75478597632;976384;373760;1
2019-09-08T19:34:00+02:00;3237500000;75536793600;3454464;227990016;1
2019-09-08T19:36:00+02:00;2790500000;75499044864;959488;338944;1
2019-09-08T19:38:00+02:00;1907500000;75447140352;780800;266752;1
2019-09-08T19:40:00+02:00;2872000000;75474927616;3087360;227702784;1
2019-09-08T19:42:00+02:00;2224000000;75514773504;980992;403456;1
2019-09-08T19:44:00+02:00;2808000000;75464441856;9187328;219393024;1
2019-09-08T19:46:00+02:00;1857000000;75458150400;1019904;390656;1
2019-09-08T19:48:00+02:00;2144500000;75474927616;894464;543744;1
2019-09-08T19:50:00+02:00;2988500000;75512676352;3187200;228794368;1
2019-09-08T19:52:00+02:00;2105500000;75501666304;906240;737792;1
2019-09-08T19:54:00+02:00;2620000000;75453956096;3113472;227912192;1
2019-09-08T19:56:00+02:00;2034000000;75497996288;1014272;450560;1
2019-09-08T19:58:00+02:00;2888500000;75518443520;823296;515584;1
2019-09-08T20:00:00+02:00;3140000000;75520540672;9363968;230214656;1
2019-09-08T20:02:00+02:00;4860000000;75566153728;139853312;91536896;1
2019-09-08T20:04:00+02:00;4895500000;75599708160;4607488;197352448;1
2019-09-08T20:06:00+02:00;2366000000;75644796928;8496128;16616448;1
2019-09-08T20:08:00+02:00;2465000000;75848220672;1454080;3810816;1
2019-09-08T20:10:00+02:00;3172500000;75576639488;4257280;215086080;1
2019-09-08T20:12:00+02:00;2095000000;75603378176;1624064;3510272;1
2019-09-08T20:14:00+02:00;3502500000;75633786880;10652672;233592320;1
2019-09-08T20:16:00+02:00;2106000000;75601805312;1173504;461824;1
2019-09-08T20:18:00+02:00;1762000000;75546755072;960512;347136;1
2019-09-08T20:20:00+02:00;3012500000;75605475328;3469824;230986240;1
2019-09-08T20:22:00+02:00;2703500000;75610193920;904704;238080;1
2019-09-08T20:24:00+02:00;2424500000;75612815360;3272192;231320064;1
2019-09-08T20:26:00+02:00;2598000000;75589746688;947200;466944;1
2019-09-08T20:28:00+02:00;2171500000;75572969472;850944;344576;1
2019-09-08T20:30:00+02:00;3790000000;75614388224;3500032;231710720;1
2019-09-08T20:32:00+02:00;2304000000;75656855552;1025536;1088512;1
2019-09-08T20:34:00+02:00;2687000000;75572445184;3115008;233123328;1
2019-09-08T20:36:00+02:00;2322000000;75583455232;1064960;400896;1
2019-09-08T20:38:00+02:00;1914500000;75612815360;850432;330752;1
2019-09-08T20:40:00+02:00;3013500000;75653185536;2950656;219060224;1
2019-09-08T20:42:00+02:00;1888000000;75561435136;1147392;445440;1
2019-09-08T20:44:00+02:00;2739500000;75580833792;9101312;222452736;1
2019-09-08T20:46:00+02:00;2631000000;75623301120;1080320;388608;1
2019-09-08T20:48:00+02:00;2386000000;75646894080;875520;339456;1
2019-09-08T20:50:00+02:00;2715500000;75598135296;2952192;221069824;1
2019-09-08T20:52:00+02:00;2990000000;75605475328;932352;243712;1
2019-09-08T20:54:00+02:00;3151500000;75621203968;3430912;235168256;1
2019-09-08T20:56:00+02:00;3076000000;75631165440;982528;390656;1
2019-09-08T20:58:00+02:00;1920500000;75557765120;837120;260096;1
2019-09-08T21:00:00+02:00;3080000000;75603378176;3355648;229116928;1
2019-09-08T21:02:00+02:00;2234000000;75594989568;838656;237568;1
2019-09-08T21:04:00+02:00;3120500000;75612291072;3146752;234251264;1
2019-09-08T21:06:00+02:00;1771000000;75530502144;1436160;875008;1
2019-09-08T21:08:00+02:00;2370000000;75783208960;897536;319488;1
2019-09-08T21:10:00+02:00;2822000000;75588173824;3342336;232981504;1
2019-09-08T21:12:00+02:00;3181500000;75683594240;885760;442880;1
2019-09-08T21:14:00+02:00;2386000000;75571396608;1742848;11051008;1
2019-09-08T21:16:00+02:00;2713000000;75605999616;856576;448000;1
2019-09-08T21:18:00+02:00;2871500000;75628019712;1357824;567296;1
2019-09-08T21:20:00+02:00;2948500000;75644272640;1042944;10974208;1
2019-09-08T21:22:00+02:00;3125000000;75544657920;1014784;361472;1
2019-09-08T21:24:00+02:00;1989000000;75555143680;1992192;10166272;1
2019-09-08T21:26:00+02:00;2995500000;75589222400;1018880;430080;1
2019-09-08T21:28:00+02:00;2227000000;75613863936;1783296;476672;1
2019-09-08T21:30:00+02:00;2541500000;75575066624;879104;9773056;1
2019-09-08T21:32:00+02:00;2143500000;75559337984;857600;330752;1
2019-09-08T21:34:00+02:00;2222000000;75606523904;1696768;25637376;1
2019-09-08T21:36:00+02:00;2767000000;75623825408;941056;352768;1
2019-09-08T21:38:00+02:00;2116500000;75571396608;1209344;439296;1
2019-09-08T21:40:00+02:00;1948000000;75630116864;1359872;49313792;1
2019-09-08T21:42:00+02:00;2828000000;75611766784;832512;319488;1
2019-09-08T21:44:00+02:00;2147500000;75645845504;1130496;369664;1
2019-09-08T21:46:00+02:00;3805000000;75579785216;888832;311296;1
2019-09-08T21:48:00+02:00;2075000000;75560386560;806400;252416;1
2019-09-08T21:50:00+02:00;3370000000;75623825408;1370112;820224;1
2019-09-08T21:52:00+02:00;2378500000;75596562432;783360;304128;1
2019-09-08T21:54:00+02:00;1987500000;75590270976;1178112;434176;1
2019-09-08T21:56:00+02:00;2536500000;75575066624;873984;316416;1
2019-09-08T21:58:00+02:00;2015000000;75591843840;771072;328704;1
2019-09-08T22:00:00+02:00;3063500000;75652136960;1079296;381440;1
2019-09-08T22:02:00+02:00;2363500000;75609145344;1282048;377344;1
2019-09-08T22:04:00+02:00;1765500000;75572445184;1066496;286720;1
2019-09-08T22:06:00+02:00;2451500000;75582406656;882688;418304;1
2019-09-08T22:08:00+02:00;2876500000;75864997888;4473344;547328;1
2019-09-08T22:10:00+02:00;3004000000;75629592576;1205248;289792;1
2019-09-08T22:12:00+02:00;3273500000;75546230784;847872;345600;1
2019-09-08T22:14:00+02:00;2069000000;75569823744;952832;315392;1
2019-09-08T22:16:00+02:00;3694000000;75594465280;838144;348672;1
2019-09-08T22:18:00+02:00;2379000000;75646369792;767488;321024;1
2019-09-08T22:20:00+02:00;2726500000;75532075008;1027584;295936;1
2019-09-08T22:22:00+02:00;2047000000;75640602624;738304;399872;1
2019-09-08T22:24:00+02:00;2037000000;75584503808;1146368;348160;1
2019-09-08T22:26:00+02:00;2865500000;75637456896;828928;292864;1
2019-09-08T22:28:00+02:00;1864000000;75546230784;1186304;326144;1
2019-09-08T22:30:00+02:00;2222000000;75578212352;1245184;864768;1
2019-09-08T22:32:00+02:00;2481500000;75648466944;960512;404480;1
2019-09-08T22:34:00+02:00;2493500000;75654758400;949760;321024;1
2019-09-08T22:36:00+02:00;3423500000;75559862272;809984;293376;1
2019-09-08T22:38:00+02:00;1763500000;75537317888;715264;395776;1
2019-09-08T22:40:00+02:00;3871500000;75585028096;1033728;344064;1
2019-09-08T22:42:00+02:00;2114000000;75602329600;911872;320000;1
2019-09-08T22:44:00+02:00;2272500000;75565105152;925184;414208;1
2019-09-08T22:46:00+02:00;2581000000;75563532288;970240;320512;1
2019-09-08T22:48:00+02:00;2128000000;75559862272;756736;264192;1
2019-09-08T22:50:00+02:00;2980500000;75598659584;985088;343552;1
2019-09-08T22:52:00+02:00;1760000000;75539415040;764928;274432;1
2019-09-08T22:54:00+02:00;1870500000;75538366464;1129984;318976;1
2019-09-08T22:56:00+02:00;2770500000;75591843840;791552;279040;1
2019-09-08T22:58:00+02:00;2009000000;75604426752;815616;293888;1
2019-09-08T23:00:00+02:00;3188000000;75598659584;1436672;291328;1
2019-09-08T23:02:00+02:00;2211500000;75528404992;837632;247296;1
2019-09-08T23:04:00+02:00;3632500000;75568250880;1020928;1750016;1
2019-09-08T23:06:00+02:00;2168500000;75629592576;889856;420352;1
2019-09-08T23:08:00+02:00;2845500000;75754373120;848384;561152;1
2019-09-08T23:10:00+02:00;2849500000;75560386560;1161728;921600;1
2019-09-08T23:12:00+02:00;2077000000;75579260928;829440;342016;1
2019-09-08T23:14:00+02:00;2849500000;75602329600;1127424;306176;1
2019-09-08T23:16:00+02:00;1865000000;75546755072;2232320;307712;1
2019-09-08T23:18:00+02:00;1793000000;75556716544;820736;262144;1
2019-09-08T23:20:00+02:00;3108000000;75599183872;1086464;249856;1
2019-09-08T23:22:00+02:00;2055000000;75616485376;911872;231424;1
2019-09-08T23:24:00+02:00;2398500000;75554095104;893440;243200;1
2019-09-08T23:26:00+02:00;2177000000;75555143680;841216;256000;1
2019-09-08T23:28:00+02:00;2248000000;75572445184;907776;309248;1
2019-09-08T23:30:00+02:00;3563500000;75619106816;926208;224256;1
2019-09-08T23:32:00+02:00;1758000000;75547803648;1042944;300032;1
2019-09-08T23:34:00+02:00;3281000000;75537842176;1008128;247296;1
2019-09-08T23:36:00+02:00;1969000000;75572969472;797696;238592;1
2019-09-08T23:38:00+02:00;1959500000;75626971136;800768;278528;1
2019-09-08T23:40:00+02:00;2442500000;75580833792;958976;301056;1
2019-09-08T23:42:00+02:00;1997500000;75555667968;862208;372736;1
2019-09-08T23:44:00+02:00;2202500000;75588698112;918528;239104;1
2019-09-08T23:46:00+02:00;2562000000;75626446848;963072;247296;1
2019-09-08T23:48:00+02:00;1956500000;75594989568;684544;214016;1
2019-09-08T23:50:00+02:00;2868000000;75590795264;1153024;643584;1
2019-09-08T23:52:00+02:00;2121000000;75558289408;730624;175616;1
2019-09-08T23:54:00+02:00;3305500000;75609669632;1025024;289792;1
2019-09-08T23:56:00+02:00;2045500000;75559337984;941568;196608;1
2019-09-08T23:58:00+02:00;2690500000;75514773504;757760;371200;1
