Time;CPU_usage;ANB_read;ANB_write;AN_read;AN_write;Free_disk;B_rec;B_trans;P_rec;P_trans;H_memory;G_memory;C_storage
2019-03-01T00:00:00+01:00;199200000;0;10308;0;0;75898953728;261478;2999825;5893;7071;17172529152;887077819;1,22E+11
2019-03-01T01:00:00+01:00;114500000;0;3515;0;0;75898953728;113459;331520;2650;2523;17172599057;517681971;1,22E+11
2019-03-01T02:00:00+01:00;81866666;1211;19473;0;0;75898953728;123886;104823;3253;3147;17172529152;491921954;1,22E+11
2019-03-01T03:00:00+01:00;76733333;0;5632;0;0;75898953728;66457;22749;1689;1699;17172529152;405938722;1,22E+11
2019-03-01T04:00:00+01:00;40800000;0;2918;0;0;75898953728;23313;15291;970;935;17172529152;360080998;1,22E+11
2019-03-01T05:00:00+01:00;61333333;0;3345;0;0;75898953728;158361;54749;4352;3881;17172564104;509118600;1,22E+11
2019-03-01T06:00:00+01:00;75266666;10871;25600;0;0;75898953728;108066;45004;2433;1928;17173647633;503386385;1,22E+11
2019-03-01T07:00:00+01:00;198833333;238;5563;0;0;75898953728;266513;5875507;6992;8322;17174888448;1007436868;1,22E+11
2019-03-01T08:00:00+01:00;418466666;0;6451;0;0;75898953728;645239;2450909;13296;13303;17175133115;1150550016;1,22E+11
2019-03-01T09:00:00+01:00;252733333;0;6570;0;0;75898953728;270830;286293;5262;5200;17175168068;829947904;1,22E+11
2019-03-01T10:00:00+01:00;495833333;34;6872;0;0;75898953728;676690;2492884;11104;11450;17175010781;1150689826;1,22E+11
2019-03-01T11:00:00+01:00;491383333;68;10427;0;0;75898953728;553966;1684838;10518;10234;17174748637;832848964;1,22E+11
2019-03-01T12:00:00+01:00;271800000;0;12014;0;0;75898953728;355140;251238;7541;7094;17172703914;712612249;1,22E+11
2019-03-01T13:00:00+01:00;342566666;34;5290;0;0;75898953728;423662;465698;8128;8017;17172389341;1144800324;1,22E+11
2019-03-01T14:00:00+01:00;657166666;51;9506;0;0;75898953728;1089194;6295330;19319;20142;17172476723;1497069431;1,22E+11
2019-03-01T15:00:00+01:00;445600000;0;7133;0;0;75898953728;470647;472883;9604;9524;17172441770;941638724;1,22E+11
2019-03-01T16:00:00+01:00;515633333;0;9028;0;0;75898953728;713420;2235323;12481;12185;17172441770;850010658;1,22E+11
2019-03-01T17:00:00+01:00;345133333;0;6656;0;0;75898953728;545484;1326455;8509;8837;17172424294;1170717627;1,22E+11
2019-03-01T18:00:00+01:00;281333333;0;6860;0;0;75898953728;467780;1135991;8973;8529;17172529152;786991240;1,22E+11
2019-03-01T19:00:00+01:00;237333333;34;11434;0;0;75898953728;395451;483908;7037;7144;17172529152;901460787;1,22E+11
2019-03-01T20:00:00+01:00;397550000;0;24081;0;0;75898953728;234888;7979588;6964;8568;17172529152;881502890;1,22E+11
2019-03-01T21:00:00+01:00;126966666;0;4932;0;0;75898953728;250385;776755;4822;5170;17170921335;706775176;1,22E+11
2019-03-01T22:00:00+01:00;294500000;85;11963;0;0;75898953728;789589;908305;5364;4743;17172249531;592200772;1,22E+11
2019-03-01T23:00:00+01:00;123666666;0;4147;0;0;75898953728;224494;168925;4703;4596;17172476723;603700155;1,22E+11
2019-03-02T00:00:00+01:00;85900000;477;8209;0;0;75898953728;120576;77619;3265;2804;17172529152;491921954;1,22E+11
2019-03-02T01:00:00+01:00;62066666;17;3396;0;0;75898953728;65041;30720;1988;1983;17172529152;532047462;1,22E+11
2019-03-02T02:00:00+01:00;66483333;0;3106;0;0;75898953728;94873;37222;2065;2421;17172336913;434599799;1,22E+11
2019-03-02T03:00:00+01:00;1524483333;7782;21896;1;1;75898953728;34737817;9308177;106632;45287;17172564104;9348264755;1,22E+11
2019-03-02T04:00:00+01:00;1543666666;54698;20206;6;1;75898953728;46570683;7442773;132021;57169;17172721390;11469988386;1,22E+11
2019-03-02T05:00:00+01:00;1631183333;85333;32665;6;2;75898953728;51275451;7532014;140114;60313;17172301960;8726843665;1,22E+11
2019-03-02T06:00:00+01:00;1233116666;157098;12219;14;0;75898953728;23094562;5912115;83471;47995;17173962205;7524319232;1,22E+11
2019-03-02T07:00:00+01:00;974316666;15479;4778;1;0;75898953728;9295121;6184396;53754;34668;17174486493;3157769147;1,22E+11
2019-03-02T08:00:00+01:00;1120900000;51063;5341;1;0;75898953728;18810965;11950489;75065;39680;17174364160;7610145177;1,22E+11
2019-03-02T09:00:00+01:00;692000000;222924;93696;4;0;75898953728;1498163;1680349;32924;30816;17175657403;921558493;1,22E+11
2019-03-02T10:00:00+01:00;1492816666;76765;19097;7;0;75898953728;28333363;7720669;98092;50831;17175517593;8838569437;1,22E+11
2019-03-02T11:00:00+01:00;968466666;22306;7441;1;0;75898953728;2537949;2699554;42315;38284;17175604974;2782763417;1,22E+11
2019-03-02T12:00:00+01:00;1320750000;10427;8294;0;0;75898953728;23044795;5043524;82275;43038;17175639927;6307394355;1,22E+11
2019-03-02T13:00:00+01:00;1482700000;111394;10240;4;0;75898953728;42557115;8129058;128989;59068;17175604974;10064092637;1,22E+11
2019-03-02T14:00:00+01:00;1126100000;7799;7594;0;0;75898953728;6617582;5803741;54326;43549;17176041881;2476282129;1,22E+11
2019-03-02T15:00:00+01:00;1813733333;213879;13960;7;0;75898953728;45089996;23781102;149463;71878;17174975829;10988884241;1,22E+11
2019-03-02T16:00:00+01:00;1633116666;142523;10888;5;0;75898953728;42728209;6410513;130161;66026;17174014634;8337385062;1,22E+11
2019-03-02T17:00:00+01:00;1348200000;77909;9728;6;0;75898953728;19737019;5209702;84565;48868;17173280631;6338939016;1,22E+11
2019-03-02T18:00:00+01:00;1653150000;12339;9898;2;0;75898953728;35841006;13364258;110992;54189;17173595204;9110552576;1,22E+11
2019-03-02T19:00:00+01:00;1741150000;308718;23876;7;0;75898953728;46811374;14482483;143648;63138;17173630156;11034724488;1,22E+11
2019-03-02T20:00:00+01:00;1619800000;66935;8243;3;0;75898953728;20193314;13244074;78957;39638;17173700061;9917991048;1,22E+11
2019-03-02T21:00:00+01:00;1406083333;125986;19404;5;0;75898953728;22148812;10517930;77735;42270;17174259302;6562180846;1,22E+11
2019-03-02T22:00:00+01:00;1591900000;60313;10137;4;0;75898953728;40231662;6215372;110157;47814;17173804919;9359711709;1,22E+11
2019-03-02T23:00:00+01:00;581250000;11349;8396;1;0;75898953728;5286724;7225924;26532;17768;17173839872;3484103475;1,22E+11
2019-03-03T00:00:00+01:00;94333333;16401;4522;0;0;75898953728;124125;195447;3262;2754;17172616533;342884352;1,22E+11
2019-03-03T01:00:00+01:00;74166666;358;3293;0;0;75898953728;145100;48315;3696;2687;17172581580;377277644;1,22E+11
2019-03-03T02:00:00+01:00;58400000;75605;5307;6;0;75898953728;85828;58060;2146;2116;17172529152;274097766;1,22E+11
2019-03-03T03:00:00+01:00;58033333;17;2013;0;0;75898953728;260864;249804;3462;2846;17170781525;288428305;1,22E+11
2019-03-03T04:00:00+01:00;45950000;119;2457;0;0;75898953728;127829;40328;3271;3299;17170886382;228240042;1,22E+11
2019-03-03T05:00:00+01:00;44533333;307;3908;0;0;75898953728;39645;35652;758;739;17172616533;268365550;1,22E+11
2019-03-03T06:00:00+01:00;62800000;223317;50858;37;0;75898953728;132369;34884;2792;2777;17173717538;345750459;1,22E+11
2019-03-03T07:00:00+01:00;62433333;34;2935;0;0;75898953728;147899;41216;2881;2839;17174626304;302758843;1,22E+11
2019-03-03T08:00:00+01:00;99833333;102;77175;0;0;75780757845;174506;115968;3090;3045;17174329207;678009241;1,22E+11
2019-03-03T09:00:00+01:00;124400000;392;6877;0;0;75912056832;216712;1216358;4495;4823;17174346683;500467848;1,22E+11
2019-03-03T10:00:00+01:00;286100000;477;6451;0;0;75912056832;1056051;5280648;12085;12271;17174294254;938720187;1,22E+11
2019-03-03T11:00:00+01:00;311033333;0;8669;0;0;75912056832;659421;5919505;10771;11338;17174573875;930069435;1,22E+11
2019-03-03T12:00:00+01:00;290133333;102;6331;0;0;75912056832;550178;3874713;10571;11195;17174573875;904309418;1,22E+11
2019-03-03T13:00:00+01:00;338533333;2150;8533;0;0;75912056832;664593;2206839;10569;10397;17174626304;904431752;1,22E+11
2019-03-03T14:00:00+01:00;432766666;68;8499;0;0;75912056832;750882;2077542;13974;13791;17174626304;950202094;1,22E+11
2019-03-03T15:00:00+01:00;477500000;17;8021;0;0;75912056832;852565;1044770;13520;13447;17174626304;878549401;1,22E+11
2019-03-03T16:00:00+01:00;495466666;119;8533;0;0;75912056832;624384;2242935;11631;11739;17174381636;996024866;1,22E+11
2019-03-03T17:00:00+01:00;488133333;0;8260;0;0;75912056832;734532;6525986;13067;14174;17173472870;1162171733;1,22E+11
2019-03-03T18:00:00+01:00;503900000;307;6246;0;0;75912056832;929638;921958;13455;13182;17168229990;878584354;1,22E+11
2019-03-03T19:00:00+01:00;421033333;68;6929;0;0;75912056832;710997;456840;12558;12325;17165695931;878671735;1,22E+11
2019-03-03T20:00:00+01:00;546066666;119;7253;0;0;75912056832;794436;443118;13723;13346;17165346406;772643225;1,22E+11
2019-03-03T21:00:00+01:00;591166666;187;9198;0;0;75882322807;1028608;817561;16163;16210;17165818265;1113343044;1,22E+11
2019-03-03T22:00:00+01:00;462833333;2850;8908;0;0;75807113216;657527;825600;11377;11396;17165678455;1056038365;1,22E+11
2019-03-03T23:00:00+01:00;384733333;290;7884;0;0;75807113216;595285;714478;10869;10588;17161414246;855707921;1,22E+11
2019-03-04T00:00:00+01:00;197366666;0;5358;0;0;75807113216;292317;199236;6045;5873;17154266453;663818513;1,22E+11
2019-03-04T01:00:00+01:00;145666666;0;3976;0;0;75807113216;456465;519065;7034;6765;17162794871;712559820;1,22E+11
2019-03-04T02:00:00+01:00;106800000;119;5341;0;0;75807113216;206318;240025;3527;3343;17167356177;514833339;1,22E+11
2019-03-04T03:00:00+01:00;44466666;0;3174;0;0;75807113216;50517;35515;1534;1538;17167583368;371545429;1,22E+11
2019-03-04T04:00:00+01:00;59866666;580;3925;0;0;75807113216;82432;32716;2143;1965;17168229990;448930338;1,22E+11
2019-03-04T05:00:00+01:00;113066666;68;3618;0;0;75807113216;164249;60330;4954;4992;17168387276;305624951;1,22E+11
2019-03-04T06:00:00+01:00;60966666;49868;24814;1;0;75807113216;77926;40328;2198;2185;17169418376;431733691;1,22E+11
2019-03-04T07:00:00+01:00;138700000;170;4061;0;0;75807113216;215210;100113;4560;4287;17171480576;635227340;1,22E+11
2019-03-04T08:00:00+01:00;404533333;529;7492;0;0;75807113216;631193;467200;11612;11510;17173298107;933127782;1,22E+11
2019-03-04T09:00:00+01:00;419200000;51;7389;0;0;75807113216;556578;1657326;10272;10329;17173577728;895903334;1,22E+11
2019-03-04T10:00:00+01:00;546433333;0;7611;0;0;75807113216;846967;1110681;14932;14458;17173577728;993123805;1,22E+11
2019-03-04T11:00:00+01:00;406366666;34;6656;0;0;75807113216;539972;2954444;10340;11424;17171900006;1190675524;1,22E+11
2019-03-04T12:00:00+01:00;264466666;0;5478;0;0;75807113216;403814;834218;8459;8829;17171463099;1124789998;1,22E+11
2019-03-04T13:00:00+01:00;413700000;1297;6758;0;0;75807113216;651042;3491908;12305;12604;17171445623;1216487970;1,22E+11
2019-03-04T14:00:00+01:00;652766666;358;11707;0;0;75807113216;1682875;13248068;23005;25520;17171742720;1866465280;1,22E+11
2019-03-04T15:00:00+01:00;349533333;102;6468;0;0;75807113216;658602;3605845;9096;9263;17171602909;1136254429;1,22E+11
2019-03-04T16:00:00+01:00;540933333;546;8652;0;0;75807113216;956723;6413448;18022;19004;17171987387;1056230604;1,22E+11
2019-03-04T17:00:00+01:00;356133333;3379;29730;0;0;75807113216;813158;3505851;11027;10874;17171463099;1494115942;1,22E+11
2019-03-04T18:00:00+01:00;257866666;204;6007;0;0;75807113216;458154;488226;7726;7617;17171480576;858574028;1,22E+11
2019-03-04T19:00:00+01:00;354666666;0;6382;0;0;75807113216;538231;1727607;8917;8898;17171480576;1016122572;1,22E+11
2019-03-04T20:00:00+01:00;452933333;0;8021;0;0;75807113216;612829;622609;10974;10429;17171480576;875735722;1,22E+11
2019-03-04T21:00:00+01:00;389866666;0;6843;0;0;75807113216;528793;2038869;9384;9628;17171480576;689578530;1,22E+11
2019-03-04T22:00:00+01:00;335600000;1501;10308;0;0;75807113216;475118;1699396;8165;8273;17171445623;852859289;1,22E+11
2019-03-04T23:00:00+01:00;189300000;17;6058;0;0;75807113216;224563;863965;5029;4716;17171445623;829930427;1,22E+11
2019-03-05T00:00:00+01:00;97633333;0;3874;0;0;75807113216;145578;60603;3111;2635;17171480576;557790003;1,22E+11
2019-03-05T01:00:00+01:00;57666666;0;3942;0;0;75807113216;93866;61866;2215;2199;17171480576;368679321;1,22E+11
2019-03-05T02:00:00+01:00;56933333;1945;18705;0;0;75807113216;42598;72960;1496;1384;17171445623;437448430;1,22E+11
2019-03-05T03:00:00+01:00;72206896;9445;2913;0;0;75807113216;108110;43285;3187;3151;17171444418;357709047;1,22E+11
2019-03-05T04:00:00+01:00;60616666;256;3669;0;0;75807113216;29474;20718;828;750;17171480576;354348782;1,22E+11
2019-03-05T05:00:00+01:00;52900000;0;3874;0;0;75807113216;115797;54442;2668;2180;17171480576;400206506;1,22E+11
2019-03-05T06:00:00+01:00;62800000;54425;25668;1;0;75807113216;83712;142267;1992;2082;17172668962;511949755;1,22E+11
2019-03-05T07:00:00+01:00;184166666;17;4181;0;0;75807113216;293768;1211665;6438;6931;17173577728;655202713;1,22E+11
2019-03-05T08:00:00+01:00;445233333;148906;187579;1;0;75807113216;674201;699716;11718;11513;17174311731;787026193;1,22E+11
2019-03-05T09:00:00+01:00;290866666;34;6758;0;0;75807113216;494045;2356445;9211;9466;17174329207;781241548;1,22E+11
2019-03-05T10:00:00+01:00;604700000;153;14950;0;0;75807113216;956791;692872;14671;14219;17172546628;824303069;1,22E+11
2019-03-05T11:00:00+01:00;460266666;0;7338;0;0;75807113216;815462;476859;12288;11833;17170432000;726785501;1,22E+11
2019-03-05T12:00:00+01:00;225600000;0;17015;0;0;75807113216;446190;1274692;7028;7089;17170973764;801251874;1,22E+11
2019-03-05T13:00:00+01:00;312133333;153;6400;0;0;75807113216;861525;1287867;9166;8822;17172074769;1144870229;1,22E+11
2019-03-05T14:00:00+01:00;534700000;136;7287;0;0;75807113216;648482;1440836;13677;13810;17172389341;1342404471;1,22E+11
2019-03-05T15:00:00+01:00;354300000;4471;6280;0;0;75807113216;1153826;1302528;10779;10045;17172459246;1018901299;1,22E+11
2019-03-05T16:00:00+01:00;501700000;34;7884;0;0;75807113216;611362;1377280;12512;12658;17172284484;1107680733;1,22E+11
2019-03-05T17:00:00+01:00;314333333;102;6485;0;0;75807113216;586325;803037;8648;8642;17172476723;1027482146;1,22E+11
2019-03-05T18:00:00+01:00;341050000;17;767607;0;1;75367132706;1659204;232669;9451;7194;17172651485;1634485316;1,22E+11
2019-03-05T19:00:00+01:00;242833333;8465;7185;0;0;75777839104;425574;1052023;8088;8043;17173315584;809902626;1,22E+11
2019-03-05T20:00:00+01:00;319100000;170;11349;0;0;75777839104;732774;1354376;10878;10246;17173402965;1093332718;1,22E+11
2019-03-05T21:00:00+01:00;274366666;17;6451;0;0;75777839104;463308;1701717;9739;9441;17172354389;689613482;1,22E+11
2019-03-05T22:00:00+01:00;661750000;819;6178;0;0;75777839104;2441164;4663842;17883;12430;17172791296;1975255040;1,22E+11
2019-03-05T23:00:00+01:00;159966666;0;5939;0;0;75777839104;321245;1504358;5488;5682;17173350536;643790711;1,22E+11
2019-03-06T00:00:00+01:00;98000000;529;4556;0;0;75777839104;182408;1347601;4507;4204;17172738867;620844373;1,22E+11
2019-03-06T01:00:00+01:00;63900000;0;3054;0;0;75777839104;54545;100198;1550;1604;17172843724;299892736;1,22E+11
2019-03-06T02:00:00+01:00;75266666;31812;4113;3;0;75777839104;90060;48964;2401;1890;17172494199;342884352;1,22E+11
2019-03-06T03:00:00+01:00;55100000;51;2798;0;0;75777839104;112332;201540;1878;1868;17172529152;331419921;1,22E+11
2019-03-06T04:00:00+01:00;61700000;119;3379;0;0;75777839104;57344;34184;1677;1776;17172529152;279829981;1,22E+11
2019-03-06T05:00:00+01:00;109366666;170;3310;0;0;75777839104;182937;559769;5809;5953;17172529152;368679321;1,22E+11
2019-03-06T06:00:00+01:00;77466666;154129;49425;9;0;75777839104;84326;47240;2237;2186;17173682585;474672878;1,22E+11
2019-03-06T07:00:00+01:00;116333333;0;3993;0;0;75777839104;186692;1056597;4050;4478;17174626304;646621866;1,22E+11
2019-03-06T08:00:00+01:00;385833333;34;17237;0;0;75777839104;543027;839116;10562;10658;17175255449;864253815;1,22E+11
2019-03-06T09:00:00+01:00;458433333;34;7338;0;0;75777839104;1047261;2332279;14422;13750;17175570022;824198212;1,22E+11
2019-03-06T10:00:00+01:00;431300000;0;6690;0;0;75777839104;595694;3737617;12029;11534;17174713685;1073287441;1,22E+11
2019-03-06T11:00:00+01:00;288300000;102;5341;0;0;75777839104;486707;6240819;11477;12308;17173892300;1325260253;1,22E+11
2019-03-06T12:00:00+01:00;186733333;102;5188;0;0;75777839104;298086;246016;6107;6039;17172529152;867172352;1,22E+11
2019-03-06T13:00:00+01:00;379583333;34;7458;0;0;75777839104;422673;467780;8259;8247;17172529152;872939520;1,22E+11
2019-03-06T14:00:00+01:00;574666666;204;9386;0;0;75777839104;955818;2503236;17410;17015;17172511675;1073304917;1,22E+11
2019-03-06T15:00:00+01:00;389866666;102;6092;0;0;75777839104;588305;525909;10780;10531;17172494199;990275174;1,22E+11
2019-03-06T16:00:00+01:00;386933333;273;6775;0;0;75777839104;447453;1639236;9779;10190;17172336913;918657433;1,22E+11
2019-03-06T17:00:00+01:00;272166666;119;6382;0;0;75777839104;366062;513843;7543;7312;17172529152;829930427;1,22E+11
2019-03-06T18:00:00+01:00;232933333;17;5683;0;0;75777839104;381149;1743957;5116;5174;17172476723;927360614;1,22E+11
2019-03-06T19:00:00+01:00;620016666;17;46557;0;0;75777839104;689612;3895620;11943;9421;17172546628;1603080465;1,22E+11
2019-03-06T20:00:00+01:00;275833333;3566;6348;0;0;75777839104;456038;2002756;9458;9530;17172843724;1207802265;1,22E+11
2019-03-06T21:00:00+01:00;274366666;34;6451;0;0;75777839104;386286;1251003;7428;7756;17172511675;1187791940;1,22E+11
2019-03-06T22:00:00+01:00;269966666;85;5666;0;0;75639042048;404497;357546;7526;7507;17172564104;870055936;1,22E+11
2019-03-06T23:00:00+01:00;186000000;0;5307;0;0;75639042048;289979;718045;5608;5700;17173105868;675247991;1,22E+11
2019-03-07T00:00:00+01:00;107533333;0;93849;0;0;75639042048;107656;77516;2195;2126;17172529152;649470498;1,22E+11
2019-03-07T01:00:00+01:00;72333333;0;3208;0;0;75639042048;130662;37819;2740;2694;17172511675;534896093;1,22E+11
2019-03-07T02:00:00+01:00;63533333;35123;4454;2;0;75639042048;43997;72379;1135;1103;17171480576;448912861;1,22E+11
2019-03-07T03:00:00+01:00;41166666;102;3566;0;0;75639042048;85213;24337;2419;1894;17172249531;340018244;1,22E+11
2019-03-07T04:00:00+01:00;77833333;119;3584;0;0;75639042048;105301;75434;3526;3479;17172301960;454627601;1,22E+11
2019-03-07T05:00:00+01:00;58766666;136;4249;0;0;75639042048;52940;26589;2006;1933;17172529152;411670937;1,22E+11
2019-03-07T06:00:00+01:00;64633333;68;3276;0;0;75726756249;58675;23278;1623;1690;17173717538;400206506;1,22E+11
2019-03-07T07:00:00+01:00;122933333;68;4130;0;0;75785232384;214510;115131;4124;3710;17174626304;620896802;1,22E+11
2019-03-07T08:00:00+01:00;376666666;204;8038;0;0;75785232384;649984;870638;11169;11101;17175535069;738372266;1,22E+11
2019-03-07T09:00:00+01:00;288300000;34;6451;0;0;75785232384;389580;2212317;8566;9373;17175203020;640942080;1,22E+11
2019-03-07T10:00:00+01:00;437166666;153;6382;0;0;75785232384;564002;2659601;10744;11125;17175290402;778445346;1,22E+11
2019-03-07T11:00:00+01:00;294533333;17;7321;0;0;75785232384;402176;1593685;8601;8175;17173053440;1070561143;1,22E+11
2019-03-07T12:00:00+01:00;252366666;2286;23005;0;0;75785232384;362137;2193015;7609;7659;17171375718;746848256;1,22E+11
2019-03-07T13:00:00+01:00;348066666;0;6604;0;0;75785232384;574515;3772859;10722;11016;17171270860;1093297766;1,22E+11
2019-03-07T14:00:00+01:00;444500000;34;186060;0;0;75785232384;782796;5001335;14022;14322;17172057292;1079037132;1,22E+11
2019-03-07T15:00:00+01:00;432766666;1621;8004;0;0;75785232384;646178;1918668;12835;12747;17172529152;1101861137;1,22E+11
2019-03-07T16:00:00+01:00;492533333;102;7748;0;0;75785232384;603869;6682180;13986;15560;17172529152;1585831389;1,22E+11
2019-03-07T17:00:00+01:00;473100000;0;7816;0;0;75785232384;744994;978892;13189;12943;17172529152;1187722035;1,22E+11
2019-03-07T18:00:00+01:00;352100000;0;6348;0;0;75785232384;350993;5096704;8089;8595;17172092245;1333876053;1,22E+11
2019-03-07T19:00:00+01:00;327166666;0;6280;0;0;75785232384;462745;3955899;9813;10269;17170064998;1193594060;1,22E+11
2019-03-07T20:00:00+01:00;338166666;0;6690;0;0;75785232384;538760;1570645;10225;10109;17171480576;1090466611;1,22E+11
2019-03-07T21:00:00+01:00;313966666;0;7065;0;0;75785232384;558370;1567027;9561;9396;17172529152;1156387089;1,22E+11
2019-03-07T22:00:00+01:00;298916666;0;72123;0;0;75670339584;231611;729548;5605;5653;17172529152;1016070144;1,22E+11
2019-03-07T23:00:00+01:00;154833333;0;5205;0;0;75628560384;134741;1192635;3283;3524;17172529152;775474380;1,22E+11
2019-03-08T00:00:00+01:00;122566666;580;4932;0;0;75628560384;141004;85435;3313;3263;17172546628;460377292;1,22E+11
2019-03-08T01:00:00+01:00;80766666;0;4403;0;0;75628560384;112776;1860300;3402;3658;17172459246;775421952;1,22E+11
2019-03-08T02:00:00+01:00;79666666;0;8277;0;0;75628560384;68113;29508;2117;2088;17172616533;491921954;1,22E+11
2019-03-08T03:00:00+01:00;66100000;0;5478;0;0;75628560384;135116;75366;2652;2617;17172651485;500520277;1,22E+11
2019-03-08T04:00:00+01:00;72333333;0;5222;0;0;75628560384;64512;58880;2319;2224;17171498052;477591415;1,22E+11
2019-03-08T05:00:00+01:00;81866666;0;5768;0;0;75628560384;122043;46933;3631;3623;17171533004;414537045;1,22E+11
2019-03-08T06:00:00+01:00;91033333;17612;40430;0;1;75705709363;131669;50449;3184;3171;17173088392;589264759;1,22E+11
2019-03-08T07:00:00+01:00;155933333;0;5324;0;0;75757142016;210107;115114;4486;4399;17174591351;895693619;1,22E+11
2019-03-08T08:00:00+01:00;467966666;0;8601;0;0;75757142016;566203;4114875;11620;12338;17174626304;1262293265;1,22E+11
2019-03-08T09:00:00+01:00;387283333;17;11861;0;0;75753424486;451959;317320;8932;8841;17175307878;1070508714;1,22E+11
2019-03-08T10:00:00+01:00;331200000;51;5614;0;0;75747848192;468019;515891;10269;10370;17175639927;973148433;1,22E+11
2019-03-08T11:00:00+01:00;369700000;51;11502;0;0;75747848192;609706;2304648;11301;10862;17173368012;1053312068;1,22E+11
2019-03-08T12:00:00+01:00;308833333;0;7133;0;0;75747848192;533981;3666858;9401;9699;17173490346;858521600;1,22E+11
2019-03-08T13:00:00+01:00;338166666;682;7287;0;0;75747848192;552891;6519773;10904;12442;17173210726;1348189115;1,22E+11
2019-03-08T14:00:00+01:00;593366666;204;12765;0;0;75747848192;803618;4897280;16143;16909;17173577728;1299412855;1,22E+11
2019-03-08T15:00:00+01:00;315800000;0;6707;0;0;75747848192;456465;329284;9040;9018;17173175773;752650376;1,22E+11
2019-03-08T16:00:00+01:00;291233333;0;6673;0;0;75747848192;491042;1563716;9939;9949;17173577728;895781000;1,22E+11
2019-03-08T17:00:00+01:00;194800000;34;5819;0;0;75747848192;318242;344251;4520;4370;17172599057;741238374;1,22E+11
2019-03-08T18:00:00+01:00;194800000;0;6246;0;0;75747848192;350037;260864;5826;5829;17173577728;563574647;1,22E+11
2019-03-08T19:00:00+01:00;195166666;187;5785;0;0;75747848192;200994;452676;4517;4500;17172616533;712559820;1,22E+11
2019-03-08T20:00:00+01:00;143833333;0;4949;0;0;75747848192;210090;1276945;4509;4741;17173577728;698124424;1,22E+11
2019-03-08T21:00:00+01:00;158866666;0;5017;0;0;75747848192;257194;662596;4845;5232;17172494199;735401301;1,22E+11
2019-03-08T22:00:00+01:00;114133333;0;4864;0;0;75747848192;148224;691763;3771;3803;17173420441;574934220;1,22E+11
2019-03-08T23:00:00+01:00;113766666;85;4966;0;0;75747848192;188569;349218;4221;4129;17172529152;652389034;1,22E+11
2019-03-09T00:00:00+01:00;84433333;580;4113;0;0;75747848192;99225;622267;2457;2593;17172529152;526315246;1,22E+11
2019-03-09T01:00:00+01:00;52166666;0;3191;0;0;75747848192;37324;39133;1177;1175;17172529152;509118600;1,22E+11
2019-03-09T02:00:00+01:00;69033333;0;2269;0;0;75747848192;114688;43178;3251;2691;17172564104;497654169;1,22E+11
2019-03-09T03:00:00+01:00;1441633333;145715;26555;3;1;75747848192;37847296;10865476;113251;47242;17172389341;8967421952;1,22E+11
2019-03-09T04:00:00+01:00;1648133333;29218;21623;2;1;75747848192;48590506;10527419;139112;56481;17172599057;11137729604;1,22E+11
2019-03-09T05:00:00+01:00;1713633333;141738;24371;4;2;75747848192;51808119;4473565;136152;53779;17171725243;9849326796;1,22E+11
2019-03-09T06:00:00+01:00;1205300000;153497;12066;15;0;75747848192;19431270;1853661;70385;41346;17174032110;6834286318;1,22E+11
2019-03-09T07:00:00+01:00;943133333;6894;3925;1;0;75747848192;7542613;7850444;51993;36368;17174486493;3106249113;1,22E+11
2019-03-09T08:00:00+01:00;1185766666;68505;6195;4;0;75747848192;19555720;7360290;77293;38455;17174713685;7799098572;1,22E+11
2019-03-09T09:00:00+01:00;701166666;3840;5222;0;0;75747848192;2015812;2256384;35691;31813;17173892300;1104797149;1,22E+11
2019-03-09T10:00:00+01:00;1514100000;31641;11639;4;0;75747848192;26952328;9160635;94341;46980;17173035963;9299593352;1,22E+11
2019-03-09T11:00:00+01:00;1340583333;62327;10240;3;0;75747848192;21451298;4376797;83538;47402;17173280631;6553634952;1,22E+11
2019-03-09T12:00:00+01:00;1584216666;234001;13858;7;0;75747848192;43807658;11321275;136253;59537;17173175773;10479206400;1,22E+11
2019-03-09T13:00:00+01:00;1014250000;7237;7011;0;0;75747848192;5363541;3668667;46959;38884;17173280631;2544946380;1,22E+11
2019-03-09T14:00:00+01:00;1099333333;117043;12765;13;0;75747848192;21227639;11250926;81766;46503;17173402965;6857110323;1,22E+11
2019-03-09T15:00:00+01:00;261166666;9420;7406;1;0;75747848192;960170;2072866;10700;10742;17173263155;772643225;1,22E+11
2019-03-09T16:00:00+01:00;274366666;23842;9437;1;0;75747848192;625988;3793698;10965;10791;17173577728;872834662;1,22E+11
2019-03-09T17:00:00+01:00;305533333;716;8038;0;0;75747848192;736819;2812450;11688;11895;17172861201;884351522;1,22E+11
2019-03-09T18:00:00+01:00;257133333;477;8669;0;0;75747848192;631910;3136921;9451;10238;17172721390;827011891;1,22E+11
2019-03-09T19:00:00+01:00;164733333;0;5990;0;0;75747848192;310169;160682;5850;5828;17172284484;821349580;1,22E+11
2019-03-09T20:00:00+01:00;169133333;17;6997;0;0;75747848192;271360;2335590;5166;5705;17172459246;955916834;1,22E+11
2019-03-09T21:00:00+01:00;128433333;68;6024;0;0;75747848192;226013;688264;4570;4662;17172476723;623675528;1,22E+11
2019-03-09T22:00:00+01:00;148966666;494;5410;0;0;75747848192;248610;158634;4263;4156;17172494199;675178086;1,22E+11
2019-03-09T23:00:00+01:00;126600000;1689;5478;0;0;75747848192;216883;214135;4566;4338;17172494199;984542958;1,22E+11
2019-03-10T00:00:00+01:00;98733333;1672;7424;0;0;75747848192;92091;567637;2327;2407;17172476723;549226632;1,22E+11
2019-03-10T01:00:00+01:00;77466666;102;3054;0;0;75747848192;139434;347835;3441;3409;17172511675;560691063;1,22E+11
2019-03-10T02:00:00+01:00;81866666;57207;7253;4;0;75747848192;135116;57975;3763;3750;17172494199;491921954;1,22E+11
2019-03-10T03:00:00+01:00;55100000;34;3037;0;0;75747848192;107895;53640;2348;2297;17171777672;388742075;1,22E+11
2019-03-10T04:00:00+01:00;60966666;4505;2952;0;0;75747848192;65553;29986;1750;1740;17171445623;411670937;1,22E+11
2019-03-10T05:00:00+01:00;63166666;0;3328;0;0;75747848192;106530;45568;2853;2836;17171463099;523379234;1,22E+11
2019-03-10T06:00:00+01:00;64633333;37717;5546;8;0;75747848192;104960;30617;2192;2181;17173560251;471789294;1,22E+11
2019-03-10T07:00:00+01:00;52900000;0;3379;0;0;75747848192;74257;30566;1846;1821;17173507822;437465907;1,22E+11
2019-03-10T08:00:00+01:00;82966666;273;4727;0;0;75747848192;121378;45738;2180;2235;17173315584;532029986;1,22E+11
2019-03-10T09:00:00+01:00;186366666;119;6843;0;0;75747848192;248985;173892;4362;4253;17172983534;775579238;1,22E+11
2019-03-10T10:00:00+01:00;352100000;750;7714;0;0;75747848192;498073;2844552;9037;9255;17173455394;1038999005;1,22E+11
2019-03-10T11:00:00+01:00;442300000;921;8908;0;0;75747848192;525772;1200622;9486;9649;17173542775;778375441;1,22E+11
2019-03-10T12:00:00+01:00;329000000;17;7185;0;0;75747848192;834884;2078378;10726;10764;17172948582;984577911;1,22E+11
2019-03-10T13:00:00+01:00;313233333;204;20992;0;0;75747848192;584140;447283;8129;7894;17171270860;818518425;1,22E+11
2019-03-10T14:00:00+01:00;509400000;204;9267;0;0;75747848192;1069021;7152913;15983;16687;17170973764;1207942075;1,22E+11
2019-03-10T15:00:00+01:00;522233333;0;10001;0;0;75747848192;860330;1522688;15038;15535;17172371865;990310126;1,22E+11
2019-03-10T16:00:00+01:00;636966666;17;22169;0;0;75694823014;862924;9618722;15410;17718;17172529152;1617288669;1,22E+11
2019-03-10T17:00:00+01:00;856216666;273;22033;0;0;75638140928;1327104;7291033;19711;21438;17172494199;1216418065;1,22E+11
2019-03-10T18:00:00+01:00;413700000;136;9540;0;0;75638140928;658534;3092548;11299;11671;17172354389;1219301649;1,22E+11
2019-03-10T19:00:00+01:00;447800000;358;9386;0;0;75638140928;667443;2060970;11972;12870;17171567957;1270856635;1,22E+11
2019-03-10T20:00:00+01:00;583833333;0;16179;0;0;75638140928;857719;6373973;15978;16923;17171148526;1368199441;1,22E+11
2019-03-10T21:00:00+01:00;610233333;0;10530;0;0;75638140928;1033386;2188219;18869;18805;17169453329;1250776405;1,22E+11
2019-03-10T22:00:00+01:00;508666666;0;15872;0;0;75620641450;790237;2804633;13891;14349;17170432000;895815953;1,22E+11
2019-03-10T23:00:00+01:00;323866666;0;6877;0;0;75533144064;546952;2586948;9770;9870;17170432000;996007389;1,22E+11
2019-03-11T00:00:00+01:00;144933333;0;4488;0;0;75533144064;255453;133683;4969;4869;17168596992;818483473;1,22E+11
2019-03-11T01:00:00+01:00;63166666;17;3652;0;0;75533144064;78114;93422;2117;2470;17163074491;514798387;1,22E+11
2019-03-11T02:00:00+01:00;66100000;0;8533;0;0;75533144064;47633;21452;1167;1101;17163319159;580666436;1,22E+11
2019-03-11T03:00:00+01:00;53633333;0;3618;0;0;75533144064;86220;33365;2411;2378;17164018210;431716215;1,22E+11
2019-03-11T04:00:00+01:00;72700000;0;3259;0;0;75533144064;59136;25753;1891;1835;17164140544;405938722;1,22E+11
2019-03-11T05:00:00+01:00;74166666;85;3208;0;0;75533144064;83200;47240;2630;2613;17167688226;500485324;1,22E+11
2019-03-11T06:00:00+01:00;76000000;34;4915;0;0;75533144064;91767;49732;3010;2972;17172529152;506235016;1,22E+11
2019-03-11T07:00:00+01:00;135766666;34;4573;0;0;75533144064;180428;254088;4386;4399;17174626304;437465907;1,22E+11
2019-03-11T08:00:00+01:00;356500000;51;6092;0;0;75533144064;672494;1197192;11664;11840;17174626304;792740932;1,22E+11
2019-03-11T09:00:00+01:00;443033333;52;58194;0;0;75533144064;605219;1983028;10726;10466;17174573875;872834662;1,22E+11
2019-03-11T10:00:00+01:00;456600000;273;7287;0;0;75533144064;547328;2312977;10338;10757;17174171921;1016052667;1,22E+11
2019-03-11T11:00:00+01:00;297466666;51;6041;0;0;75533144064;511675;891272;7919;7766;17172389341;852894242;1,22E+11
2019-03-11T12:00:00+01:00;269966666;68;4949;0;0;75533144064;344473;2061021;7792;7972;17172511675;1007471820;1,22E+11
2019-03-11T13:00:00+01:00;459166666;682;8038;0;0;75533144064;484608;1378884;10011;10071;17172197102;1414022212;1,22E+11
2019-03-11T14:00:00+01:00;543866666;3003;8925;0;0;75533144064;702754;7355494;15503;17153;17172459246;1525713032;1,22E+11
2019-03-11T15:00:00+01:00;421033333;375;7509;0;0;75533144064;592435;2520354;10823;10736;17173280631;1041847637;1,22E+11
2019-03-11T16:00:00+01:00;389133333;17;14080;0;0;75533144064;531626;594414;9816;9674;17173402965;726907835;1,22E+11
2019-03-11T17:00:00+01:00;553300000;0;21145;0;0;75533144064;453700;498944;8177;8167;17172494199;652354082;1,22E+11
2019-03-11T18:00:00+01:00;217900000;0;5751;0;0;75533144064;321757;277555;6435;6340;17172424294;724006775;1,22E+11
2019-03-11T19:00:00+01:00;326433333;0;5905;0;0;75533144064;428834;1069755;7910;7854;17172389341;961666525;1,22E+11
2019-03-11T20:00:00+01:00;365300000;0;7133;0;0;75533144064;643618;1638229;9724;9690;17172424294;933005448;1,22E+11
2019-03-11T21:00:00+01:00;346966666;0;6894;0;0;75533144064;520465;3100928;9574;10009;17172424294;1113343044;1,22E+11
2019-03-11T22:00:00+01:00;271800000;0;152968;0;0;75533144064;526523;1735987;8173;8269;17172826248;898664584;1,22E+11
2019-03-11T23:00:00+01:00;203966666;0;5546;0;0;75533144064;323379;644522;6068;6007;17172494199;781328930;1,22E+11
2019-03-12T00:00:00+01:00;135766666;0;4232;0;0;75533144064;135987;107400;3198;3170;17172511675;643825664;1,22E+11
2019-03-12T01:00:00+01:00;73433333;0;2935;0;0;75533144064;79598;94003;2156;2126;17172336913;446064230;1,22E+11
2019-03-12T02:00:00+01:00;55466666;0;12919;0;0;75533144064;272810;291857;2689;2558;17172336913;454627601;1,22E+11
2019-03-12T03:00:00+01:00;70966101;0;13700;0;0;75533144064;102082;39070;3072;3051;17172475834;339969666;1,22E+11
2019-03-12T04:00:00+01:00;64266666;136;3310;0;0;75533144064;103645;33570;2702;2675;17172529152;374376584;1,22E+11
2019-03-12T05:00:00+01:00;77100000;0;4437;0;0;75533144064;125730;56746;3230;3190;17172529152;423135368;1,22E+11
2019-03-12T06:00:00+01:00;67566666;0;2713;0;0;75624588629;82961;53504;2584;2565;17172826248;443180646;1,22E+11
2019-03-12T07:00:00+01:00;165833333;17;5068;0;0;75689906176;357905;322713;5340;5164;17172896153;640889651;1,22E+11
2019-03-12T08:00:00+01:00;444866666;204;8618;0;0;75689906176;610764;805017;10949;10821;17173577728;872887091;1,22E+11
2019-03-12T09:00:00+01:00;279133333;34;400554;0;0;75680074478;864153;1007530;9895;9611;17173420441;1016052667;1,22E+11
2019-03-12T10:00:00+01:00;295266666;0;6997;0;0;75679907840;426700;957252;8187;8243;17173280631;706827605;1,22E+11
2019-03-12T11:00:00+01:00;283516666;170;8021;0;0;75679907840;429056;1034240;8161;8318;17172529152;769794594;1,22E+11
2019-03-12T12:00:00+01:00;222666666;0;5102;0;0;75679907840;328311;605457;6382;6337;17172476723;718239607;1,22E+11
2019-03-12T13:00:00+01:00;397566666;0;5905;0;0;75679907840;642286;1369122;10014;9573;17172686438;892967321;1,22E+11
2019-03-12T14:00:00+01:00;669966666;1109;10752;0;0;75679907840;1173947;3711812;15717;15733;17173105868;1405371460;1,22E+11
2019-03-12T15:00:00+01:00;379233333;0;5666;0;0;75679907840;578457;1897420;8479;8209;17172529152;841359906;1,22E+11
2019-03-12T16:00:00+01:00;375566666;0;6553;0;0;75679907840;627814;1297271;10616;10403;17172162150;769812070;1,22E+11
2019-03-12T17:00:00+01:00;396083333;51;32443;0;0;75679907840;546867;320921;8174;7919;17172441770;809937578;1,22E+11
2019-03-12T18:00:00+01:00;444800000;0;15086;0;0;75679907840;367581;275029;7462;7450;17172441770;746970589;1,22E+11
2019-03-12T19:00:00+01:00;290500000;0;13875;0;0;75679907840;451293;709495;8224;8233;17172529152;789769966;1,22E+11
2019-03-12T20:00:00+01:00;293433333;0;6263;0;0;75679907840;432435;677495;7223;7145;17172529152;792758408;1,22E+11
2019-03-12T21:00:00+01:00;362000000;34;6246;0;0;75679907840;713779;993177;9144;8722;17172441770;924407125;1,22E+11
2019-03-12T22:00:00+01:00;410716666;0;17868;0;0;75633928192;369083;492288;7046;6910;17172529152;861422660;1,22E+11
2019-03-12T23:00:00+01:00;202133333;0;5205;0;0;75573800960;251426;1515963;5430;5806;17172511675;824180736;1,22E+11
2019-03-13T00:00:00+01:00;111200000;409;4061;0;0;75573800960;134041;290594;2923;2940;17172529152;620861849;1,22E+11
2019-03-13T01:00:00+01:00;62433333;0;2662;0;0;75573800960;77192;44782;2191;2199;17172529152;468993092;1,22E+11
2019-03-13T02:00:00+01:00;48866666;0;2508;0;0;75573800960;29320;12987;808;812;17172494199;374376584;1,22E+11
2019-03-13T03:00:00+01:00;52166666;0;2798;0;0;75573800960;67208;30498;2116;2106;17172494199;328553813;1,22E+11
2019-03-13T04:00:00+01:00;48133333;34;4232;0;0;75573800960;53640;22050;1350;1312;17172529152;368679321;1,22E+11
2019-03-13T05:00:00+01:00;49966666;0;3788;0;0;75573800960;48622;21282;1390;1373;17172494199;405938722;1,22E+11
2019-03-13T06:00:00+01:00;68666666;3532;3362;0;0;75573800960;70843;1032345;2080;2245;17173665109;580648960;1,22E+11
2019-03-13T07:00:00+01:00;142000000;34;4812;0;0;75573800960;227584;669405;5074;4480;17174591351;686729898;1,22E+11
2019-03-13T08:00:00+01:00;386566666;68;6519;0;0;75573800960;804181;1258769;11446;11409;17174661256;835697595;1,22E+11
2019-03-13T09:00:00+01:00;356500000;34;6434;0;0;75573800960;441582;1603020;8117;8155;17175360307;850010658;1,22E+11
2019-03-13T10:00:00+01:00;323500000;51;5853;0;0;75573800960;412484;472422;8198;8009;17175063210;864323720;1,22E+11
2019-03-13T11:00:00+01:00;252733333;0;6212;0;0;75573800960;380586;291566;7292;7148;17174521446;898682060;1,22E+11
2019-03-13T12:00:00+01:00;471166666;0;31317;0;0;75573800960;217958;494540;4681;4594;17173577728;798455671;1,22E+11
2019-03-13T13:00:00+01:00;394633333;0;7714;0;0;75573800960;438749;3351483;9337;10235;17174224349;1004658141;1,22E+11
2019-03-13T14:00:00+01:00;467966666;0;7150;0;0;75573800960;573149;590165;10927;10746;17174626304;767050820;1,22E+11
2019-03-13T15:00:00+01:00;357966666;0;16742;0;0;75573800960;553267;388608;9289;8999;17174626304;738319837;1,22E+11
2019-03-13T16:00:00+01:00;337433333;0;6638;0;0;75573800960;579737;623701;8443;8213;17174626304;672416836;1,22E+11
2019-03-13T17:00:00+01:00;360166666;102;7509;0;0;75573800960;530756;610986;9850;9801;17170134903;669585681;1,22E+11
2019-03-13T18:00:00+01:00;280966666;170;5990;0;0;75573800960;398643;1473041;7366;7347;17171480576;887165201;1,22E+11
2019-03-13T19:00:00+01:00;329000000;0;14080;0;0;75573800960;395776;393813;7216;6957;17171480576;732622574;1,22E+11
2019-03-13T20:00:00+01:00;367133333;0;6280;0;0;75573800960;673536;1769557;9386;9287;17168160085;850028134;1,22E+11
2019-03-13T21:00:00+01:00;269233333;529;6656;0;0;75590096008;1087044;1378628;9671;8835;17171078621;970212420;1,22E+11
2019-03-13T22:00:00+01:00;146400000;0;5154;0;0;75599917056;285832;150289;5135;4954;17173385489;552110216;1,22E+11
2019-03-13T23:00:00+01:00;142000000;443;4795;0;0;75599917056;217685;199236;4387;4270;17173105868;609414894;1,22E+11
2019-03-14T00:00:00+01:00;103133333;0;3908;0;0;75599917056;101171;79513;2318;2201;17173298107;595101832;1,22E+11
2019-03-14T01:00:00+01:00;66100000;0;3020;0;0;75599917056;76953;54169;1872;1841;17173298107;483323630;1,22E+11
2019-03-14T02:00:00+01:00;63166666;494;16708;0;0;75599917056;80349;133256;1870;1844;17172773819;557790003;1,22E+11
2019-03-14T03:00:00+01:00;58400000;0;2696;0;0;75599917056;90845;70092;2304;2282;17173315584;423135368;1,22E+11
2019-03-14T04:00:00+01:00;77100000;0;3054;0;0;75599917056;102929;62958;3381;3289;17172529152;431716215;1,22E+11
2019-03-14T05:00:00+01:00;50333333;0;2850;0;0;75599917056;54749;27084;1376;1360;17172599057;428850107;1,22E+11
2019-03-14T06:00:00+01:00;66466666;0;2696;0;0;75599917056;130457;152934;2336;2196;17173682585;534878617;1,22E+11
2019-03-14T07:00:00+01:00;92500000;0;4539;0;0;75599917056;113288;135458;2704;2709;17174766114;592200772;1,22E+11
2019-03-14T08:00:00+01:00;264466666;0;6792;0;0;75599917056;472268;401271;8889;8613;17175570022;695345698;1,22E+11
2019-03-14T09:00:00+01:00;219733333;0;5785;0;0;75599917056;332782;276189;5543;5440;17175028258;726837930;1,22E+11
2019-03-14T10:00:00+01:00;268133333;0;6365;0;0;75599917056;363127;384409;7321;7321;17174626304;626629017;1,22E+11
2019-03-14T11:00:00+01:00;189300000;0;5512;0;0;75599917056;225092;282487;4857;4850;17174626304;658068821;1,22E+11
2019-03-14T12:00:00+01:00;216066666;0;5171;0;0;75599917056;266922;1271398;6542;7204;17174521446;767015867;1,22E+11
2019-03-14T13:00:00+01:00;233666666;0;6246;0;0;75599917056;434227;684851;7443;7246;17174608827;838528750;1,22E+11
2019-03-14T14:00:00+01:00;355033333;0;6758;0;0;75599917056;539613;590387;10435;10180;17174626304;812803686;1,22E+11
2019-03-14T15:00:00+01:00;483733333;0;8533;0;0;75599917056;882039;1622835;13361;13189;17174626304;881520366;1,22E+11
2019-03-14T16:00:00+01:00;509400000;0;6894;0;0;75601426432;935526;2645367;13387;13744;17172599057;1064706594;1,22E+11
2019-03-14T17:00:00+01:00;421400000;34;9506;0;0;75605954560;760388;8097280;14603;15489;17172459246;1365280904;1,22E+11
2019-03-14T18:00:00+01:00;290133333;0;6775;0;0;75605954560;450116;833092;8386;8485;17172406818;801339255;1,22E+11
2019-03-14T19:00:00+01:00;302233333;34;6058;0;0;75605954560;431035;2105668;8393;8677;17172022340;1007454344;1,22E+11
2019-03-14T20:00:00+01:00;290866666;0;6212;0;0;75605954560;445525;2772343;8156;8377;17172459246;1079002180;1,22E+11
2019-03-14T21:00:00+01:00;289033333;0;32238;0;0;75605954560;556185;926532;8318;7823;17172494199;881415509;1,22E+11
2019-03-14T22:00:00+01:00;339950000;51;116019;0;0;75588433032;445491;7306905;8275;8388;17172529152;827081796;1,22E+11
2019-03-14T23:00:00+01:00;202866666;0;6382;0;0;75574165504;234342;121344;4239;4140;17171620386;552057787;1,22E+11
2019-03-15T00:00:00+01:00;84800000;0;4334;0;0;75574165504;104413;673348;2027;2058;17171340765;546360524;1,22E+11
2019-03-15T01:00:00+01:00;91033333;68;3891;0;0;75574165504;138717;1650432;3360;3688;17172371865;612211097;1,22E+11
2019-03-15T02:00:00+01:00;65366666;0;7543;0;0;75574165504;61934;32716;1601;1532;17172301960;560656110;1,22E+11
2019-03-15T03:00:00+01:00;61700000;0;2696;0;0;75564858572;81902;36266;2260;2217;17172092245;377260168;1,22E+11
2019-03-15T04:00:00+01:00;65733333;0;3037;0;0;75567677440;103406;31146;2545;2533;17172424294;428850107;1,22E+11
2019-03-15T05:00:00+01:00;60966666;0;3174;0;0;75567677440;90265;39901;2256;2234;17172529152;340018244;1,22E+11
2019-03-15T06:00:00+01:00;63166666;0;6382;0;0;75567677440;85111;37768;2222;2192;17173665109;466126984;1,22E+11
2019-03-15T07:00:00+01:00;104233333;0;4283;0;0;75567677440;148804;1029410;3467;3556;17174486493;735383825;1,22E+11
2019-03-15T08:00:00+01:00;288666666;0;5802;0;0;75567677440;387464;3711692;9006;9432;17174626304;1018866346;1,22E+11
2019-03-15T09:00:00+01:00;238066666;0;5324;0;0;75567677440;344524;1295428;6645;6972;17174486493;1236515771;1,22E+11
2019-03-15T10:00:00+01:00;682666666;4096;15155;0;0;75567677440;466790;2795417;8293;8957;17172529152;1119127688;1,22E+11
2019-03-15T11:00:00+01:00;316533333;0;6126;0;0;75567677440;491383;1519325;7963;8169;17172511675;890013832;1,22E+11
2019-03-15T12:00:00+01:00;187100000;0;5376;0;0;75567677440;196659;213179;3823;3842;17172494199;658138726;1,22E+11
2019-03-15T13:00:00+01:00;249066666;0;5393;0;0;75567677440;901324;2192145;9638;8602;17172459246;1076205977;1,22E+11
2019-03-15T14:00:00+01:00;276933333;0;6195;0;0;75567677440;369015;4027101;8593;8992;17172476723;1016035191;1,22E+11
2019-03-15T15:00:00+01:00;247966666;0;8942;0;0;75567677440;393523;1433992;7804;7778;17172406818;998925926;1,22E+11
2019-03-15T16:00:00+01:00;344400000;0;10717;0;0;75567677440;573047;1245866;9356;9026;17172529152;881467938;1,22E+11
2019-03-15T17:00:00+01:00;223400000;0;8942;0;0;75567677440;291174;236578;6057;6005;17172529152;829947904;1,22E+11
2019-03-15T18:00:00+01:00;260800000;0;147217;0;0;75505241156;586888;327355;6694;6152;17172441770;981641898;1,22E+11
2019-03-15T19:00:00+01:00;183066666;136;6126;0;0;75578232832;317832;431360;5614;5569;17172476723;706705271;1,22E+11
2019-03-15T20:00:00+01:00;170600000;238;11076;0;0;75578232832;337851;252279;6501;6108;17172406818;552075264;1,22E+11
2019-03-15T21:00:00+01:00;603083333;0;37341;0;0;75553823197;243694;3836535;6260;7432;17172564104;678079146;1,22E+11
2019-03-15T22:00:00+01:00;129166666;0;5051;0;0;75567112192;331451;375808;4645;4386;17172529152;466092032;1,22E+11
2019-03-15T23:00:00+01:00;129166666;1433;4642;0;0;75567112192;160119;375842;4033;4223;17172459246;365813213;1,22E+11
2019-03-16T00:00:00+01:00;75633333;0;3293;0;0;75567112192;85333;112059;2173;2070;17171934958;463190971;1,22E+11
2019-03-16T01:00:00+01:00;68300000;0;3515;0;0;75567112192;60535;64017;1555;1444;17171672814;285562197;1,22E+11
2019-03-16T02:00:00+01:00;66866666;0;2542;0;0;75567112192;57361;32614;1421;1420;17172424294;331402444;1,22E+11
2019-03-16T03:00:00+01:00;1512000000;105915;15394;3;1;75567112192;50157994;11829981;147418;71511;17172267008;12308901614;1,22E+11
2019-03-16T04:00:00+01:00;1624250000;105198;15342;3;1;75567112192;48609211;5876206;130787;61320;17172529152;11527188206;1,22E+11
2019-03-16T05:00:00+01:00;1647000000;293632;33672;5;2;75567112192;52552567;12163072;150734;63053;17172529152;10957444437;1,22E+11
2019-03-16T06:00:00+01:00;922966666;104635;7645;16;0;75567112192;5035912;3903692;44767;33294;17174171921;3478458641;1,22E+11
2019-03-16T07:00:00+01:00;1252833333;56593;5529;3;0;75567112192;14678306;8072260;61564;33560;17174923400;5857834871;1,22E+11
2019-03-16T08:00:00+01:00;971700000;70092;5410;6;0;75567112192;11596902;4142370;53329;35720;17175028258;5279457826;1,22E+11
2019-03-16T09:00:00+01:00;937966666;18568;180889;1;0;75567112192;6066039;8302404;47882;33478;17175237973;3358221926;1,22E+11
2019-03-16T10:00:00+01:00;1287233333;43929;6178;3;0;75567112192;23873314;6694929;83933;42235;17175203020;9064782233;1,22E+11
2019-03-16T11:00:00+01:00;924100000;46609;7611;3;0;75567112192;2297804;2949819;38898;36342;17175552546;1276606327;1,22E+11
2019-03-16T12:00:00+01:00;1289533333;74990;8635;4;0;75567112192;29944541;8971502;101498;49914;17175115639;8251576593;1,22E+11
2019-03-16T13:00:00+01:00;1294566666;25458;32838;2;0;75567112192;27368448;4070400;93248;54361;17175255449;7873669802;1,22E+11
2019-03-16T14:00:00+01:00;1206383333;31880;7150;4;0;75567112192;22898380;8179541;89624;51195;17175168068;6104057992;1,22E+11
2019-03-16T15:00:00+01:00;1673733333;157371;9437;6;0;75567112192;47050137;16206813;151728;67093;17174905924;10997517516;1,22E+11
2019-03-16T16:00:00+01:00;1423366666;21060;6758;1;0;75567112192;22625331;9599624;88227;48362;17175360307;6676772727;1,22E+11
2019-03-16T17:00:00+01:00;1101133333;28074;7202;2;0;75567112192;22805469;5232640;88006;51077;17175325354;5519931255;1,22E+11
2019-03-16T18:00:00+01:00;1623466666;34833;7611;3;0;75567112192;33943398;15441169;109027;51786;17174836019;10356103577;1,22E+11
2019-03-16T19:00:00+01:00;1231183333;29747;9642;1;0;75567112192;28647731;10632174;92960;47202;17174381636;8818454254;1,22E+11
2019-03-16T20:00:00+01:00;129533333;2440;4812;0;0;75567112192;235093;111991;4387;4323;17173577728;577887709;1,22E+11
2019-03-16T21:00:00+01:00;150066666;597;5256;0;0;75567112192;226304;117504;4594;4502;17172511675;738389742;1,22E+11
2019-03-16T22:00:00+01:00;133200000;68;5376;0;0;75567112192;377002;1062024;4552;4515;17172424294;643755758;1,22E+11
2019-03-16T23:00:00+01:00;142733333;290;5410;0;0;75567112192;210039;111718;3711;3536;17172406818;675300420;1,22E+11
2019-03-17T00:00:00+01:00;72333333;221;3601;0;0;75567112192;115200;51763;2387;2307;17172529152;391608183;1,22E+11
2019-03-17T01:00:00+01:00;71966666;17;3447;0;0;75567112192;46984;135714;1240;1292;17172599057;428867584;1,22E+11
2019-03-17T02:00:00+01:00;71966666;77226;7082;6;0;75567112192;56132;57685;1697;1677;17172249531;480457523;1,22E+11
2019-03-17T03:00:00+01:00;56566666;204;2850;0;0;75567112192;59374;25190;1450;1455;17172459246;365813213;1,22E+11
2019-03-17T04:00:00+01:00;54000000;2884;3396;0;0;75567112192;73301;23347;1993;1982;17172476723;434564846;1,22E+11
2019-03-17T05:00:00+01:00;58400000;51;3106;0;0;75567112192;135594;53828;3651;3606;17172511675;460342340;1,22E+11
2019-03-17T06:00:00+01:00;114133333;202649;117555;38;1;75291624106;50551;22033;1461;1431;17173158297;557667669;1,22E+11
2019-03-17T07:00:00+01:00;58400000;136;2798;0;0;75235479552;106854;67106;3231;3243;17172476723;428867584;1,22E+11
2019-03-17T08:00:00+01:00;95800000;2201;4232;0;0;75235479552;129467;75656;2906;2864;17170921335;577870233;1,22E+11
2019-03-17T09:00:00+01:00;164366666;0;4693;0;0;75235479552;261853;1690743;4339;4928;17172494199;689630958;1,22E+11
2019-03-17T10:00:00+01:00;296366666;1604;6024;0;0;75235479552;567637;507648;8420;8232;17172668962;870073412;1,22E+11
2019-03-17T11:00:00+01:00;375566666;2474;7799;0;0;75235479552;449109;1037073;8357;8497;17172826248;718204654;1,22E+11
2019-03-17T12:00:00+01:00;311400000;426;6809;0;0;75235479552;561988;769740;8773;8651;17173228202;741238374;1,22E+11
2019-03-17T13:00:00+01:00;257866666;0;5802;0;0;75235479552;379204;1302715;6629;6709;17172529152;749784268;1,22E+11
2019-03-17T14:00:00+01:00;360900000;1723;7441;0;0;75235479552;483310;985565;8936;8966;17172529152;744034577;1,22E+11
2019-03-17T15:00:00+01:00;504600000;1245;336520;0;0;75170660147;1042619;651963;12249;11776;17171952435;990310126;1,22E+11
2019-03-17T16:00:00+01:00;322766666;187;7645;0;0;75198713856;895505;867003;12005;11503;17172476723;887217629;1,22E+11
2019-03-17T17:00:00+01:00;316533333;2577;9011;0;0;75198713856;608512;2113706;10278;10383;17172284484;1021697501;1,22E+11
2019-03-17T18:00:00+01:00;322033333;358;6775;0;0;75198713856;722346;2236296;11017;11114;17172529152;1093315242;1,22E+11
2019-03-17T19:00:00+01:00;239533333;0;6946;0;0;75198713856;514082;567381;8237;8132;17173035963;629460172;1,22E+11
2019-03-17T20:00:00+01:00;349533333;17;7611;0;0;75198713856;777693;484659;11881;11481;17173193250;878654259;1,22E+11
2019-03-17T21:00:00+01:00;478966666;290;9693;0;0;75198713856;783360;1039701;11576;11245;17173123345;729773943;1,22E+11
2019-03-17T22:00:00+01:00;407100000;1416;7918;0;0;75198713856;733986;451925;11900;11485;17173560251;852894242;1,22E+11
2019-03-17T23:00:00+01:00;366350000;102;14199;0;0;75198713856;1016081;4718762;9290;10388;17171288337;913047552;1,22E+11
2019-03-18T00:00:00+01:00;50700000;13038;3379;0;0;75198713856;986146;976503;3739;2948;17170903859;597863082;1,22E+11
2019-03-18T01:00:00+01:00;47033333;0;2918;0;0;75198713856;56473;51592;1161;1135;17170414523;371545429;1,22E+11
2019-03-18T02:00:00+01:00;70500000;0;3430;0;0;75198713856;90743;31931;2251;2234;17170432000;557807479;1,22E+11
2019-03-18T03:00:00+01:00;60233333;1979;2781;0;0;75198713856;107485;55910;2397;2225;17170466952;466057079;1,22E+11
2019-03-18T04:00:00+01:00;53266666;785;89736;0;0;75198713856;68608;25565;1839;1830;17170449476;446046754;1,22E+11
2019-03-18T05:00:00+01:00;48866666;0;2969;0;0;75198713856;39406;23961;1479;1450;17170432000;371545429;1,22E+11
2019-03-18T06:00:00+01:00;68300000;0;2662;0;0;75198713856;72209;28518;1842;1943;17172319436;471859200;1,22E+11
2019-03-18T07:00:00+01:00;105333333;0;4283;0;0;75198713856;209646;146295;4381;4331;17173542775;569306862;1,22E+11
2019-03-18T08:00:00+01:00;331933333;0;6502;0;0;75198713856;577433;2290636;9325;9500;17174364160;1001949320;1,22E+11
2019-03-18T09:00:00+01:00;312866666;16605;10103;1;0;75198713856;731306;517051;9525;9106;17174626304;786991240;1,22E+11
2019-03-18T10:00:00+01:00;406000000;170;6144;0;0;75198713856;632900;801177;10785;10647;17174626304;827099272;1,22E+11
2019-03-18T11:00:00+01:00;285733333;0;6161;0;0;75198713856;494387;362222;7295;7226;17174626304;735453730;1,22E+11
2019-03-18T12:00:00+01:00;327516666;0;7645;0;0;75198713856;420778;434824;6952;6720;17174626304;921488588;1,22E+11
2019-03-18T13:00:00+01:00;353200000;0;6638;0;0;75198713856;483942;6933964;10103;11238;17174556398;1213569433;1,22E+11
2019-03-18T14:00:00+01:00;415533333;34;7168;0;0;75198713856;780270;1485414;11979;12076;17174626304;852876765;1,22E+11
2019-03-18T15:00:00+01:00;265933333;102;5836;0;0;75198713856;358553;834594;6252;6436;17167198890;764132283;1,22E+11
2019-03-18T16:00:00+01:00;276933333;1587;5597;0;0;75198713856;443886;502596;7893;7838;17169453329;649522926;1,22E+11
2019-03-18T17:00:00+01:00;223766666;17;6348;0;0;75198713856;276206;2145604;6618;6975;17169435852;732535193;1,22E+11
2019-03-18T18:00:00+01:00;300033333;0;4894;0;0;75198713856;357341;517189;6971;6953;17169296042;867189828;1,22E+11
2019-03-18T19:00:00+01:00;309200000;0;5393;0;0;75198713856;359458;508006;7249;7234;17165468740;867137399;1,22E+11
2019-03-18T20:00:00+01:00;425800000;85;7475;0;0;75198713856;573440;972032;10347;10495;17168264942;804240315;1,22E+11
2019-03-18T21:00:00+01:00;356500000;0;5768;0;0;75144324915;554786;1751995;9591;10047;17170169856;1076171025;1,22E+11
2019-03-18T22:00:00+01:00;282066666;0;6417;0;0;75114430464;417109;625800;7628;7497;17172529152;766876057;1,22E+11
2019-03-18T23:00:00+01:00;315383333;0;15257;0;0;75114430464;378402;503057;7031;7117;17172529152;692549495;1,22E+11
2019-03-19T00:00:00+01:00;85166666;0;6144;0;0;75114430464;155835;357068;4067;4113;17172529152;672434312;1,22E+11
2019-03-19T01:00:00+01:00;63166666;0;2952;0;0;75114430464;44441;621141;1432;1518;17172459246;603612774;1,22E+11
2019-03-19T02:00:00+01:00;162516666;0;4693;0;0;75114430464;80571;46353;2158;2161;17172459246;566388326;1,22E+11
2019-03-19T03:00:00+01:00;80766666;0;3874;0;0;75114430464;72669;69512;2287;2303;17172476723;368679321;1,22E+11
2019-03-19T04:00:00+01:00;65366666;58862;182254;0;0;75114430464;74564;24388;1680;1668;17172284484;365795737;1,22E+11
2019-03-19T05:00:00+01:00;70133333;68;3652;0;0;75114430464;109158;50517;3558;3526;17172424294;466074555;1,22E+11
2019-03-19T06:00:00+01:00;96900000;102;4334;0;0;75114430464;87483;41147;2350;2331;17173647633;509118600;1,22E+11
2019-03-19T07:00:00+01:00;158133333;17;4983;0;0;75114430464;135509;175650;3171;3121;17174416588;597967940;1,22E+11
2019-03-19T08:00:00+01:00;344033333;1143;7697;0;0;75114430464;469589;583304;9886;9797;17174399112;726890359;1,22E+11
2019-03-19T09:00:00+01:00;284266666;34;5973;0;0;75114430464;453239;515089;7903;7898;17173560251;827116748;1,22E+11
2019-03-19T10:00:00+01:00;392433333;0;5785;0;0;75114430464;706338;1518848;12248;12099;17174154444;878741640;1,22E+11
2019-03-19T11:00:00+01:00;283166666;0;6161;0;0;75114430464;540381;901580;6941;6813;17172756343;947318510;1,22E+11
2019-03-19T12:00:00+01:00;185633333;0;4915;0;0;75114430464;395605;6935210;7344;8854;17172668962;746935637;1,22E+11
2019-03-19T13:00:00+01:00;326066666;0;5427;0;0;75114430464;592196;1905203;10759;10875;17171480576;861579946;1,22E+11
2019-03-19T14:00:00+01:00;502433333;17;32443;0;0;75114430464;926668;1680520;12734;12722;17171865053;955881881;1,22E+11
2019-03-19T15:00:00+01:00;276200000;102;6434;0;0;75114430464;495854;1158775;8369;8358;17172896153;875735722;1,22E+11
2019-03-19T16:00:00+01:00;324233333;204;6229;0;0;75114430464;487492;502954;7549;7412;17173088392;835715072;1,22E+11
2019-03-19T17:00:00+01:00;298933333;0;7475;0;0;75114430464;490325;2385254;7771;7927;17173577728;789944729;1,22E+11
2019-03-19T18:00:00+01:00;288300000;17;6707;0;0;75114430464;501026;1020535;8504;8216;17173350536;887165201;1,22E+11
2019-03-19T19:00:00+01:00;299300000;0;5614;0;0;75114430464;551424;1448891;10801;10812;17173368012;789909777;1,22E+11
2019-03-19T20:00:00+01:00;378500000;0;8652;0;0;75114430464;667784;2319991;11609;11808;17173577728;864393625;1,22E+11
2019-03-19T21:00:00+01:00;513383333;0;6724;0;0;75114430464;577877;597401;11174;11038;17173490346;898734489;1,22E+11
2019-03-19T22:00:00+01:00;331200000;0;6621;0;0;75114430464;559479;625954;7583;7345;17173490346;832814011;1,22E+11
2019-03-19T23:00:00+01:00;252000000;0;15274;0;0;75114430464;272469;459963;6145;6165;17173577728;769881975;1,22E+11
2019-03-20T00:00:00+01:00;121466666;204;4181;0;0;75114430464;183210;282060;4316;4222;17173717538;738267409;1,22E+11
2019-03-20T01:00:00+01:00;71600000;0;3379;0;0;75114430464;100181;58316;2773;2756;17172861201;500520277;1,22E+11
2019-03-20T02:00:00+01:00;74166666;0;4710;0;0;75114430464;58521;31061;1601;1613;17172721390;468993092;1,22E+11
2019-03-20T03:00:00+01:00;53633333;0;3208;0;0;75114430464;67140;37324;1726;1715;17173333060;460394769;1,22E+11
2019-03-20T04:00:00+01:00;61333333;0;3379;0;0;75114430464;50688;23739;1503;1474;17173158297;403072614;1,22E+11
2019-03-20T05:00:00+01:00;52900000;0;3669;0;0;75114430464;47308;27323;1112;1102;17172599057;460394769;1,22E+11
2019-03-20T06:00:00+01:00;67200000;0;3788;0;0;75114430464;70485;59852;1616;1561;17173717538;397340398;1,22E+11
2019-03-20T07:00:00+01:00;127333333;0;5034;0;0;75114430464;273715;172049;5584;5458;17175482641;560673587;1,22E+11
2019-03-20T08:00:00+01:00;314700000;0;5939;0;0;75114430464;502698;816691;10207;10289;17175674880;735471206;1,22E+11
2019-03-20T09:00:00+01:00;243933333;0;5461;0;0;75114430464;343893;1806421;6686;6978;17175674880;721140667;1,22E+11
2019-03-20T10:00:00+01:00;318733333;68;6673;0;0;75114430464;546560;1924539;9790;10166;17175500117;726872883;1,22E+11
2019-03-20T11:00:00+01:00;407416666;68;17288;0;0;75114430464;401237;768238;6286;6176;17175587498;764027426;1,22E+11
2019-03-20T12:00:00+01:00;142366666;0;4744;0;0;75114430464;284637;2046907;6163;6534;17175447688;580736341;1,22E+11
2019-03-20T13:00:00+01:00;296733333;4027;6621;0;0;75114430464;557721;794743;9645;9328;17175674880;752632900;1,22E+11
2019-03-20T14:00:00+01:00;426166666;0;6400;0;0;75114430464;506248;957593;10285;10304;17175674880;835715072;1,22E+11
2019-03-20T15:00:00+01:00;254566666;1024;15872;0;0;75114430464;335308;674457;6440;6648;17175674880;746953113;1,22E+11
2019-03-20T16:00:00+01:00;287200000;102;6314;0;0;75114430464;407995;681932;8036;7883;17175622451;872887091;1,22E+11
2019-03-20T17:00:00+01:00;209466666;17;6417;0;0;75114430464;355566;1257130;7088;7111;17175622451;660917452;1,22E+11
2019-03-20T18:00:00+01:00;237700000;190;7619;0;0;75114430464;341061;465624;6954;7354;17175010781;617978265;1,22E+11
2019-03-20T19:00:00+01:00;260800000;0;5649;0;0;75114430464;284979;344029;6033;5995;17175395259;701095389;1,22E+11
2019-03-20T20:00:00+01:00;411133333;68;6502;0;0;75114430464;554444;3319415;11779;12679;17174573875;901618073;1,22E+11
2019-03-20T21:00:00+01:00;356500000;0;7031;0;0;75114430464;536217;1046818;10603;10672;17174643780;775561762;1,22E+11
2019-03-20T22:00:00+01:00;255666666;0;5649;0;0;75114430464;362564;318771;6843;6524;17174626304;732605098;1,22E+11
2019-03-20T23:00:00+01:00;164733333;0;4983;0;0;75114430464;249002;1110988;5266;5493;17174626304;715408452;1,22E+11
2019-03-21T00:00:00+01:00;96166666;0;4556;0;0;75114430464;190429;66338;3812;3895;17174626304;552110216;1,22E+11
2019-03-21T01:00:00+01:00;59500000;0;3976;0;0;75114430464;106496;37819;2280;2231;17174696209;420269260;1,22E+11
2019-03-21T02:00:00+01:00;54366666;0;3276;0;0;75114430464;51456;29934;1328;1245;17174538922;520583031;1,22E+11
2019-03-21T03:00:00+01:00;55466666;0;2816;0;0;75114430464;67737;24388;1887;1866;17174556398;374411537;1,22E+11
2019-03-21T04:00:00+01:00;75633333;17;3362;0;0;75114430464;87210;30788;2341;2345;17174556398;365813213;1,22E+11
2019-03-21T05:00:00+01:00;88100000;34;3703;0;0;75114430464;183705;60108;5303;5433;17174608827;405921245;1,22E+11
2019-03-21T06:00:00+01:00;74900000;34;46216;0;0;75114430464;107485;58368;2738;2697;17174661256;572138018;1,22E+11
2019-03-21T07:00:00+01:00;118533333;0;4181;0;0;75114430464;168448;109670;4328;4261;17174591351;655167761;1,22E+11
2019-03-21T08:00:00+01:00;307366666;0;6656;0;0;75114430464;465681;722278;9285;9074;17174626304;981694327;1,22E+11
2019-03-21T09:00:00+01:00;221200000;0;5154;0;0;75114430464;307797;2480657;7060;7425;17174608827;884334045;1,22E+11
2019-03-21T10:00:00+01:00;379233333;68;7099;0;0;75114430464;481092;462848;9729;9561;17173420441;741185945;1,22E+11
2019-03-21T11:00:00+01:00;355033333;0;33570;0;0;75114430464;473685;1339613;7935;7964;17171445623;892967321;1,22E+11
2019-03-21T12:00:00+01:00;217533333;0;5256;0;0;75114430464;375722;552925;6433;6284;17171480576;729756467;1,22E+11
2019-03-21T13:00:00+01:00;316533333;0;9113;0;0;75114430464;435114;1025092;8574;8601;17171480576;758417544;1,22E+11
2019-03-21T14:00:00+01:00;367500000;3874;11434;0;0;75114430464;545382;462080;9818;9612;17171445623;775579238;1,22E+11
2019-03-21T15:00:00+01:00;384733333;0;6741;0;0;75114430464;539835;403114;10098;10021;17171830101;781293977;1,22E+11
2019-03-21T16:00:00+01:00;430933333;4215;7082;0;0;75114430464;540125;2195814;10274;10215;17172494199;984577911;1,22E+11
2019-03-21T17:00:00+01:00;373366666;0;7526;0;0;75114430464;485700;1450683;9409;9444;17172459246;792705979;1,22E+11
2019-03-21T18:00:00+01:00;241000000;0;5307;0;0;75114430464;293341;353928;5673;5606;17172511675;646656819;1,22E+11
2019-03-21T19:00:00+01:00;414000000;0;21896;0;0;75114430464;418611;251528;7543;7310;17172529152;658103773;1,22E+11
2019-03-21T20:00:00+01:00;319833333;0;6980;0;0;75114430464;546030;707208;9303;9126;17172529152;746883208;1,22E+11
2019-03-21T21:00:00+01:00;340733333;34;8345;0;0;75114430464;383761;446822;7319;7228;17172424294;847162026;1,22E+11
2019-03-21T22:00:00+01:00;278766666;0;6382;0;0;75114430464;385621;494557;7171;6949;17172529152;807053994;1,22E+11
2019-03-21T23:00:00+01:00;209833333;0;7697;0;0;75114430464;239462;243063;4956;4856;17172529152;827081796;1,22E+11
2019-03-22T00:00:00+01:00;114866666;17;4659;0;0;75114430464;152473;78592;3780;3743;17172529152;735418777;1,22E+11
2019-03-22T01:00:00+01:00;87366666;0;3447;0;0;75114430464;118784;70792;3010;2977;17172599057;448930338;1,22E+11
2019-03-22T02:00:00+01:00;83700000;0;3498;0;0;75114430464;66389;29132;1940;1919;17172529152;597915511;1,22E+11
2019-03-22T03:00:00+01:00;62066666;0;3020;0;0;75114430464;103697;69239;2941;2937;17171672814;360080998;1,22E+11
2019-03-22T04:00:00+01:00;66100000;68;3840;0;0;75114430464;110865;49800;2856;2815;17171620386;511932279;1,22E+11
2019-03-22T05:00:00+01:00;102400000;0;3891;0;0;75114430464;180582;73762;5415;5395;17171480576;483306154;1,22E+11
2019-03-22T06:00:00+01:00;82600000;0;3089;0;0;75114430464;116770;99037;2997;2989;17172634009;549244108;1,22E+11
2019-03-22T07:00:00+01:00;142733333;0;4505;0;0;75114430464;214323;2022860;5499;5801;17173595204;709623808;1,22E+11
2019-03-22T08:00:00+01:00;352466666;0;6587;0;0;75114430464;446327;1519155;9220;9118;17174626304;941498914;1,22E+11
2019-03-22T09:00:00+01:00;210566666;0;23142;0;0;75114430464;320785;393796;6605;6195;17174626304;649435545;1,22E+11
2019-03-22T10:00:00+01:00;346600000;0;6280;0;0;75114430464;460492;1290410;8884;9402;17174626304;701077913;1,22E+11
2019-03-22T11:00:00+01:00;243566666;0;5529;0;0;75114430464;322628;344251;5844;5721;17174626304;792775884;1,22E+11
2019-03-22T12:00:00+01:00;213500000;34;5393;0;0;75114430464;465152;613734;7173;6790;17174626304;706810129;1,22E+11
2019-03-22T13:00:00+01:00;532800000;0;25753;0;0;75114430464;455833;696661;9061;9054;17174626304;864306244;1,22E+11
2019-03-22T14:00:00+01:00;738200000;0;8140;0;0;75114430464;1177975;1121996;20705;20501;17175045734;1036115421;1,22E+11
2019-03-22T15:00:00+01:00;494733333;34;8174;0;0;75114430464;863965;960546;13050;12447;17175570022;741203421;1,22E+11
2019-03-22T16:00:00+01:00;230733333;0;5410;0;0;75114430464;415249;1516032;7439;7604;17175535069;775491857;1,22E+11
2019-03-22T17:00:00+01:00;352833333;0;5290;0;0;75058376908;572125;1919129;9143;9229;17175185544;744069529;1,22E+11
2019-03-22T18:00:00+01:00;267766666;0;6417;0;0;75005939712;280985;187801;5365;5319;17175552546;746953113;1,22E+11
2019-03-22T19:00:00+01:00;214966666;1160;5751;0;0;75005939712;266752;752588;4921;4941;17174626304;658121250;1,22E+11
2019-03-22T20:00:00+01:00;179766666;0;5137;0;0;75005939712;238011;189457;4611;4531;17174661256;620879325;1,22E+11
2019-03-22T21:00:00+01:00;144933333;0;5034;0;0;75005939712;206865;116224;4385;3958;17174853495;572172970;1,22E+11
2019-03-22T22:00:00+01:00;113766666;0;36676;0;0;75005939712;130696;96324;2667;2559;17174521446;666719573;1,22E+11
2019-03-22T23:00:00+01:00;104600000;0;3618;0;0;75005939712;241971;184541;4569;4535;17174626304;609344989;1,22E+11
2019-03-23T00:00:00+01:00;101666666;0;3788;0;0;75005939712;89941;57002;2531;2525;17174626304;692479590;1,22E+11
2019-03-23T01:00:00+01:00;69400000;0;3293;0;0;75005939712;104328;44117;2626;2617;17174626304;503368908;1,22E+11
2019-03-23T02:00:00+01:00;71600000;0;11468;0;0;75005939712;66440;78609;2164;2201;17174538922;480457523;1,22E+11
2019-03-23T03:00:00+01:00;1492583333;45875;23108;2;1;75005939712;46660369;13860147;137509;60052;17174573875;11223677883;1,22E+11
2019-03-23T04:00:00+01:00;1616600000;175598;12458;4;1;75005939712;44605781;7189367;125286;53419;17174678732;11352547874;1,22E+11
2019-03-23T05:00:00+01:00;1696450000;49271;28381;2;2;75005939712;53999854;9757815;151273;62491;17174626304;10522215492;1,22E+11
2019-03-23T06:00:00+01:00;1059366666;86766;98269;14;0;75005939712;10831206;1340723;47273;35569;17175010781;4308913356;1,22E+11
2019-03-23T07:00:00+01:00;1108466666;11571;4522;2;0;75005939712;13420083;5150173;59932;37204;17170222284;4655292962;1,22E+11
2019-03-23T08:00:00+01:00;1055650000;16605;4795;1;0;75005939712;16477781;3389457;67056;40823;17172529152;7063365222;1,22E+11
2019-03-23T09:00:00+01:00;846700000;14540;5495;1;0;75005939712;5184665;5087044;45844;34913;17173175773;2845730406;1,22E+11
2019-03-23T10:00:00+01:00;1489216666;84838;8601;5;0;75005939712;27161036;8330376;92402;46667;17172983534;9374007296;1,22E+11
2019-03-23T11:00:00+01:00;959300000;870;6673;0;0;75005939712;2936046;2972945;40169;35640;17172441770;1396930423;1,22E+11
2019-03-23T12:00:00+01:00;1224000000;103901;7987;3;0;75005939712;25037704;4623564;85009;44534;17171812625;6275902122;1,22E+11
2019-03-23T13:00:00+01:00;1521283333;272737;7185;9;0;75005939712;38567150;9145395;123457;60450;17172808772;10659613900;1,22E+11
2019-03-23T14:00:00+01:00;992650000;3805;7185;0;0;75005939712;3672968;2839517;43535;37497;17173315584;2244459451;1,22E+11
2019-03-23T15:00:00+01:00;1686166666;24661;11110;3;0;75005939712;44706764;20884667;150092;72719;17172564104;10908685653;1,22E+11
2019-03-23T16:00:00+01:00;1374616666;20411;8704;2;0;75005939712;31187097;4248627;104769;59617;17173105868;8171360529;1,22E+11
2019-03-23T17:00:00+01:00;1178450000;12697;7304;1;0;75005939712;20510873;5199889;79804;46202;17172214579;6439112977;1,22E+11
2019-03-23T18:00:00+01:00;1576883333;27323;8089;2;0;75005939712;34459852;10670404;107350;50090;17170536857;10696838348;1,22E+11
2019-03-23T19:00:00+01:00;1588583333;160460;20974;6;0;74994652296;48613222;11039982;145137;62462;17171340765;11667470199;1,22E+11
2019-03-23T20:00:00+01:00;1607716666;96358;6673;3;0;75002023936;37939933;10146440;113595;50117;17172843724;10006857864;1,22E+11
2019-03-23T21:00:00+01:00;1518166666;30771;22835;4;0;75002023936;26662707;6824669;85825;41210;17172599057;7249382604;1,22E+11
2019-03-23T22:00:00+01:00;1046916666;21623;10547;2;0;75002023936;15851298;12136618;68931;35928;17172948582;6510573431;1,22E+11
2019-03-23T23:00:00+01:00;124033333;30037;4078;2;0;75002023936;132369;85077;2837;2774;17167041604;426001476;1,22E+11
2019-03-24T00:00:00+01:00;79666666;136;3396;0;0;75002023936;156654;149725;3160;3089;17163354112;271231658;1,22E+11
2019-03-24T01:00:00+01:00;66100000;51;3089;0;0;75002023936;127522;56422;3261;3233;17162253107;259767227;1,22E+11
2019-03-24T02:00:00+01:00;60333333;405879;21350;16;0;75002023936;94498;59801;2249;2153;17163022062;377242692;1,22E+11
2019-03-24T03:00:00+01:00;59133333;51;3157;0;0;75002023936;172390;119876;2942;2875;17167600844;279829981;1,22E+11
2019-03-24T04:00:00+01:00;53300000;1331;2542;0;0;75002023936;62088;32699;1921;1913;17169802854;305624951;1,22E+11
2019-03-24T05:00:00+01:00;82966666;34;3498;0;0;75002023936;201557;75639;5384;5410;17169558186;374411537;1,22E+11
2019-03-24T06:00:00+01:00;54733333;149845;13806;21;0;75002023936;66048;22749;1618;1611;17171917482;334286028;1,22E+11
2019-03-24T07:00:00+01:00;56933333;0;3413;0;0;75002023936;72618;629401;2005;2138;17171026193;302758843;1,22E+11
2019-03-24T08:00:00+01:00;113400000;204;5051;0;0;75002023936;150749;109260;3229;3183;17173245678;511984708;1,22E+11
2019-03-24T09:00:00+01:00;139433333;938;5666;0;0;75002023936;277179;180258;5090;4989;17175098163;514815863;1,22E+11
2019-03-24T10:00:00+01:00;286100000;1024;5888;0;0;75002023936;530466;891630;8726;8515;17175325354;695258316;1,22E+11
2019-03-24T11:00:00+01:00;271800000;529;9864;0;0;75002023936;718080;995293;10690;9950;17175045734;735418777;1,22E+11
2019-03-24T12:00:00+01:00;231466666;34;6912;0;0;75002023936;440064;1002752;7586;7480;17175307878;666702097;1,22E+11
2019-03-24T13:00:00+01:00;189666666;17;5017;0;0;75002023936;352529;558848;6766;6666;17174696209;681050112;1,22E+11
2019-03-24T14:00:00+01:00;332666666;375;7662;0;0;75002023936;521915;296038;10017;9720;17174713685;815704746;1,22E+11
2019-03-24T15:00:00+01:00;351366666;238;8516;0;0;75002023936;663927;1137373;9856;9832;17175272925;838581179;1,22E+11
2019-03-24T16:00:00+01:00;342200000;529;228471;0;0;75000573269;1204104;1068885;11097;10034;17175360307;1018971204;1,22E+11
2019-03-24T17:00:00+01:00;372966666;307;6894;0;0;74996903936;614519;1914026;10755;10809;17175674880;910146491;1,22E+11
2019-03-24T18:00:00+01:00;330833333;51;8055;0;0;74996903936;641450;544904;10363;10176;17173595204;752650376;1,22E+11
2019-03-24T19:00:00+01:00;275833333;392;6963;0;0;74996903936;701047;543317;8344;7863;17170536857;807071470;1,22E+11
2019-03-24T20:00:00+01:00;423233333;512;11741;0;0;74996903936;599449;587161;10138;9969;17171166003;792688503;1,22E+11
2019-03-24T21:00:00+01:00;395733333;51;9113;0;0;74996903936;695432;588100;11527;11435;17171480576;835732548;1,22E+11
2019-03-24T22:00:00+01:00;343666666;204;6246;0;0;74996903936;645102;993433;9888;9737;17171358242;775456904;1,22E+11
2019-03-24T23:00:00+01:00;312500000;0;7236;0;0;74996903936;410112;267793;7109;6820;17171498052;609414894;1,22E+11
2019-03-25T00:00:00+01:00;176816666;204;9813;0;0;74996903936;176059;288102;4145;4282;17170956288;620879325;1,22E+11
2019-03-25T01:00:00+01:00;70133333;0;3242;0;0;74996903936;127641;57275;3264;3246;17170903859;457528661;1,22E+11
2019-03-25T02:00:00+01:00;90316666;7492;5563;1;0;74996903936;85572;1002786;2649;2648;17170711620;540593356;1,22E+11
2019-03-25T03:00:00+01:00;47766666;0;2798;0;0;74996903936;96836;46899;2755;2732;17170886382;391573230;1,22E+11
2019-03-25T04:00:00+01:00;64266666;887;3003;0;0;74996903936;89753;39611;2533;2534;17170886382;354331306;1,22E+11
2019-03-25T05:00:00+01:00;58033333;0;2833;0;0;74996903936;81066;34491;1944;1904;17170501905;351482675;1,22E+11
2019-03-25T06:00:00+01:00;68300000;0;5239;0;0;74996903936;146380;75707;3254;3222;17173193250;491904477;1,22E+11
2019-03-25T07:00:00+01:00;109366666;0;3396;0;0;74996903936;180121;136413;3980;3875;17175447688;560708539;1,22E+11
2019-03-25T08:00:00+01:00;436800000;341;9318;0;0;74996903936;441838;482150;9214;9106;17175604974;792810837;1,22E+11
2019-03-25T09:00:00+01:00;345133333;1058;5632;0;0;74996903936;436906;436497;9407;9656;17175517593;913047552;1,22E+11
2019-03-25T10:00:00+01:00;495450000;955;13602;0;0;74996903936;722790;1134540;10450;10248;17173402965;849958229;1,22E+11
2019-03-25T11:00:00+01:00;374833333;1024;7389;0;0;74996903936;454468;3239150;9018;9754;17173455394;927273233;1,22E+11
2019-03-25T12:00:00+01:00;314700000;2730;7731;0;0;74996903936;552465;892108;10478;10480;17172511675;784055227;1,22E+11
2019-03-25T13:00:00+01:00;393166666;0;7287;0;0;74996903936;511897;937454;10092;10134;17173193250;1010355404;1,22E+11
2019-03-25T14:00:00+01:00;731600000;136;9198;0;0;74996903936;1017873;1427729;17412;17123;17171550481;936028842;1,22E+11
2019-03-25T15:00:00+01:00;446333333;51;7748;0;0;74996903936;613700;1411054;9863;9839;17173175773;1004588236;1,22E+11
2019-03-25T16:00:00+01:00;425066666;3413;6792;0;0;74996903936;592247;602828;9632;9341;17169488281;686782327;1,22E+11
2019-03-25T17:00:00+01:00;353200000;136;6519;0;0;74996903936;500633;408814;8544;8157;17169558186;878776593;1,22E+11
2019-03-25T18:00:00+01:00;323866666;68;7270;0;0;74996903936;430643;1593224;8622;9217;17173018487;821367057;1,22E+11
2019-03-25T19:00:00+01:00;345866666;0;6673;0;0;74996903936;460407;673723;8941;9023;17173402965;818500949;1,22E+11
2019-03-25T20:00:00+01:00;302600000;0;6707;0;0;74996903936;504849;550673;8592;8550;17173263155;867242257;1,22E+11
2019-03-25T21:00:00+01:00;326800000;0;7748;0;0;74996903936;495957;863249;9213;9071;17173298107;792828313;1,22E+11
2019-03-25T22:00:00+01:00;256766666;0;6058;0;0;74918070272;540040;563029;6853;6645;17172668962;832779059;1,22E+11
2019-03-25T23:00:00+01:00;212766666;170;8038;0;0;74891792384;217207;1098990;4332;4405;17172913629;910111539;1,22E+11
2019-03-26T00:00:00+01:00;101666666;0;4556;0;0;74891792384;76236;64785;1856;1837;17172529152;489055846;1,22E+11
2019-03-26T01:00:00+01:00;78566666;0;3072;0;0;74891792384;111445;1730150;2887;3367;17172371865;480440046;1,22E+11
2019-03-26T02:00:00+01:00;71233333;0;3464;0;0;74891792384;61269;41113;1691;1692;17172634009;491887001;1,22E+11
2019-03-26T03:00:00+01:00;60233333;0;2986;0;0;74891792384;73420;26453;1739;1716;17173577728;394474291;1,22E+11
2019-03-26T04:00:00+01:00;66100000;0;2884;0;0;74891792384;59801;27972;1723;1710;17172861201;423135368;1,22E+11
2019-03-26T05:00:00+01:00;74166666;0;3925;0;0;74891792384;67396;39645;1833;1827;17172808772;454645077;1,22E+11
2019-03-26T06:00:00+01:00;98000000;51;234513;0;0;74891792384;132625;54084;3346;3310;17173752490;529146402;1,22E+11
2019-03-26T07:00:00+01:00;130266666;0;3908;0;0;74891792384;124330;87961;2512;2464;17174888448;661022310;1,22E+11
2019-03-26T08:00:00+01:00;361266666;0;10803;0;0;74891792384;596753;620731;10170;9815;17174993305;807001565;1,22E+11
2019-03-26T09:00:00+01:00;297466666;51;5973;0;0;74891792384;522461;1256652;9746;9741;17174940876;735418777;1,22E+11
2019-03-26T10:00:00+01:00;511600000;4130;6980;0;0;74891792384;941636;1022617;11452;10920;17174626304;892949845;1,22E+11
2019-03-26T11:00:00+01:00;355033333;34;8704;0;0;74891792384;442282;2144221;9311;9514;17175133115;898594679;1,22E+11
2019-03-26T12:00:00+01:00;385066666;17;10240;0;0;74891792384;458496;598681;8400;8428;17175570022;784090180;1,22E+11
2019-03-26T13:00:00+01:00;401600000;136;6656;0;0;74915196654;844578;1221597;12126;11646;17175430212;1124859904;1,22E+11
2019-03-26T14:00:00+01:00;682450000;0;74956;0;0;74928746496;1321949;1118566;18425;17902;17175342830;806984089;1,22E+11
2019-03-26T15:00:00+01:00;426900000;153;8516;0;0;74928746496;761958;2293811;10871;10968;17172529152;915756373;1,22E+11
2019-03-26T16:00:00+01:00;521500000;170;8584;0;0;74928746496;751086;1503402;13778;13903;17172529152;978880648;1,22E+11
2019-03-26T17:00:00+01:00;401233333;0;6929;0;0;74907319569;554734;566459;10838;10386;17172529152;984542958;1,22E+11
2019-03-26T18:00:00+01:00;265566666;0;8021;0;0;74885128192;419020;316535;7770;7463;17172529152;832866440;1,22E+11
2019-03-26T19:00:00+01:00;276933333;0;5853;0;0;74885128192;455424;675601;8442;8460;17172529152;815634841;1,22E+11
2019-03-26T20:00:00+01:00;376300000;0;7526;0;0;74885128192;642764;1509512;10922;10900;17172529152;927360614;1,22E+11
2019-03-26T21:00:00+01:00;351366666;34;6877;0;0;74885128192;540177;1995861;10255;10449;17172616533;861562470;1,22E+11
2019-03-26T22:00:00+01:00;290866666;0;6485;0;0;74885128192;399138;374954;8263;8008;17172529152;861405184;1,22E+11
2019-03-26T23:00:00+01:00;199933333;34;5410;0;0;74885128192;1065898;1075609;8290;7587;17173088392;766876057;1,22E+11
2019-03-27T00:00:00+01:00;116333333;0;4369;0;0;74885128192;236305;169233;4112;4003;17172529152;543511893;1,22E+11
2019-03-27T01:00:00+01:00;88100000;51814;3925;0;0;74885128192;102690;74683;2897;2438;17172546628;629390267;1,22E+11
2019-03-27T02:00:00+01:00;67216666;1689;9557;0;0;74885128192;53094;93184;1524;1465;17172459246;434599799;1,22E+11
2019-03-27T03:00:00+01:00;56933333;0;2816;0;0;74885128192;72055;42598;1706;1678;17172529152;405938722;1,22E+11
2019-03-27T04:00:00+01:00;66466666;0;2355;0;0;74885128192;118596;39748;2714;2682;17172529152;305624951;1,22E+11
2019-03-27T05:00:00+01:00;78933333;17;3566;0;0;74885128192;87859;50414;3195;3496;17172529152;434599799;1,22E+11
2019-03-27T06:00:00+01:00;71600000;204;3225;0;0;74885128192;65177;52070;1473;1405;17173665109;486137309;1,22E+11
2019-03-27T07:00:00+01:00;132100000;0;3822;0;0;74885128192;166792;209902;3398;3237;17174591351;595101832;1,22E+11
2019-03-27T08:00:00+01:00;432400000;34;7731;0;0;74885128192;675993;681181;13802;13592;17175535069;941621248;1,22E+11
2019-03-27T09:00:00+01:00;290133333;0;6075;0;0;74885128192;697514;1648998;10414;10580;17174818542;849958229;1,22E+11
2019-03-27T10:00:00+01:00;242833333;102;6673;0;0;74885128192;470016;2968780;9630;9915;17174940876;623710481;1,22E+11
2019-03-27T11:00:00+01:00;303333333;0;11264;0;0;74885128192;606481;1018726;9917;9603;17174591351;738232456;1,22E+11
2019-03-27T12:00:00+01:00;172066666;34;5614;0;0;74885128192;287283;867515;5986;6151;17174259302;506252492;1,22E+11
2019-03-27T13:00:00+01:00;302233333;375;7748;0;0;74885128192;574139;1872930;11778;11870;17174818542;741238374;1,22E+11
2019-03-27T14:00:00+01:00;350633333;0;9062;0;0;74885128192;687121;1478621;12262;13243;17175045734;809850197;1,22E+11
2019-03-27T15:00:00+01:00;277300000;34;7526;0;0;74885128192;350941;1005568;6725;6772;17174434065;964480204;1,22E+11
2019-03-27T16:00:00+01:00;419566666;0;8738;0;0;74885128192;962355;961860;15551;14998;17172459246;887182677;1,22E+11
2019-03-27T17:00:00+01:00;250166666;0;6092;0;0;74885128192;432264;1605973;8356;8480;17170432000;703961497;1,22E+11
2019-03-27T18:00:00+01:00;242466666;0;9762;0;0;74885128192;376200;273117;7427;6919;17167635797;617960789;1,22E+11
2019-03-27T19:00:00+01:00;229266666;68;5870;0;0;74885128192;314026;2040490;7062;6718;17172983534;809832721;1,22E+11
2019-03-27T20:00:00+01:00;235866666;0;12612;0;0;74885128192;566016;440814;9473;9144;17172529152;549174203;1,22E+11
2019-03-27T21:00:00+01:00;259700000;0;8840;0;0;74885128192;404957;310528;7552;7404;17172529152;723884441;1,22E+11
2019-03-27T22:00:00+01:00;208733333;17;5222;0;0;74885128192;279569;1694873;5933;6298;17172284484;680980206;1,22E+11
2019-03-27T23:00:00+01:00;149700000;119;5751;0;0;74885128192;230058;1048746;5020;5181;17087716829;752650376;1,22E+11
2019-03-28T00:00:00+01:00;114133333;0;4027;0;0;74885128192;113117;92091;2764;2722;17061991765;500432896;1,22E+11
2019-03-28T01:00:00+01:00;81133333;0;3686;0;0;74885128192;64972;73420;1447;1434;17063721915;374411537;1,22E+11
2019-03-28T02:00:00+01:00;66466666;1348;14421;0;0;74885128192;121412;105984;2636;2518;17064228727;342884352;1,22E+11
2019-03-28T03:00:00+01:00;60233333;0;3310;0;0;74885128192;89924;49766;2302;2275;17064438442;225373934;1,22E+11
2019-03-28T04:00:00+01:00;63533333;0;3208;0;0;74885128192;115643;46677;3414;3389;17059038276;331419921;1,22E+11
2019-03-28T05:00:00+01:00;89566666;0;3089;0;0;74885128192;144298;61064;4378;4359;17053515776;299892736;1,22E+11
2019-03-28T06:00:00+01:00;69766666;99584;10547;4;0;74885128192;109806;53521;2382;2329;17060139281;371545429;1,22E+11
2019-03-28T07:00:00+01:00;121100000;0;3720;0;0;74885128192;130355;68454;3190;3141;17062620910;408804829;1,22E+11
2019-03-28T08:00:00+01:00;235133333;0;6502;0;0;74885128192;470084;489028;8674;8557;17063285009;514798387;1,22E+11
2019-03-28T09:00:00+01:00;212400000;1467;5324;0;0;74885128192;258099;235502;5400;5366;17154109166;686747374;1,22E+11
2019-03-28T10:00:00+01:00;355033333;85;7202;0;0;74885128192;614075;592793;12380;12109;17168160085;746865732;1,22E+11
2019-03-28T11:00:00+01:00;289766666;0;8465;0;0;74885128192;517734;457113;9683;9576;17150858581;718222131;1,22E+11
2019-03-28T12:00:00+01:00;257133333;0;8806;0;0;74885128192;470272;535978;8576;8269;17147852663;557842432;1,22E+11
2019-03-28T13:00:00+01:00;270700000;0;7936;0;0;74885128192;691746;851319;12875;12737;17139935914;575039078;1,22E+11
2019-03-28T14:00:00+01:00;433133333;0;15650;0;0;74885128192;846540;470135;13734;13483;17155192695;729686562;1,22E+11
2019-03-28T15:00:00+01:00;286833333;68;9915;0;0;74885128192;550656;1488298;11005;11065;17163231778;698229282;1,22E+11
2019-03-28T16:00:00+01:00;441883333;0;15138;0;0;74885128192;571136;1094468;11215;11175;17166657126;944557260;1,22E+11
2019-03-28T17:00:00+01:00;367866666;34;77056;0;0;74885128192;688810;809454;12830;12671;17157115084;680962730;1,22E+11
2019-03-28T18:00:00+01:00;255666666;0;7884;0;0;74885128192;478993;325973;9639;9440;17059213038;486189738;1,22E+11
2019-03-28T19:00:00+01:00;253833333;0;5990;0;0;74822350165;363298;289075;7128;6898;17058321749;758277734;1,22E+11
2019-03-28T20:00:00+01:00;352466666;0;15257;0;0;74816643072;583048;1098325;11472;11548;17055088640;815564936;1,22E+11
2019-03-28T21:00:00+01:00;263366666;0;28142;0;0;74816643072;469162;777420;9329;9108;17058112034;761161318;1,22E+11
2019-03-28T22:00:00+01:00;375933333;0;14899;0;0;74787650560;527906;1549653;11494;11699;17173665109;809885149;1,22E+11
2019-03-28T23:00:00+01:00;158133333;0;7458;0;0;74795683840;306534;141004;6141;6154;17175604974;477556462;1,22E+11
2019-03-29T00:00:00+01:00;101666666;204;7901;0;0;74795683840;123596;69461;2399;2320;17174626304;380143752;1,22E+11
2019-03-29T01:00:00+01:00;84066666;0;3157;0;0;74795683840;126156;60979;2277;2209;17174538922;365813213;1,22E+11
2019-03-29T02:00:00+01:00;58766666;0;2918;0;0;74795683840;91921;32699;2298;2287;17174521446;405938722;1,22E+11
2019-03-29T03:00:00+01:00;56933333;0;3242;0;0;74795683840;73506;27255;1766;1749;17175010781;340018244;1,22E+11
2019-03-29T04:00:00+01:00;76000000;0;7509;0;0;74795683840;96017;66184;2634;2575;17174521446;337152136;1,22E+11
2019-03-29T05:00:00+01:00;79300000;0;4010;0;0;74795683840;73369;35840;2414;2351;17174241826;383009860;1,22E+11
2019-03-29T06:00:00+01:00;116333333;0;6587;0;0;74795683840;86272;81988;2613;2559;17175063210;437465907;1,23E+11
2019-03-29T07:00:00+01:00;154100000;0;5956;0;0;74795683840;312678;285747;6214;6104;17174923400;511967232;1,23E+11
2019-03-29T08:00:00+01:00;352833333;0;8857;0;0;74795683840;754056;577518;13545;13040;17175185544;721105715;1,23E+11
2019-03-29T09:00:00+01:00;264100000;56917;7560;0;0;74795683840;356454;973806;8536;8815;17175639927;643755758;1,23E+11
2019-03-29T10:00:00+01:00;287933333;0;9301;0;0;74795683840;477764;522666;9113;8975;17174783590;635192388;1,23E+11
2019-03-29T11:00:00+01:00;269600000;0;6621;0;0;74791900501;601292;542139;10738;10464;17174975829;841394858;1,23E+11
2019-03-29T12:00:00+01:00;210933333;0;5956;0;0;74810380288;317235;277845;5659;5423;17175517593;423135368;1,23E+11
2019-03-29T13:00:00+01:00;272900000;136;6604;0;0;74810380288;446924;705672;8374;8107;17175430212;861405184;1,23E+11
2019-03-29T14:00:00+01:00;533966666;0;10496;0;0;74810380288;798293;936294;15676;15404;17175342830;895798476;1,23E+11
2019-03-29T15:00:00+01:00;285733333;187;7031;0;0;74810380288;517802;440337;9459;9213;17175325354;672434312;1,23E+11
2019-03-29T16:00:00+01:00;386200000;0;7304;0;0;74810380288;619298;998195;11287;10951;17174731161;804187886;1,23E+11
2019-03-29T17:00:00+01:00;242100000;0;5410;0;0;74810380288;476484;373486;8431;8192;17174434065;672451788;1,23E+11
2019-03-29T18:00:00+01:00;188933333;17;5802;0;0;74810380288;249753;433902;4982;5092;17173315584;701130342;1,23E+11
2019-03-29T19:00:00+01:00;225233333;0;7543;0;0;74810380288;343739;154368;6483;6456;17172913629;632361233;1,23E+11
2019-03-29T20:00:00+01:00;185633333;0;6673;0;0;74810380288;237824;372872;5080;5048;17173280631;715338547;1,23E+11
2019-03-29T21:00:00+01:00;166566666;0;10530;0;0;74810380288;389751;515310;6562;6482;17173018487;680997683;1,23E+11
2019-03-29T22:00:00+01:00;308833333;0;16401;0;0;74810380288;420078;172817;7820;7468;17172913629;758347639;1,23E+11
2019-03-29T23:00:00+01:00;115233333;4744;5324;0;0;74763334041;133751;327458;3241;3364;17173368012;646534485;1,23E+11
2019-03-30T00:00:00+01:00;107533333;0;7219;0;0;74734448640;145237;149998;2956;2949;17172529152;540645785;1,23E+11
2019-03-30T01:00:00+01:00;77466666;0;2969;0;0;74734448640;116718;54442;2841;2829;17172529152;486189738;1,23E+11
2019-03-30T02:00:00+01:00;61000000;0;2833;0;0;74734448640;65894;63300;1754;1909;17172406818;437430954;1,23E+11
2019-03-30T03:00:00+01:00;1532550000;25548;28023;2;2;74734448640;40762965;14234077;127785;54446;17172406818;11756249634;1,23E+11
2019-03-30T04:00:00+01:00;1477283333;47155;9335;2;0;74734448640;50077781;7572633;140500;58645;17172092245;11865056870;1,23E+11
2019-03-30T05:00:00+01:00;1561966666;106342;13687;2;1;74734448640;45050129;14436778;133324;55218;17172441770;11103441169;1,23E+11
2019-03-30T06:00:00+01:00;1028916666;304896;11980;33;0;74797026918;11920913;1596945;55706;37847;17173123345;4950100104;1,23E+11
2019-03-30T07:00:00+01:00;1047300000;68522;8413;0;0;74845631761;15349282;4920132;60941;35450;17173927253;4234394555;1,23E+11
2019-03-30T08:00:00+01:00;951916666;41216;8686;1;0;74847531008;13174545;4751616;58779;34637;17174696209;6988846421;1,23E+11
2019-03-30T09:00:00+01:00;869050000;8174;7219;0;0;74847531008;4056285;4155426;43782;35868;17174975829;2444842325;1,23E+11
2019-03-30T10:00:00+01:00;1663650000;171997;22408;5;0;74847531008;30932002;7541981;107101;55152;17172896153;9623044096;1,23E+11
2019-03-30T11:00:00+01:00;1092400000;16162;12458;1;0;74847531008;2224776;2084232;41227;38146;17173420441;1582982758;1,23E+11
2019-03-30T12:00:00+01:00;1299866666;13636;9984;3;0;74847531008;18450449;3700377;75964;45315;17173158297;5906506274;1,23E+11
2019-03-30T13:00:00+01:00;1508333333;18739;10342;3;0;74847531008;43328221;10804548;132505;58837;17172983534;11086227046;1,23E+11
2019-03-30T14:00:00+01:00;1071466666;4659;12100;0;0;74821298176;4028603;3071266;45638;41613;17173560251;2049651507;1,23E+11
2019-03-30T15:00:00+01:00;1043916666;10291;19575;1;0;74742599680;14729079;3653307;62039;37660;17173315584;5511332932;1,23E+11
2019-03-30T16:00:00+01:00;401966666;9796;15360;1;0;74742599680;1173486;522001;15772;15764;17172861201;660969881;1,23E+11
2019-03-30T17:00:00+01:00;434966666;887;13721;0;0;74742599680;976179;780458;14384;13896;17172284484;801321779;1,23E+11
2019-03-30T18:00:00+01:00;334866666;580;9830;0;0;74742599680;597435;941875;9901;9861;17171428147;681015159;1,23E+11
2019-03-30T19:00:00+01:00;334133333;6451;9216;0;0;74705872281;566715;276650;8678;8697;17172179626;752632900;1,23E+11
2019-03-30T20:00:00+01:00;239533333;34;6809;0;0;74637664256;377326;272435;6459;6561;17172494199;718222131;1,23E+11
2019-03-30T21:00:00+01:00;265200000;290;8806;0;0;74637664256;685755;374937;8864;8664;17172511675;706810129;1,23E+11
2019-03-30T22:00:00+01:00;242833333;256;6024;0;0;74637664256;749875;657493;6735;6009;17172494199;752580471;1,23E+11
2019-03-30T23:00:00+01:00;117433333;0;4556;0;0;74637664256;168123;94225;3292;3373;17172336913;566440755;1,23E+11
2019-03-31T00:00:00+01:00;110100000;1672;4164;0;0;74637664256;197188;100795;4232;4146;17171760196;583637401;1,23E+11
2019-03-31T01:00:00+01:00;77466666;0;3788;0;0;74637664256;100027;47718;2577;2560;17172336913;532047462;1,23E+11
2019-03-31T03:00:00+02:00;78200000;115950;8686;10;0;74637664256;86254;60620;2071;2039;17171463099;520583031;1,23E+11
2019-03-31T04:00:00+02:00;68666666;477;175906;0;0;74637664256;72669;36334;1692;1695;17171480576;397322922;1,23E+11
2019-03-31T05:00:00+02:00;41900000;0;2150;0;0;74637664256;41642;25531;816;793;17171480576;440332014;1,23E+11
2019-03-31T06:00:00+02:00;65000000;145510;21162;33;0;74637664256;78438;35225;2279;2251;17172668962;534843665;1,23E+11
2019-03-31T07:00:00+02:00;38600000;0;2201;0;0;74637664256;76424;45619;1858;1836;17173577728;285562197;1,23E+11
2019-03-31T08:00:00+02:00;76000000;0;3549;0;0;74637664256;151176;63385;3095;3054;17173560251;489055846;1,23E+11
2019-03-31T09:00:00+02:00;181233333;0;5529;0;0;74637664256;245981;798208;4404;4769;17174399112;701060437;1,23E+11
2019-03-31T10:00:00+02:00;349900000;204;25856;0;0;74655535240;681591;434295;11532;11603;17175150592;809885149;1,23E+11
2019-03-31T11:00:00+02:00;441933333;290;13124;0;0;74645804168;1076940;648686;14798;14780;17174836019;849923276;1,23E+11
2019-03-31T12:00:00+02:00;433850000;68;76902;0;0;74562522658;746035;1269282;11664;12122;17172319436;984542958;1,23E+11
2019-03-31T13:00:00+02:00;341466666;0;10052;0;0;74618417152;666999;2715972;11247;12089;17166622173;606513834;1,23E+11
2019-03-31T14:00:00+02:00;446700000;853;15189;0;0;74618417152;1127816;568627;16901;16607;17170239761;764062378;1,23E+11
2019-03-31T15:00:00+02:00;632966666;273;24558;0;0;74595588846;1651456;617676;24507;24796;17170432000;761248699;1,23E+11
2019-03-31T16:00:00+02:00;489600000;153;13482;0;0;74513055744;1082521;508484;17004;16517;17169068851;821367057;1,23E+11
2019-03-31T17:00:00+02:00;499500000;0;15667;0;0;74513055744;1149764;693742;17078;16997;17173105868;749749316;1,23E+11
2019-03-31T18:00:00+02:00;574666666;0;25804;0;0;74485602304;1152529;1900936;18430;19029;17173333060;953068202;1,23E+11
2019-03-31T19:00:00+02:00;474566666;17;14353;0;0;74403241984;1078988;2038016;16164;16574;17173280631;984508006;1,23E+11
2019-03-31T20:00:00+02:00;515633333;477;15530;0;0;74403241984;1142613;2594713;16598;16788;17173035963;1104779673;1,23E+11
2019-03-31T21:00:00+02:00;685766666;819;18363;0;0;74403241984;1497634;931788;22737;22912;17172494199;958835370;1,23E+11
2019-03-31T22:00:00+02:00;769000000;0;22016;0;0;74319106867;1626402;872192;23568;24109;17172529152;1001809510;1,23E+11
2019-03-31T23:00:00+02:00;404166666;102;11315;0;0;74297130598;658005;344388;10085;10301;17172511675;735453730;1,23E+11
2019-04-01T00:00:00+02:00;139433333;136;4573;0;0;74241523712;184832;276701;3631;3643;17172179626;701077913;1,23E+11
