"Time	CPU usage	ANB_read	ANB_write	AN_read	AN_write	Free_disk	B_rec	B_trans	P_rec	P_trans	Host_memory	Guest_memory	Com_storage"
"2019-03-01T00:00:00+01:00	4366250000	21361100	16884787	287	238	2,2499E+11	116838	122487	18976	21177	17199949414	8615240226	4,92943E+11"
"2019-03-01T01:00:00+01:00	3302516666	535790	1157188	29	39	2,58606E+11	86050	102997	16007	17947	17200316416	4486297463	4,93019E+11"
"2019-03-01T02:00:00+01:00	2317000000	639010	1915699	20	47	2,58563E+11	331537	103236	17691	19667	17200963037	4469153245	4,93181E+11"
"2019-03-01T03:00:00+01:00	2541816666	276394	3174553	16	48	2,58506E+11	94873	114073	17670	19858	17200840704	4071026414	4,93181E+11"
"2019-03-01T04:00:00+01:00	2525300000	82414	1050504	3	37	2,58501E+11	111342	125696	20233	22218	17200910609	3295167556	4,93181E+11"
"2019-03-01T05:00:00+01:00	2006033333	6417	1153911	0	39	2,58501E+11	83746	97467	15699	17035	17201120324	2911493597	4,93181E+11"
"2019-03-01T06:00:00+01:00	2543550000	36471	1123362	1	37	2,58501E+11	89309	107468	16223	18100	17201662088	3031660407	4,93181E+11"
"2019-03-01T07:00:00+01:00	2799050000	47803	696115	2	27	2,58501E+11	126190	148992	23034	26043	17201889280	3089000038	4,93181E+11"
"2019-03-01T08:00:00+01:00	3907933333	238540	1025621	8	40	2,58428E+11	137574	339899	25136	30527	17201364992	3527042662	4,93181E+11"
"2019-03-01T09:00:00+01:00	3267750000	154931	920610	4	32	2,58397E+11	117964	227345	20913	24264	17201050419	3297963758	4,93181E+11"
"2019-03-01T10:00:00+01:00	3083200000	40526	973042	1	33	2,58302E+11	126004	150104	22699	24411	17201015466	3429734809	4,93181E+11"
"2019-03-01T11:00:00+01:00	2870983333	44219	823210	0	31	2,58291E+11	126293	242346	23443	27486	17201172753	3343873911	4,93181E+11"
"2019-03-01T12:00:00+01:00	3814766666	121070	833177	2	32	2,58291E+11	148241	352409	26864	32228	17201697041	3610054929	4,93266E+11"
"2019-03-01T13:00:00+01:00	3064150000	16537	666828	0	28	2,58255E+11	132113	155596	24009	27001	17201871803	3478476117	4,93181E+11"
"2019-03-01T14:00:00+01:00	3446116666	27033	724275	1	27	2,58186E+11	121907	141841	21518	24143	17201749469	3535606033	4,93181E+11"
"2019-03-01T15:00:00+01:00	3038100000	11861	820923	0	31	2,58186E+11	109687	130594	20044	22464	17201749469	3449710182	4,93181E+11"
"2019-03-01T16:00:00+01:00	3424016666	94907	1235899	2	39	2,58186E+11	114210	135867	21101	23743	17201487325	3403974792	4,93181E+11"
"2019-03-01T17:00:00+01:00	2473833333	18756	1398698	0	42	2,58172E+11	85179	101939	15917	17595	17200840704	3518461815	4,93181E+11"
"2019-03-01T18:00:00+01:00	2414466666	7918	1091310	0	36	2,58081E+11	96273	113902	17315	19309	17200840704	3180645580	4,93181E+11"
"2019-03-01T19:00:00+01:00	2035900000	12646	1186901	0	41	2,58081E+11	89361	104806	16597	18696	17200910609	2934335078	4,93181E+11"
"2019-03-01T20:00:00+01:00	2468616666	3635	1174562	0	40	2,58081E+11	103697	123289	19306	21772	17201277610	3386795622	4,93181E+11"
"2019-03-01T21:00:00+01:00	1923783333	2440	1372928	0	44	2,58081E+11	73642	87244	13634	15178	17200963037	3157681766	4,93181E+11"
"2019-03-01T22:00:00+01:00	2258083333	6263	1144149	0	38	2,58081E+11	90009	108458	16935	18739	17200928085	3172117162	4,93181E+11"
"2019-03-01T23:00:00+01:00	2201416666	29064	1206272	1	42	2,58062E+11	88456	92433	14901	16502	17200980514	2954415308	4,93181E+11"
"2019-03-02T00:00:00+01:00	4593250000	32264089	19306325	334	254	2,28044E+11	97536	109806	16749	18766	17199844556	9437009237	4,93181E+11"
"2019-03-02T01:00:00+01:00	3048600000	471483	1475310	28	40	2,48811E+11	85196	98269	15527	17216	17199774651	4758402935	4,93184E+11"
"2019-03-02T02:00:00+01:00	2243066666	215244	1208354	10	37	2,48811E+11	80896	97280	14821	16792	17199599889	3409689531	4,93184E+11"
"2019-03-02T03:00:00+01:00	2499350000	420454	2529109	19	53	2,48762E+11	89036	105932	16666	18561	17200176605	4340213350	4,93184E+11"
"2019-03-02T04:00:00+01:00	2563466666	273629	1223150	5	38	2,48745E+11	419498	298990	22724	24749	17200194082	3217852552	4,93184E+11"
"2019-03-02T05:00:00+01:00	1795866666	5734	1225881	0	41	2,48745E+11	68608	80418	12884	14189	17196436684	2788233489	4,93184E+11"
"2019-03-02T06:00:00+01:00	2551416666	97450	2093329	1	50	2,48713E+11	682973	122675	23162	24619	17198743552	3481219891	4,93184E+11"
"2019-03-02T07:00:00+01:00	1990450000	10820	1158297	0	40	2,48716E+11	74222	87603	13780	15426	17197048354	3129038165	4,93184E+11"
"2019-03-02T08:00:00+01:00	2738516666	179217	1027549	1	35	2,48716E+11	105028	296277	18911	23503	17198603741	3169233578	4,93184E+11"
"2019-03-02T09:00:00+01:00	2077116666	6297	1273531	0	43	2,48716E+11	73676	86220	13712	15106	17197572642	2871333137	4,93184E+11"
"2019-03-02T10:00:00+01:00	2446116666	14762	1098018	0	37	2,48716E+11	99635	116394	18420	20397	17198621218	2879948936	4,93184E+11"
"2019-03-02T11:00:00+01:00	2228600000	13380	1106534	0	38	2,48683E+11	89531	107281	16890	19133	17197485260	2920109397	4,93227E+11"
"2019-03-02T12:00:00+01:00	2688250000	114346	986009	1	33	2,48611E+11	110540	123904	19508	21397	17198044501	3137688917	4,93231E+11"
"2019-03-02T13:00:00+01:00	1964916666	5068	1178862	0	37	2,48611E+11	73181	86886	13639	15276	17198708599	3212120337	4,93429E+11"
"2019-03-02T14:00:00+01:00	2320533333	6758	1176883	0	38	2,48611E+11	74274	88166	13338	14860	17198778504	2988738696	4,93504E+11"
"2019-03-02T15:00:00+01:00	2256783333	5358	1045998	0	37	2,48611E+11	93900	112657	17259	19346	17199460078	3166280089	4,94041E+11"
"2019-03-02T16:00:00+01:00	2605883333	26316	857088	1	32	2,4861E+11	120268	139400	21505	25044	17199792128	3257978060	4,9431E+11"
"2019-03-02T17:00:00+01:00	1939350000	2525	1083204	0	36	2,48506E+11	70331	82414	13255	15284	17199792128	2965722453	4,94743E+11"
"2019-03-02T18:00:00+01:00	2546116666	11520	1111398	0	36	2,48506E+11	87057	104840	15566	17475	17199809604	2914324753	4,94863E+11"
"2019-03-02T19:00:00+01:00	2197966666	3310	1156181	0	39	2,48506E+11	84172	96273	15523	17138	17199547460	2991622280	4,95169E+11"
"2019-03-02T20:00:00+01:00	2514183333	4338	902109	0	33	2,48506E+11	110199	128426	20094	22839	17199809604	3189226427	4,94674E+11"
"2019-03-02T21:00:00+01:00	1924150000	5102	1130496	0	38	2,48506E+11	73659	88576	13878	15765	17199792128	3043159790	4,93184E+11"
"2019-03-02T22:00:00+01:00	2266316666	100556	1704977	1	49	2,48506E+11	75366	89344	14074	15037	17200124177	3152019456	4,93184E+11"
"2019-03-02T23:00:00+01:00	2140733333	2184	1389789	0	42	2,48471E+11	86169	80622	13058	14365	17201574707	3395254135	4,93184E+11"
"2019-03-03T00:00:00+01:00	4479316666	21984136	16924040	277	238	2,27046E+11	114124	120627	18679	20699	17199984366	7813429111	4,93184E+11"
"2019-03-03T01:00:00+01:00	3076766666	372019	1552332	20	44	2,48805E+11	66679	78336	12617	13966	17200089224	4391820765	4,93184E+11"
"2019-03-03T02:00:00+01:00	2155066666	167372	1097523	8	37	2,48805E+11	88166	103082	16052	17644	17200858180	3572917862	4,93184E+11"
"2019-03-03T03:00:00+01:00	2421866666	392038	2474513	18	50	2,48766E+11	86937	102195	15863	17844	17200823227	4334498611	4,93184E+11"
"2019-03-03T04:00:00+01:00	2605483333	131771	1306521	6	43	2,48753E+11	94839	107093	17364	18906	17200840704	3363884236	4,93252E+11"
"2019-03-03T05:00:00+01:00	1960983333	5888	1256157	0	42	2,48753E+11	79086	92945	14804	16574	17200665941	2942915925	4,93184E+11"
"2019-03-03T06:00:00+01:00	2342600000	20377	1156044	0	38	2,48753E+11	89565	107383	16783	19090	17200700893	3174843460	4,93184E+11"
"2019-03-03T07:00:00+01:00	1956166666	11520	1655637	0	41	2,48754E+11	506248	110950	20362	21755	17200840704	3223532339	4,93184E+11"
"2019-03-03T08:00:00+01:00	2700316666	10410	778274	0	29	2,48878E+11	89958	106461	16412	18746	17200840704	3157734195	4,93184E+11"
"2019-03-03T09:00:00+01:00	1986100000	9403	1187413	0	39	2,48878E+11	76339	91050	14022	15669	17200928085	2965827310	4,93184E+11"
"2019-03-03T10:00:00+01:00	2358633333	10188	973260	0	33	2,48878E+11	87244	104704	16061	17525	17200421273	3180610628	4,93184E+11"
"2019-03-03T11:00:00+01:00	1947633333	11980	1138670	0	38	2,48847E+11	77619	90880	14387	16054	17199023172	3000238080	4,93184E+11"
"2019-03-03T12:00:00+01:00	2735466666	21230	1024426	0	36	2,48773E+11	106410	126873	19120	21801	17197642547	3240728985	4,93184E+11"
"2019-03-03T13:00:00+01:00	1957966666	3123	1125785	0	39	2,48773E+11	72738	85913	13660	14966	17198743552	3031782741	4,93184E+11"
"2019-03-03T14:00:00+01:00	2368950000	26487	1208132	0	39	2,48773E+11	81408	112384	14959	16496	17192120046	3117608686	4,93184E+11"
"2019-03-03T15:00:00+01:00	2143383333	3976	1035246	0	35	2,48773E+11	81851	97024	15134	17083	17196506589	2848439227	4,93184E+11"
"2019-03-03T16:00:00+01:00	2760150000	15223	851046	0	32	2,48773E+11	118852	140782	21737	24774	17199407650	3249379737	4,93184E+11"
"2019-03-03T17:00:00+01:00	2053250000	4334	1377416	0	44	2,48758E+11	75298	85930	13588	15145	17198691123	3017382297	4,93184E+11"
"2019-03-03T18:00:00+01:00	2264250000	105779	1045521	1	35	2,48668E+11	95402	141875	17289	19511	17197205640	3091866146	4,93184E+11"
"2019-03-03T19:00:00+01:00	1975700000	22442	1082641	1	36	2,48668E+11	85111	99840	15855	17826	17198988219	2934317602	4,93184E+11"
"2019-03-03T20:00:00+01:00	2564433333	6877	953651	0	34	2,48668E+11	97024	112076	17687	20336	17199495031	3174895889	4,93184E+11"
"2019-03-03T21:00:00+01:00	2077500000	3003	1160925	0	38	2,48668E+11	83712	101717	15687	17680	17199792128	3017312392	4,93184E+11"
"2019-03-03T22:00:00+01:00	2232566666	3822	1062570	0	36	2,48668E+11	91955	111598	16963	19173	17199809604	2977291741	4,93184E+11"
"2019-03-03T23:00:00+01:00	2063700000	4659	1291639	0	42	2,48668E+11	87364	86818	14367	15588	17199792128	3043124838	4,93184E+11"
"2019-03-04T00:00:00+01:00	4213816666	22137651	15681075	235	216	2,26632E+11	103150	116992	17877	20009	17197957120	7684646502	4,93184E+11"
"2019-03-04T01:00:00+01:00	3067716666	451566	1483707	25	45	2,49053E+11	69632	83080	12839	14488	17197974596	4025273548	4,93185E+11"
"2019-03-04T02:00:00+01:00	2161483333	338397	1241582	9	38	2,49053E+11	86101	102144	15789	17797	17198131882	3621659170	4,93185E+11"
"2019-03-04T03:00:00+01:00	2404516666	322457	2261162	17	55	2,49005E+11	82739	98508	15162	17011	17200159129	4053847244	4,93185E+11"
"2019-03-04T04:00:00+01:00	5690016666	93559	1573051	5	65	2,48948E+11	199936	4294075	33081	74401	17200823227	3721850606	4,93185E+11"
"2019-03-04T05:00:00+01:00	1901666666	4676	1259281	0	42	2,48622E+11	67481	77721	12253	13677	17200840704	2879913984	4,93185E+11"
"2019-03-04T06:00:00+01:00	2605100000	33536	1008503	1	34	2,48622E+11	91443	110045	16569	18609	17198743552	3146217335	4,93185E+11"
"2019-03-04T07:00:00+01:00	2660483333	73540	745437	3	29	2,48622E+11	107332	127795	19082	21973	17198131882	3667289702	4,93185E+11"
"2019-03-04T08:00:00+01:00	5017316666	694937	4115473	26	74	2,47011E+11	730009	231270	38622	41716	17197223116	5016020582	4,93185E+11"
"2019-03-04T09:00:00+01:00	3941266666	110387	904567	5	29	2,46659E+11	130781	150493	22331	24864	17199128029	3905106739	4,93185E+11"
"2019-03-04T10:00:00+01:00	3306700000	65962	833809	2	29	2,46555E+11	116428	137762	20865	23430	17199984366	3747488290	4,93185E+11"
"2019-03-04T11:00:00+01:00	4057766666	56883	1286843	1	43	2,46555E+11	150528	168755	24776	27718	17200176605	3750459255	4,93185E+11"
"2019-03-04T12:00:00+01:00	4103766666	35396	1135342	1	41	2,46482E+11	144930	174779	26438	30255	17199075601	3870695970	4,93185E+11"
"2019-03-04T13:00:00+01:00	4419100000	120456	904891	2	33	2,46451E+11	152934	361403	26497	32599	17199215411	3890653866	4,93185E+11"
"2019-03-04T14:00:00+01:00	3209250000	105830	952678	3	35	2,46451E+11	121856	216866	21983	25358	17199722222	3475575057	4,93185E+11"
"2019-03-04T15:00:00+01:00	4157433333	21299	679833	0	27	2,46354E+11	140561	199697	24847	28098	17200141653	3684643635	4,93185E+11"
"2019-03-04T16:00:00+01:00	3734283333	24780	956467	1	35	2,46345E+11	125952	145083	22764	25262	17199267840	3693189529	4,93185E+11"
"2019-03-04T17:00:00+01:00	3791450000	16435	917333	0	34	2,4634E+11	148462	275746	26756	30064	17198918314	3690218564	4,93185E+11"
"2019-03-04T18:00:00+01:00	2483433333	207240	1352857	2	41	2,4624E+11	97262	113117	17566	19586	17196174540	3615839573	4,93271E+11"
"2019-03-04T19:00:00+01:00	2595133333	6604	1405166	0	44	2,4624E+11	94395	109755	17462	19656	17198184311	3329508420	4,93325E+11"
"2019-03-04T20:00:00+01:00	2173466666	8243	834235	0	32	2,4624E+11	74939	84804	13523	15074	17193972531	3031730312	4,93185E+11"
"2019-03-04T21:00:00+01:00	2644450000	4983	1058747	0	37	2,4624E+11	116548	256819	21152	25101	17200456226	3257960584	4,93185E+11"
"2019-03-04T22:00:00+01:00	2249916666	2065	1263616	0	42	2,462E+11	78045	90077	14461	16186	17190389896	3051828019	4,93185E+11"
"2019-03-04T23:00:00+01:00	2463883333	6877	1095168	0	38	2,46135E+11	111086	116326	18213	20604	17200298939	3200568524	4,93185E+11"
"2019-03-05T00:00:00+01:00	3897116666	21420168	16436275	222	223	2,22337E+11	107707	115677	18072	19598	17198009548	7919405192	4,93185E+11"
"2019-03-05T01:00:00+01:00	3733016666	484027	1177514	26	38	2,39636E+11	102536	137062	18531	21608	17198201787	4454770278	4,93185E+11"
"2019-03-05T02:00:00+01:00	1895533333	121395	1216904	5	41	2,39574E+11	78813	92518	14708	16085	17197939643	3885078937	4,93185E+11"
"2019-03-05T03:00:00+01:00	2978322033	439278	1964708	23	43	2,3961E+11	99557	117936	18370	20774	17198388102	4221673610	4,93185E+11"
"2019-03-05T04:00:00+01:00	2460733333	28757	2059776	1	80	2,3963E+11	411682	97826	18918	18427	17198673646	3303748403	4,93185E+11"
"2019-03-05T05:00:00+01:00	2807733333	40174	14561553	1	740	2,35748E+11	2061482	175155	50839	37787	17198603741	3810595089	4,93185E+11"
"2019-03-05T06:00:00+01:00	2331350000	121548	1111500	5	38	2,33165E+11	92876	112520	17177	19691	17198743552	3103348053	4,93185E+11"
"2019-03-05T07:00:00+01:00	2915583333	116684	836113	5	31	2,33165E+11	120627	144179	21960	24814	17199407650	3226398446	4,93185E+11"
"2019-03-05T08:00:00+01:00	3850350000	334848	1773243	12	40	2,34627E+11	709802	277828	33025	37032	17200700893	4099722444	4,93185E+11"
"2019-03-05T09:00:00+01:00	3589550000	112008	790357	5	31	2,34929E+11	154094	178210	27431	31156	17200438749	3472691473	4,93185E+11"
"2019-03-05T10:00:00+01:00	3333166666	269926	1208832	7	37	2,34828E+11	110882	161689	19943	22457	17200945561	3581481233	4,93185E+11"
"2019-03-05T11:00:00+01:00	3292383333	140885	987545	3	31	2,34828E+11	119022	138257	21246	23999	17200770798	3761906210	4,93185E+11"
"2019-03-05T12:00:00+01:00	3583633333	36420	950528	1	32	2,3481E+11	131310	200362	23748	26999	17200997990	3821919709	4,93185E+11"
"2019-03-05T13:00:00+01:00	3901400000	18551	967748	0	32	2,34722E+11	140509	173482	24515	27210	17201050419	3904949452	4,93185E+11"
"2019-03-05T14:00:00+01:00	4625200000	80196	842410	2	30	2,34722E+11	175496	216797	32645	35875	17201469849	3933680435	4,93185E+11"
"2019-03-05T15:00:00+01:00	3636716666	20531	748151	0	29	2,34643E+11	126941	159266	22155	24500	17201662088	3590044603	4,93185E+11"
"2019-03-05T16:00:00+01:00	3320133333	34508	898833	1	34	2,34617E+11	119552	227584	21946	25215	17200036795	3675888025	4,93185E+11"
"2019-03-05T17:00:00+01:00	2790016666	61900	829081	0	32	2,34617E+11	119739	223163	21541	24776	17201819374	3509828539	4,93223E+11"
"2019-03-05T18:00:00+01:00	4012383333	29815	999645	1	36	2,34569E+11	133461	159829	23613	26314	17199949414	3801961813	4,93185E+11"
"2019-03-05T19:00:00+01:00	2698583333	3447	1325192	0	44	2,34512E+11	85026	97894	15416	16679	17199390173	3561488384	4,93185E+11"
"2019-03-05T20:00:00+01:00	2142050000	6621	1032840	0	36	2,34512E+11	80145	97331	14513	16182	17201260134	3103208243	4,93185E+11"
"2019-03-05T21:00:00+01:00	2851483333	76953	1222570	4	41	2,34512E+11	97297	113425	17583	19735	17201050419	3807694028	4,93185E+11"
"2019-03-05T22:00:00+01:00	4703266666	456311	4570965	25	107	2,34512E+11	121821	146961	22261	25470	17200438749	4921508932	4,93185E+11"
"2019-03-05T23:00:00+01:00	2948133333	5512	1162018	0	40	2,34414E+11	113885	125730	19653	22502	17200840704	3532827306	4,93185E+11"
"2019-03-06T00:00:00+01:00	3904966666	21241088	17029495	255	255	2,13075E+11	91255	91460	14337	15832	17199879509	7936584362	4,93185E+11"
"2019-03-06T01:00:00+01:00	3559816666	1829427	2326920	108	45	2,34918E+11	85640	99925	15184	17021	17199844556	5419739818	4,93232E+11"
"2019-03-06T02:00:00+01:00	7131700000	3116049	4421734	145	113	2,34988E+11	117452	140151	21637	24478	17199792128	7578652945	4,93373E+11"
"2019-03-06T03:00:00+01:00	12407666666	735129	11075788	42	243	2,34937E+11	89548	107246	16514	15883	17199792128	6828466722	4,93373E+11"
"2019-03-06T04:00:00+01:00	12602066666	547379	11877137	29	255	2,34822E+11	1306299	166894	35721	33703	17199792128	7054679517	4,93373E+11"
"2019-03-06T05:00:00+01:00	12829083333	430592	10181171	21	233	2,3469E+11	86903	100539	15860	17738	17199792128	6527822506	4,93373E+11"
"2019-03-06T06:00:00+01:00	12360816666	425574	9335534	23	219	2,34556E+11	87227	107366	16002	17915	17199792128	6522107767	4,93373E+11"
"2019-03-06T07:00:00+01:00	12930800000	305749	9673984	14	213	2,3445E+11	50056	74632	9637	10741	17199792128	6324538572	4,93373E+11"
"2019-03-06T08:00:00+01:00	12324816666	389307	9240251	21	214	2,34372E+11	56081	66082	10558	11487	17199792128	6533642103	4,93373E+11"
"2019-03-06T09:00:00+01:00	12638416666	364526	10631526	19	241	2,34266E+11	71850	85384	13367	15049	17199792128	6602393736	4,93373E+11"
"2019-03-06T10:00:00+01:00	10162450000	731289	4993314	35	120	2,3418E+11	270404	373913	46113	53329	17199949414	6192872379	4,93373E+11"
"2019-03-06T11:00:00+01:00	6318133333	743680	3836535	33	103	2,33936E+11	135987	335411	24286	29277	17199792128	5886478472	4,93373E+11"
"2019-03-06T12:00:00+01:00	2659166666	160733	3426389	7	95	2,339E+11	59357	67123	11235	11549	17199862033	4285914589	4,93373E+11"
"2019-03-06T13:00:00+01:00	2779566666	86766	2282137	4	67	2,339E+11	63744	74478	12020	12856	17200298939	4016657749	4,93461E+11"
"2019-03-06T14:00:00+01:00	7050650000	639590	2423142	28	74	2,339E+11	238933	371473	42504	49829	17200263987	5013102045	4,93373E+11"
"2019-03-06T15:00:00+01:00	5243016666	106752	2532710	5	70	2,339E+11	146739	264942	26544	30785	17200596036	5013136998	4,93373E+11"
"2019-03-06T16:00:00+01:00	2233350000	42205	2311133	2	67	2,339E+11	46540	79479	9190	10054	17200665941	4414784580	4,93373E+11"
"2019-03-06T17:00:00+01:00	1576600000	12526	1505518	0	48	2,339E+11	48878	54323	9742	10450	17200753322	3764649984	4,93373E+11"
"2019-03-06T18:00:00+01:00	6033916666	83251	1747933	4	58	2,33817E+11	244411	286720	42661	48040	17200805751	4374728977	4,93373E+11"
"2019-03-06T19:00:00+01:00	3359950000	45960	2215918	2	71	2,33792E+11	133154	156842	23826	26432	17200840704	3833349188	4,93373E+11"
"2019-03-06T20:00:00+01:00	874300000	938	1361305	0	42	2,33792E+11	21640	22937	4882	5062	17200770798	3163448934	4,93373E+11"
"2019-03-06T21:00:00+01:00	772050000	18926	606054	1	23	2,33708E+11	29269	33536	6058	6525	17200823227	2356010461	4,93373E+11"
"2019-03-06T22:00:00+01:00	5035950000	87040	944878	5	36	2,33687E+11	212138	257177	38050	43536	17200840704	3819106030	4,93373E+11"
"2019-03-06T23:00:00+01:00	3464816666	39953	836147	2	31	2,33687E+11	137762	151517	22686	26332	17200840704	3492719274	4,93373E+11"
"2019-03-07T00:00:00+01:00	2614000000	20869461	17611758	251	239	2,09316E+11	33092	23517	4808	4870	17199914461	8045356646	4,93373E+11"
"2019-03-07T01:00:00+01:00	1781783333	369476	676983	26	17	2,33989E+11	19200	18756	4272	4270	17199809604	3040363588	4,93378E+11"
"2019-03-07T02:00:00+01:00	4874800000	523195	1081719	27	38	2,33893E+11	202052	245691	36086	41316	17199949414	4638008934	4,93389E+11"
"2019-03-07T03:00:00+01:00	3403716666	361625	2441796	21	48	2,33915E+11	132454	158583	24522	27798	17199844556	4764082722	4,93389E+11"
"2019-03-07T04:00:00+01:00	791533333	21265	3359795	0	41	2,33919E+11	534937	44117	11736	11513	17199058124	2894349380	4,93389E+11"
"2019-03-07T05:00:00+01:00	551933333	5734	359509	0	16	2,33941E+11	22050	22852	4825	5027	17196646400	2052570043	4,93389E+11"
"2019-03-07T06:00:00+01:00	4978000000	39662	827989	1	31	2,33941E+11	197717	237994	35672	40367	17198306645	3464093149	4,93389E+11"
"2019-03-07T07:00:00+01:00	3796250000	66235	820616	3	31	2,33941E+11	147848	177066	26350	29864	17199460078	3681602764	4,93389E+11"
"2019-03-07T08:00:00+01:00	2503283333	127078	726766	7	27	2,33885E+11	81390	95505	14878	16304	17200089224	3375366144	4,93389E+11"
"2019-03-07T09:00:00+01:00	2151516666	234222	1218918	5	39	2,33836E+11	70485	256187	13559	15521	17201330039	3532757401	4,93389E+11"
"2019-03-07T10:00:00+01:00	5669750000	497220	1302647	9	39	2,33832E+11	241442	747758	43814	54496	17200054272	4136964369	4,9357E+11"
"2019-03-07T11:00:00+01:00	4431733333	139144	1006455	4	34	2,33731E+11	164164	376541	29706	35867	17200648465	4059631889	4,93389E+11"
"2019-03-07T12:00:00+01:00	2347833333	48503	943308	2	34	2,33731E+11	81561	127914	15582	17695	17200840704	2983076386	4,93389E+11"
"2019-03-07T13:00:00+01:00	2050650000	48810	1149593	0	39	2,33731E+11	71116	160153	13665	15826	17200963037	3152019456	4,93389E+11"
"2019-03-07T14:00:00+01:00	5580066666	48520	1059925	2	40	2,33704E+11	220177	274585	39735	45058	17201032942	3544204356	4,93389E+11"
"2019-03-07T15:00:00+01:00	4750016666	81834	1412283	1	48	2,33626E+11	171298	256887	30943	35255	17201085371	3756086613	4,93389E+11"
"2019-03-07T16:00:00+01:00	2092283333	5546	1111859	0	37	2,33626E+11	76936	84258	14427	15380	17201155276	3209324134	4,93389E+11"
"2019-03-07T17:00:00+01:00	1633016666	5154	1082299	0	38	2,33626E+11	61934	74888	11395	12419	17200858180	3063274973	4,93389E+11"
"2019-03-07T18:00:00+01:00	4404466666	10700	888849	0	34	2,33571E+11	178534	226372	32067	36809	17200858180	3401091208	4,93389E+11"
"2019-03-07T19:00:00+01:00	3772866666	5427	931430	0	33	2,3352E+11	143581	177305	26320	29947	17200840704	3667342131	4,93389E+11"
"2019-03-07T20:00:00+01:00	1116116666	1655	746205	0	25	2,3352E+11	35003	44407	6974	7289	17200840704	2625162444	4,93389E+11"
"2019-03-07T21:00:00+01:00	1169800000	1126	895863	0	32	2,3352E+11	37239	41062	7062	7457	17200875656	2487764036	4,93389E+11"
"2019-03-07T22:00:00+01:00	4287883333	7543	799044	0	31	2,3352E+11	177766	211063	31738	36232	17200840704	3260791739	4,93389E+11"
"2019-03-07T23:00:00+01:00	3880316666	3362	890641	0	33	2,33415E+11	142438	165700	25216	28613	17201574707	3758935244	4,93389E+11"
"2019-03-08T00:00:00+01:00	3127800000	22470263	18821222	243	276	2,10914E+11	44868	41574	7603	7962	17200071748	7862117990	4,93389E+11"
"2019-03-08T01:00:00+01:00	2150416666	327287	792507	26	26	2,33731E+11	28672	30737	5816	6051	17199827080	3495515477	4,93412E+11"
"2019-03-08T02:00:00+01:00	4142700000	773273	1141248	34	34	2,33671E+11	166024	194986	29672	32853	17200001843	4511987575	4,93455E+11"
"2019-03-08T03:00:00+01:00	4226383333	981026	3185066	31	57	2,33684E+11	1012036	217600	39454	41643	17200753322	4786994107	4,93455E+11"
"2019-03-08T04:00:00+01:00	1104433333	28091	644471	1	24	2,33795E+11	34338	36317	6933	7189	17200124177	2544998809	4,93455E+11"
"2019-03-08T05:00:00+01:00	760800000	3293	573354	0	22	2,33795E+11	28535	30702	5984	6151	17194129817	2227122995	4,93455E+11"
"2019-03-08T06:00:00+01:00	3691733333	68590	820821	3	31	2,33795E+11	150681	181862	26653	30275	17199722222	3192022630	4,93455E+11"
"2019-03-08T07:00:00+01:00	4368866666	91852	770884	5	30	2,33795E+11	174438	207889	31228	34876	17200526131	3681672669	4,93455E+11"
"2019-03-08T08:00:00+01:00	2767483333	148070	1081753	8	36	2,33795E+11	90385	102246	16724	17885	17197555165	3378144870	4,93481E+11"
"2019-03-08T09:00:00+01:00	2386316666	71918	1148142	3	37	2,33718E+11	71202	84667	12768	14020	17199267840	2965792358	4,93463E+11"
"2019-03-08T10:00:00+01:00	4569483333	217736	1050999	5	37	2,3369E+11	162935	277026	29537	34264	17199529984	3567168170	4,93455E+11"
"2019-03-08T11:00:00+01:00	5132016666	190020	906734	7	32	2,33598E+11	184012	388266	34097	39580	17198621218	3948010973	4,93455E+11"
"2019-03-08T12:00:00+01:00	3060333333	114602	1341986	6	42	2,33584E+11	101085	121685	18822	20994	17197764881	3435327214	4,93455E+11"
"2019-03-08T13:00:00+01:00	1974916666	25292	1062229	0	34	2,33584E+11	78370	91443	14722	16174	17198586265	3040363588	4,93455E+11"
"2019-03-08T14:00:00+01:00	4529183333	38451	934058	1	32	2,335E+11	165905	195532	28434	31713	17198900838	3847767108	4,93455E+11"
"2019-03-08T15:00:00+01:00	5075300000	200721	1423001	11	43	2,33479E+11	181282	219699	32689	36931	17199337745	3990915208	4,93455E+11"
"2019-03-08T16:00:00+01:00	2604216666	236168	1954013	7	53	2,33479E+11	70246	86084	13471	14851	17200648465	3741878408	4,93455E+11"
"2019-03-08T17:00:00+01:00	1493966666	5614	1267285	0	36	2,3341E+11	42427	47342	7970	8621	17200561083	2985872588	4,93455E+11"
"2019-03-08T18:00:00+01:00	3707883333	18278	857361	0	31	2,33374E+11	140834	170632	25019	28377	17199495031	3615857049	4,93455E+11"
"2019-03-08T19:00:00+01:00	3912683333	21760	1224618	1	44	2,33374E+11	176981	211302	32255	36817	17200963037	3650285294	4,93455E+11"
"2019-03-08T20:00:00+01:00	1231383333	955	1081053	0	38	2,33374E+11	43912	48469	8624	9319	17201190229	2753927577	4,93455E+11"
"2019-03-08T21:00:00+01:00	886383333	2099	591445	0	22	2,33374E+11	28296	30737	5733	6028	17200840704	2244319641	4,93455E+11"
"2019-03-08T22:00:00+01:00	2969216666	12544	857719	0	33	2,33374E+11	132642	159300	23952	27393	17200438749	3192005154	4,93455E+11"
"2019-03-08T23:00:00+01:00	3765966666	10581	976964	0	36	2,33309E+11	148531	166536	25687	28264	17200543607	3658743808	4,93455E+11"
"2019-03-09T00:00:00+01:00	3479950000	26460876	19530496	294	255	2,02116E+11	60364	62941	10423	11293	17198481408	9067578436	4,93455E+11"
"2019-03-09T01:00:00+01:00	1763566666	304810	1174681	21	26	2,24008E+11	25412	26419	5093	5383	17197694976	2822661734	4,93623E+11"
"2019-03-09T02:00:00+01:00	2898216666	427554	815240	23	30	2,24013E+11	115729	136960	20198	23656	17197957120	3770452104	4,9367E+11"
"2019-03-09T03:00:00+01:00	4282700000	927351	2997845	39	61	2,23973E+11	143547	170427	25734	29988	17200019319	5121856853	4,93673E+11"
"2019-03-09T04:00:00+01:00	1503866666	70263	1329356	3	56	2,2395E+11	96307	62890	11031	12118	17200963037	2925806660	4,93762E+11"
"2019-03-09T05:00:00+01:00	575766666	1024	391270	0	16	2,23828E+11	21196	21930	4617	4625	17200963037	1897905083	4,9367E+11"
"2019-03-09T06:00:00+01:00	3033816666	44578	776840	2	30	2,23828E+11	114636	135680	20213	23581	17200840704	3017329868	4,9367E+11"
"2019-03-09T07:00:00+01:00	4089433333	105659	3270263	3	54	2,2367E+11	452420	188876	30972	35210	17200823227	4105472136	4,9367E+11"
"2019-03-09T08:00:00+01:00	1424233333	23466	1049804	1	35	2,23624E+11	50278	59460	10106	11130	17200823227	2977291741	4,9367E+11"
"2019-03-09T09:00:00+01:00	891183333	10649	648635	0	25	2,23624E+11	27921	31522	5658	5875	17200823227	2355905604	4,9367E+11"
"2019-03-09T10:00:00+01:00	2926366666	25668	736597	1	28	2,23624E+11	120832	145186	21674	25120	17200753322	2971507097	4,9367E+11"
"2019-03-09T11:00:00+01:00	3661516666	46370	943035	2	35	2,23573E+11	156108	184610	28293	31819	17200980514	3913635157	4,9367E+11"
"2019-03-09T12:00:00+01:00	1473150000	21299	1303364	0	41	2,23519E+11	50892	60398	9933	11099	17201347515	3034509038	4,9367E+11"
"2019-03-09T13:00:00+01:00	662000000	2696	585164	0	22	2,23519E+11	25821	27528	5488	5740	17201015466	2304490427	4,93736E+11"
"2019-03-09T14:00:00+01:00	2732750000	29354	746939	1	29	2,23519E+11	116172	141380	20296	23397	17201172753	3126259438	4,93755E+11"
"2019-03-09T15:00:00+01:00	4157533333	44612	887091	2	34	2,23519E+11	159385	193194	28992	33041	17201801898	3401091208	4,94374E+11"
"2019-03-09T16:00:00+01:00	1449333333	11793	1100373	0	37	2,23519E+11	53009	60518	10398	11382	17201924232	2791169501	4,94661E+11"
"2019-03-09T17:00:00+01:00	723100000	2628	565862	0	22	2,23519E+11	24132	24780	5100	5166	17201924232	2121234295	4,95043E+11"
"2019-03-09T18:00:00+01:00	3184566666	15803	815172	0	29	2,2342E+11	109892	133563	19743	22022	17200963037	3068954760	4,95265E+11"
"2019-03-09T19:00:00+01:00	4014066666	22715	788684	1	30	2,23414E+11	166092	199987	30358	32177	17201120324	3443943014	4,95458E+11"
"2019-03-09T20:00:00+01:00	1638650000	3362	817527	0	28	2,23414E+11	53094	60125	10275	11657	17201539754	2645120341	4,95486E+11"
"2019-03-09T21:00:00+01:00	794116666	1314	618427	0	23	2,23414E+11	28654	31266	5823	6203	17201731993	2135564834	4,9367E+11"
"2019-03-09T22:00:00+01:00	2741416666	137335	1132544	1	34	2,23414E+11	112537	135441	20594	23113	17201277610	3057490329	4,9367E+11"
"2019-03-09T23:00:00+01:00	3920133333	47735	1142340	2	39	2,23385E+11	187392	197802	29936	33837	17200229034	3492736750	4,9367E+11"
"2019-03-10T00:00:00+01:00	3257766666	21727761	16718080	239	242	2,00617E+11	82397	81220	12841	14459	17198970743	7905127082	4,9367E+11"
"2019-03-10T01:00:00+01:00	1875300000	288341	1209736	16	28	2,23599E+11	680874	56524	14186	14358	17199145506	3501300121	4,93902E+11"
"2019-03-10T02:00:00+01:00	2759616666	304145	856200	16	32	2,23773E+11	108765	127573	19655	22158	17199966890	3713252283	4,93914E+11"
"2019-03-10T03:00:00+01:00	4262800000	737501	1603481	32	39	2,23732E+11	183210	198297	30370	34633	17199040648	4466199756	4,93914E+11"
"2019-03-10T04:00:00+01:00	1500866666	63044	1699874	3	41	2,23723E+11	381457	67054	14547	13417	17200840704	2762508424	4,93914E+11"
"2019-03-10T05:00:00+01:00	672833333	1928	445030	0	17	2,23723E+11	23876	25241	5150	5339	17200089224	2112653448	4,93914E+11"
"2019-03-10T06:00:00+01:00	2666916666	30139	996420	1	36	2,23723E+11	102331	121838	18029	20254	17198131882	2971594478	4,93914E+11"
"2019-03-10T07:00:00+01:00	3791000000	22698	813021	0	31	2,23723E+11	171127	202666	30991	35308	17196978449	3383772228	4,93914E+11"
"2019-03-10T08:00:00+01:00	1543750000	6536	1166011	0	40	2,23723E+11	56388	63778	10835	12090	17198848409	2831295010	4,93914E+11"
"2019-03-10T09:00:00+01:00	809733333	2423	592486	0	23	2,23723E+11	33280	37905	6384	6624	17198795980	2293043473	4,93914E+11"
"2019-03-10T10:00:00+01:00	2527950000	8072	840038	0	29	2,23695E+11	117742	139707	20871	23335	17198743552	2914324753	4,93914E+11"
"2019-03-10T11:00:00+01:00	3976083333	11281	847564	0	31	2,23618E+11	154948	182135	27682	31460	17198900838	3601543987	4,93914E+11"
"2019-03-10T12:00:00+01:00	1744300000	18380	1096089	0	38	2,23618E+11	73233	87125	14123	15435	17198096930	2756846114	4,93914E+11"
"2019-03-10T13:00:00+01:00	760800000	2867	729651	0	27	2,23618E+11	27374	30105	5794	6123	17196698828	2427540821	4,93914E+11"
"2019-03-10T14:00:00+01:00	2496650000	3805	933188	0	32	2,23618E+11	98781	118425	17874	19818	17198953267	3048892006	4,93914E+11"
"2019-03-10T15:00:00+01:00	4121500000	13670	774434	0	31	2,23514E+11	158190	188740	28371	32322	17198900838	3509863492	4,93914E+11"
"2019-03-10T16:00:00+01:00	1682383333	2491	1027106	0	38	2,23512E+11	55995	65160	10875	12234	17195842491	2788338346	4,93914E+11"
"2019-03-10T17:00:00+01:00	801100000	1024	663637	0	25	2,23512E+11	27784	29798	5811	6181	17194549248	2410396603	4,93914E+11"
"2019-03-10T18:00:00+01:00	2689916666	162798	1012445	2	33	2,23512E+11	99123	114210	17149	19229	17196034730	3123288473	4,93914E+11"
"2019-03-10T19:00:00+01:00	3486950000	13056	915456	0	31	2,23512E+11	148377	171776	26473	29661	17196943496	3684573730	4,93914E+11"
"2019-03-10T20:00:00+01:00	1610000000	8106	1025041	0	34	2,23507E+11	57497	65928	11068	12260	17197293021	2839910809	4,93914E+11"
"2019-03-10T21:00:00+01:00	1123850000	1928	769706	0	29	2,23407E+11	39065	44168	7447	7854	17197170688	2401885661	4,93921E+11"
"2019-03-10T22:00:00+01:00	2492383333	3925	919125	0	32	2,23407E+11	96546	115217	17395	19476	17196768733	3011772416	4,93914E+11"
"2019-03-10T23:00:00+01:00	3716066666	8584	810086	0	32	2,23407E+11	156603	179541	27205	30955	17197397879	3446896503	4,93914E+11"
"2019-03-11T00:00:00+01:00	3548483333	21789303	16950237	233	210	2,01527E+11	97348	101563	16677	18128	17195615300	7538527436	4,93965E+11"
"2019-03-11T01:00:00+01:00	2087583333	298137	806894	18	25	2,23705E+11	31829	33433	6289	6702	17195562871	3492859084	4,94019E+11"
"2019-03-11T02:00:00+01:00	2335950000	333363	939264	16	32	2,23705E+11	97160	115029	17637	19853	17196489113	3675975406	4,94019E+11"
"2019-03-11T03:00:00+01:00	4542950000	878933	7607790	40	106	2,22527E+11	748817	215449	36440	39700	17198289169	5494171238	4,94019E+11"
"2019-03-11T04:00:00+01:00	5364700000	140117	3654468	7	173	2,21581E+11	422656	5387366	35554	82127	17197607594	3569999325	4,94019E+11"
"2019-03-11T05:00:00+01:00	965766666	39441	2147549	1	115	2,19586E+11	44868	38741	7170	7632	17195125964	2576525994	4,94019E+11"
"2019-03-11T06:00:00+01:00	3034650000	228522	954675	12	33	2,19596E+11	103406	123972	18279	20485	17198271692	3275087325	4,94019E+11"
"2019-03-11T07:00:00+01:00	4392283333	230314	735931	13	30	2,1954E+11	194372	235298	34794	40507	17200263987	3658743808	4,94019E+11"
"2019-03-11T08:00:00+01:00	3839466666	339182	944384	11	32	2,1948E+11	136584	179200	24665	27901	17200561083	3650093056	4,94019E+11"
"2019-03-11T09:00:00+01:00	3034300000	208454	1091425	8	33	2,19386E+11	100820	214457	17661	20585	17200001843	3773353164	4,94019E+11"
"2019-03-11T10:00:00+01:00	3563616666	80128	902587	3	33	2,19386E+11	113117	400452	19950	24692	17197048354	3567168170	4,94019E+11"
"2019-03-11T11:00:00+01:00	4908183333	93371	872806	2	31	2,19281E+11	185668	305561	32365	37712	17197590118	3555703739	4,94019E+11"
"2019-03-11T12:00:00+01:00	3740733333	17681	1123174	0	39	2,19281E+11	129194	414498	23771	29596	17199792128	3615839573	4,94019E+11"
"2019-03-11T13:00:00+01:00	2940650000	83899	1048951	1	32	2,19281E+11	97399	438340	17074	22376	17200840704	3524176554	4,94019E+11"
"2019-03-11T14:00:00+01:00	4395733333	39918	1317785	1	35	2,192E+11	147251	182630	24945	27756	17200840704	3607258726	4,94019E+11"
"2019-03-11T15:00:00+01:00	4758300000	17629	1213798	0	36	2,19176E+11	157286	198400	28135	31969	17201347515	3841947511	4,94019E+11"
"2019-03-11T16:00:00+01:00	4004050000	19490	1479748	0	39	2,19153E+11	130099	191436	23624	26955	17201312563	3532774877	4,94019E+11"
"2019-03-11T17:00:00+01:00	2463783333	12407	1263752	0	37	2,19071E+11	82124	96597	15110	16731	17201155276	3318026513	4,94019E+11"
"2019-03-11T18:00:00+01:00	3204533333	12919	836590	0	31	2,19071E+11	124023	154948	21708	24538	17201172753	3423967641	4,94019E+11"
"2019-03-11T19:00:00+01:00	3696516666	7731	733764	0	29	2,19071E+11	161689	186606	28698	32291	17201364992	3650180437	4,94041E+11"
"2019-03-11T20:00:00+01:00	2419100000	165597	1173504	2	34	2,19071E+11	81476	95709	15412	17290	17201225181	3183494212	4,94027E+11"
"2019-03-11T21:00:00+01:00	1634750000	16418	988569	0	34	2,18966E+11	60416	78438	11430	13166	17200840704	3120457318	4,94019E+11"
"2019-03-11T22:00:00+01:00	2727633333	10888	825344	0	29	2,18965E+11	86357	101614	15275	17146	17200928085	3071750963	4,94019E+11"
"2019-03-11T23:00:00+01:00	3622483333	4044	647560	0	27	2,18965E+11	142848	160614	24892	27945	17201102848	3507049813	4,94019E+11"
"2019-03-12T00:00:00+01:00	3865883333	20615321	16300629	238	219	1,96664E+11	98679	104055	16239	18296	17200019319	7570107050	4,94057E+11"
"2019-03-12T01:00:00+01:00	2702900000	389990	951876	21	32	2,19522E+11	51285	61235	10005	11487	17199984366	4368891904	4,94128E+11"
"2019-03-12T02:00:00+01:00	2702483333	328055	1774694	15	42	2,20974E+11	751240	141636	26010	27618	17200368844	4033854395	4,94128E+11"
"2019-03-12T03:00:00+01:00	3556084745	1031256	1877857	29	43	2,21037E+11	156795	172420	26079	29512	17200967256	4104921935	4,94128E+11"
"2019-03-12T04:00:00+01:00	2152316666	76492	765525	3	30	2,21042E+11	83950	100352	15763	18297	17200001843	3028794299	4,94128E+11"
"2019-03-12T05:00:00+01:00	1386100000	6963	995481	0	34	2,21042E+11	57873	65894	11234	12256	17199792128	2845625548	4,94128E+11"
"2019-03-12T06:00:00+01:00	2595016666	18995	948292	0	34	2,21018E+11	97058	119415	18148	19349	17200665941	3043194743	4,94128E+11"
"2019-03-12T07:00:00+01:00	3889750000	112349	757708	6	30	2,20937E+11	154163	183125	27418	31089	17200665941	3710298794	4,94128E+11"
"2019-03-12T08:00:00+01:00	3794950000	136721	832580	7	32	2,20937E+11	144230	304930	26298	30544	17200840704	3844935953	4,94128E+11"
"2019-03-12T09:00:00+01:00	2896166666	74547	812236	3	29	2,2092E+11	107656	288000	19691	23572	17201137800	3710368699	4,94128E+11"
"2019-03-12T10:00:00+01:00	3383866666	221132	1173009	5	37	2,20832E+11	133461	220962	23589	26951	17200910609	3607188821	4,94128E+11"
"2019-03-12T11:00:00+01:00	4417800000	94361	877056	3	29	2,20812E+11	182016	277811	33076	38387	17201102848	4019506380	4,94128E+11"
"2019-03-12T12:00:00+01:00	3740766666	22135	1172957	0	38	2,20724E+11	134058	159197	24527	27509	17201609659	3807781410	4,94128E+11"
"2019-03-12T13:00:00+01:00	2832883333	31505	897382	1	33	2,20724E+11	111940	168465	20800	23150	17201889280	3733297561	4,94128E+11"
"2019-03-12T14:00:00+01:00	4061766666	72192	862276	2	32	2,20684E+11	141516	337988	23383	27158	17201819374	3879259340	4,94128E+11"
"2019-03-12T15:00:00+01:00	4302183333	25617	904430	1	33	2,20619E+11	143052	175138	25362	28784	17201871803	3905054310	4,94128E+11"
"2019-03-12T16:00:00+01:00	3162500000	58999	928460	3	33	2,20619E+11	115848	221678	21138	24340	17201819374	3827704354	4,94128E+11"
"2019-03-12T17:00:00+01:00	2819450000	19114	843298	0	31	2,20536E+11	105796	132334	19737	22265	17201976661	3618775586	4,94128E+11"
"2019-03-12T18:00:00+01:00	3336250000	13568	899413	0	33	2,20514E+11	131840	221815	23192	26301	17201574707	3532792354	4,94168E+11"
"2019-03-12T19:00:00+01:00	2914300000	10717	1029649	0	37	2,20514E+11	113083	131874	20463	23397	17201399944	3610072405	4,94159E+11"
"2019-03-12T20:00:00+01:00	1630383333	3549	883473	0	33	2,20514E+11	56593	67686	10777	12240	17201609659	2828411426	4,94128E+11"
"2019-03-12T21:00:00+01:00	1540683333	37734	1055675	1	37	2,20514E+11	52394	62941	9896	11083	17201539754	2876995447	4,94128E+11"
"2019-03-12T22:00:00+01:00	1618300000	1962	1094621	0	37	2,20451E+11	57821	69102	10506	11770	17201609659	2779774976	4,94128E+11"
"2019-03-12T23:00:00+01:00	2278933333	3822	988689	0	36	2,20408E+11	93115	108765	16103	18600	17201434897	3209254229	4,94128E+11"
"2019-03-13T00:00:00+01:00	3085383333	22490214	16959419	285	257	1,99775E+11	52189	56883	9207	10301	17199966890	8013864413	4,94128E+11"
"2019-03-13T01:00:00+01:00	2521366666	620083	1249228	37	36	2,30532E+11	54647	64375	10520	11834	17199862033	3547087940	4,94179E+11"
"2019-03-13T02:00:00+01:00	1714483333	142506	1122696	7	38	2,30532E+11	58828	69751	10648	11653	17199757175	3429734809	4,94181E+11"
"2019-03-13T03:00:00+01:00	2535783333	622643	3720960	22	60	2,30522E+11	584072	130286	25055	26229	17200001843	4895783867	4,94181E+11"
"2019-03-13T04:00:00+01:00	1324933333	184132	1255116	5	41	2,30686E+11	48076	55364	9075	10104	17198481408	2834196070	4,94181E+11"
"2019-03-13T05:00:00+01:00	1314150000	12219	1062570	0	37	2,30686E+11	49561	57514	9374	10481	17197293021	2544876475	4,94181E+11"
"2019-03-13T06:00:00+01:00	4274900000	473446	1274743	25	44	2,30686E+11	152388	187272	27290	31229	17199844556	3724681762	4,94181E+11"
"2019-03-13T07:00:00+01:00	2982250000	73335	812731	3	32	2,30686E+11	118579	136379	21408	23571	17195073536	3423985117	4,94181E+11"
"2019-03-13T08:00:00+01:00	3257233333	235212	836676	10	32	2,30611E+11	116224	195003	21739	24808	17199075601	3478493593	4,94181E+11"
"2019-03-13T09:00:00+01:00	2826433333	100164	1169254	4	35	2,30581E+11	82517	164334	15564	17735	17200700893	3667342131	4,94181E+11"
"2019-03-13T10:00:00+01:00	4931100000	105437	1076343	5	32	2,30504E+11	184524	217651	32639	36805	17200893132	4139795524	4,94181E+11"
"2019-03-13T11:00:00+01:00	3715150000	64785	1158434	2	33	2,30476E+11	139417	206779	24255	27802	17201015466	3558622276	4,94181E+11"
"2019-03-13T12:00:00+01:00	3799683333	288750	1800021	4	39	2,30476E+11	113510	355106	21406	25765	17201172753	3567168170	4,94181E+11"
"2019-03-13T13:00:00+01:00	3425433333	36505	1452748	1	33	2,30402E+11	82329	96580	15046	16663	17199477555	3532897211	4,94211E+11"
"2019-03-13T14:00:00+01:00	5269866666	82210	1392162	4	37	2,3037E+11	177988	224546	31022	35172	17199477555	3773335688	4,94181E+11"
"2019-03-13T15:00:00+01:00	3909666666	26931	1169646	1	33	2,3037E+11	132505	154982	23537	26838	17199460078	3538524569	4,94181E+11"
"2019-03-13T16:00:00+01:00	3168166666	22408	1224379	0	35	2,30308E+11	103185	122180	19076	21523	17198656170	3484120951	4,94181E+11"
"2019-03-13T17:00:00+01:00	2622283333	18124	1373900	0	38	2,30265E+11	87603	103116	16632	18411	17198044501	3086203835	4,94181E+11"
"2019-03-13T18:00:00+01:00	4385283333	38212	1207108	2	38	2,30265E+11	182749	220654	33427	37447	17196768733	3610124834	4,94181E+11"
"2019-03-13T19:00:00+01:00	2953850000	18483	1319475	0	40	2,30221E+11	94139	114517	16852	19423	17198708599	3335258112	4,94181E+11"
"2019-03-13T20:00:00+01:00	1810666666	17766	1212416	0	39	2,3016E+11	48332	108134	9259	10997	17198743552	3117591210	4,94181E+11"
"2019-03-13T21:00:00+01:00	1280783333	105181	1325124	1	41	2,3016E+11	38024	165905	7679	9309	17197660023	2736661026	4,94181E+11"
"2019-03-13T22:00:00+01:00	1413783333	4232	1243340	0	37	2,3016E+11	43588	56098	7875	8931	17193797768	2868484505	4,94181E+11"
"2019-03-13T23:00:00+01:00	1547200000	1655	1456179	0	44	2,3016E+11	41608	48179	7470	8338	17198446455	2922958028	4,94181E+11"
"2019-03-14T00:00:00+01:00	3074966666	22580036	18124202	268	271	2,06203E+11	35464	44800	6882	7755	17197642547	7927951086	4,94205E+11"
"2019-03-14T01:00:00+01:00	2247500000	459008	984029	35	31	2,30528E+11	32563	38929	6223	6988	17197502737	3638820864	4,94328E+11"
"2019-03-14T02:00:00+01:00	1249166666	80947	956040	3	32	2,30528E+11	36437	44782	6710	7828	17196733781	2605082214	4,94328E+11"
"2019-03-14T03:00:00+01:00	1569683333	266120	2118468	17	47	2,305E+11	35976	47581	6842	7904	17198114406	3842017416	4,94328E+11"
"2019-03-14T04:00:00+01:00	1023783333	115200	2965060	5	51	2,30406E+11	402397	55961	11439	11828	17198743552	3177727044	4,94328E+11"
"2019-03-14T05:00:00+01:00	942800000	6843	951705	0	35	2,30422E+11	37700	45602	7343	8290	17193885149	2184271189	4,94328E+11"
"2019-03-14T06:00:00+01:00	4672933333	671675	1132202	37	42	2,30422E+11	190378	224938	33287	38546	17198254216	3850668168	4,94328E+11"
"2019-03-14T07:00:00+01:00	2161616666	130133	1052296	5	36	2,30422E+11	77636	115660	14656	16960	17199337745	3529961198	4,94328E+11"
"2019-03-14T08:00:00+01:00	2596816666	240708	959061	8	33	2,30422E+11	97809	291737	18298	21248	17200840704	3415456699	4,94328E+11"
"2019-03-14T09:00:00+01:00	2730266666	95607	1236445	4	36	2,30324E+11	85009	104874	15537	17135	17200875656	3214934016	4,94403E+11"
"2019-03-14T10:00:00+01:00	5631566666	465732	1526391	12	43	2,30316E+11	214067	441019	37096	44410	17200840704	3730361548	4,94343E+11"
"2019-03-14T11:00:00+01:00	3086716666	44014	891562	1	28	2,30261E+11	106188	131225	19900	22692	17200840704	3836355106	4,94328E+11"
"2019-03-14T12:00:00+01:00	3121833333	76014	889924	3	30	2,3021E+11	120422	143854	22350	24751	17200840704	3655930129	4,94328E+11"
"2019-03-14T13:00:00+01:00	2435233333	42547	1174835	2	38	2,3021E+11	89446	110353	16875	18891	17200840704	3083320251	4,94328E+11"
"2019-03-14T14:00:00+01:00	5609883333	62924	1102370	3	35	2,30186E+11	235929	289570	40693	46354	17199425126	3902170726	4,94328E+11"
"2019-03-14T15:00:00+01:00	3494833333	16793	1282560	0	38	2,30105E+11	96494	112537	17297	20020	17198726075	3472656520	4,94328E+11"
"2019-03-14T16:00:00+01:00	3148600000	20684	995669	1	33	2,30105E+11	93354	119705	17548	20144	17198830933	3383894562	4,94328E+11"
"2019-03-14T17:00:00+01:00	1842716666	19541	1265971	0	42	2,30105E+11	69222	81544	13151	14545	17199862033	2968728371	4,94328E+11"
"2019-03-14T18:00:00+01:00	4589333333	27613	840482	1	32	2,30005E+11	160307	195174	28373	32863	17200858180	3541443106	4,94328E+11"
"2019-03-14T19:00:00+01:00	2343833333	23449	1028642	1	37	2,3E+11	98577	118579	18700	21142	17201574707	2997302067	4,94328E+11"
"2019-03-14T20:00:00+01:00	1285533333	3362	1058440	0	36	2,3E+11	47462	55091	8862	9923	17199862033	2530580889	4,94328E+11"
"2019-03-14T21:00:00+01:00	1160733333	4693	727005	0	28	2,3E+11	44817	54715	8543	9697	17198761028	2350313198	4,94328E+11"
"2019-03-14T22:00:00+01:00	1203183333	1740	1118566	0	33	2,3E+11	36590	44782	6485	7417	17198376550	2427610726	4,94328E+11"
"2019-03-14T23:00:00+01:00	1451950000	50756	1065011	2	38	2,3E+11	51251	59682	9113	10225	17198656170	2553457322	4,94328E+11"
"2019-03-15T00:00:00+01:00	2904683333	22828646	19638835	269	299	2,05242E+11	45021	45346	7208	8119	17199844556	7893610222	4,94347E+11"
"2019-03-15T01:00:00+01:00	2237083333	372019	1433770	28	37	2,30303E+11	26470	33689	5155	6048	17199617365	3595829248	4,94348E+11"
"2019-03-15T02:00:00+01:00	1113500000	67430	812509	3	29	2,30303E+11	27767	32187	4906	5403	17198166835	2756776209	4,94348E+11"
"2019-03-15T03:00:00+01:00	1611750000	600729	3153203	20	57	2,3024E+11	91494	53845	8796	9571	17200054272	3770487057	4,95074E+11"
"2019-03-15T04:00:00+01:00	1100083333	42257	808516	2	30	2,30217E+11	26760	27852	4688	5049	17201330039	2859886182	4,95485E+11"
"2019-03-15T05:00:00+01:00	1082733333	52855	1836270	2	38	2,30225E+11	250129	39116	7934	8320	17201137800	3088912657	4,94974E+11"
"2019-03-15T06:00:00+01:00	5220416666	506265	885947	28	32	2,30361E+11	231185	277964	41044	47659	17200665941	3564302062	4,94348E+11"
"2019-03-15T07:00:00+01:00	2064050000	144708	1049480	5	36	2,30361E+11	84241	191368	16559	19513	17200823227	3192057582	4,94348E+11"
"2019-03-15T08:00:00+01:00	2451733333	85367	823159	4	29	2,30313E+11	81954	99396	15164	16876	17200840704	3675905501	4,94348E+11"
"2019-03-15T09:00:00+01:00	2363783333	51712	1124932	2	37	2,30256E+11	67328	93030	12434	13678	17201260134	3183389354	4,94348E+11"
"2019-03-15T10:00:00+01:00	5506400000	88712	902348	4	32	2,30217E+11	218504	656452	41010	50541	17200229034	3538437188	4,94348E+11"
"2019-03-15T11:00:00+01:00	2672583333	41335	1026918	1	35	2,3015E+11	91306	141619	17562	19978	17200263987	3475575057	4,94348E+11"
"2019-03-15T12:00:00+01:00	2751383333	366967	1272302	4	34	2,3015E+11	76441	92364	14483	15882	17200019319	3630257493	4,94348E+11"
"2019-03-15T13:00:00+01:00	2176750000	63675	1462545	2	42	2,3015E+11	76202	100846	14208	15962	17200386321	3418357760	4,94348E+11"
"2019-03-15T14:00:00+01:00	5951666666	40584	1207995	1	39	2,30085E+11	237209	435968	41860	49038	17200368844	3784817595	4,94348E+11"
"2019-03-15T15:00:00+01:00	2972450000	14830	1255901	0	40	2,30045E+11	103577	124996	18762	20595	17200019319	3535640985	4,94348E+11"
"2019-03-15T16:00:00+01:00	1854383333	17629	990344	0	36	2,30045E+11	63965	243370	12644	15706	17200403797	3114725102	4,94348E+11"
"2019-03-15T17:00:00+01:00	1539933333	4676	1032106	0	36	2,30045E+11	52155	75178	10136	11243	17200805751	2922923076	4,94348E+11"
"2019-03-15T18:00:00+01:00	4404816666	19165	906939	0	34	2,29958E+11	170820	210312	28134	30266	17200630988	3529908770	4,94348E+11"
"2019-03-15T19:00:00+01:00	2993550000	6229	806485	0	32	2,2994E+11	110813	141533	21063	24124	17199425126	3320962525	4,94348E+11"
"2019-03-15T20:00:00+01:00	1052000000	1979	869358	0	31	2,2994E+11	30993	36744	5973	6841	17198061977	2484932881	4,94348E+11"
"2019-03-15T21:00:00+01:00	1044600000	2150	775475	0	29	2,2994E+11	26641	31129	4835	5362	17195964825	2315884953	4,94348E+11"
"2019-03-15T22:00:00+01:00	948000000	1109	761105	0	28	2,2994E+11	19865	28023	3778	4204	17197100782	2470514961	4,94348E+11"
"2019-03-15T23:00:00+01:00	1612133333	28637	1066496	1	37	2,2994E+11	44919	54903	8136	9166	17198533836	2585001984	4,94348E+11"
"2019-03-16T00:00:00+01:00	3130833333	28951022	21171370	317	249	1,98673E+11	26385	28740	4514	5142	17197555165	9247933508	4,94348E+11"
"2019-03-16T01:00:00+01:00	2060733333	322679	797798	19	29	2,20691E+11	19916	22647	3724	4297	17196681352	3584382293	4,94348E+11"
"2019-03-16T02:00:00+01:00	938033333	61952	781960	3	28	2,20691E+11	16401	19131	3027	3286	17197240593	2888564736	4,94348E+11"
"2019-03-16T03:00:00+01:00	1698316666	503825	2336665	20	50	2,20679E+11	43298	53162	8015	9131	17199879509	3753325363	4,94348E+11"
"2019-03-16T04:00:00+01:00	1707816666	318156	3293644	21	128	2,20509E+11	486570	46301	10479	10885	17200858180	3544326690	4,94348E+11"
"2019-03-16T05:00:00+01:00	962300000	3720	3513224	0	189	2,18527E+11	20770	25224	4122	4468	17200403797	2705326080	4,94348E+11"
"2019-03-16T06:00:00+01:00	836200000	2542	680516	0	27	2,18443E+11	15906	18568	2906	3094	17200019319	2378956800	4,94348E+11"
"2019-03-16T07:00:00+01:00	1359583333	7526	969420	0	33	2,18443E+11	44014	53094	8259	9122	17200019319	2499193514	4,94348E+11"
"2019-03-16T08:00:00+01:00	807600000	26385	738440	1	27	2,18443E+11	27392	34372	5247	6194	17200001843	2335982660	4,94348E+11"
"2019-03-16T09:00:00+01:00	969216666	12526	758476	0	27	2,18443E+11	30890	37358	6111	6831	17198656170	2427540821	4,94348E+11"
"2019-03-16T10:00:00+01:00	973500000	12492	830890	0	29	2,18443E+11	24627	29320	4635	5186	17198149358	2244372070	4,94348E+11"
"2019-03-16T11:00:00+01:00	1451833333	13499	908083	0	31	2,18443E+11	48930	59835	8817	10017	17197240593	2633690862	4,94372E+11"
"2019-03-16T12:00:00+01:00	920683333	7168	706764	0	26	2,18443E+11	22732	25685	4244	4697	17197258069	2622226432	4,94348E+11"
"2019-03-16T13:00:00+01:00	912033333	5956	934468	0	33	2,18443E+11	27426	31675	5169	5868	17196751257	2433290513	4,94366E+11"
"2019-03-16T14:00:00+01:00	1056300000	2713	957405	0	35	2,18443E+11	22391	27494	4164	4664	17198586265	2318803490	4,94534E+11"
"2019-03-16T15:00:00+01:00	1563183333	44066	811776	1	28	2,18443E+11	49510	60108	8948	10197	17200368844	2719551761	4,94618E+11"
"2019-03-16T16:00:00+01:00	962300000	4659	873369	0	30	2,18443E+11	31317	38195	6094	7001	17198254216	2493461299	4,94882E+11"
"2019-03-16T17:00:00+01:00	1038566666	43400	761344	2	29	2,18443E+11	28125	34679	5489	6302	17200473702	2339006054	4,95004E+11"
"2019-03-16T18:00:00+01:00	1512116666	16298	897484	0	30	2,18443E+11	33843	43741	6268	6920	17200648465	2716738082	4,95189E+11"
"2019-03-16T19:00:00+01:00	1489616666	9932	840499	0	29	2,18443E+11	47342	59733	8839	10117	17200788275	2550661120	4,95222E+11"
"2019-03-16T20:00:00+01:00	1016466666	3293	742382	0	28	2,18443E+11	36693	43195	6856	7792	17197485260	2539126784	4,94596E+11"
"2019-03-16T21:00:00+01:00	981800000	3532	799146	0	29	2,18443E+11	30429	37358	5759	6526	17198254216	2481979392	4,94348E+11"
"2019-03-16T22:00:00+01:00	1085766666	3754	724428	0	26	2,1834E+11	24866	30327	4714	5277	17195615300	2367474892	4,94348E+11"
"2019-03-16T23:00:00+01:00	1667600000	51899	1083357	1	36	2,18338E+11	51916	57804	8438	9562	17193885149	2905674001	4,94348E+11"
"2019-03-17T00:00:00+01:00	2989600000	21672772	15507541	252	196	1,96008E+11	35976	37939	5758	6379	17200211558	7449887812	4,94348E+11"
"2019-03-17T01:00:00+01:00	2137866666	572433	1004526	33	30	2,18443E+11	30600	38417	5967	6722	17199372697	3234926865	4,94348E+11"
"2019-03-17T02:00:00+01:00	785933333	31880	598613	1	22	2,18443E+11	18090	21265	3465	3741	17199093077	2527819639	4,94358E+11"
"2019-03-17T03:00:00+01:00	1391183333	745318	1767560	18	40	2,18426E+11	81220	53811	8327	9121	17200194082	2920022016	4,94384E+11"
"2019-03-17T04:00:00+01:00	985250000	59153	1046357	2	31	2,18461E+11	632507	50824	14124	10804	17200508654	2244214784	4,94384E+11"
"2019-03-17T05:00:00+01:00	715300000	4812	637422	0	24	2,18598E+11	25139	28023	4638	5164	17199040648	2049686459	4,94384E+11"
"2019-03-17T06:00:00+01:00	821033333	155238	1376904	1	31	2,18758E+11	463581	47564	10297	10683	17201155276	2499123609	4,94384E+11"
"2019-03-17T07:00:00+01:00	1185866666	8618	934690	0	31	2,18823E+11	31726	36829	5550	6181	17199949414	2238552473	4,94384E+11"
"2019-03-17T08:00:00+01:00	957100000	8942	798361	0	30	2,18823E+11	39014	47240	7452	8251	17199582412	2567857766	4,94395E+11"
"2019-03-17T09:00:00+01:00	785916666	3857	709546	0	24	2,18823E+11	22391	26094	4334	4790	17198778504	2129832618	4,94387E+11"
"2019-03-17T10:00:00+01:00	853533333	60177	775884	1	28	2,18823E+11	23773	64221	4732	5516	17198883362	2384444347	4,94384E+11"
"2019-03-17T11:00:00+01:00	1182866666	24115	687650	1	25	2,18823E+11	38843	48145	7274	8405	17198726075	2659555737	4,94384E+11"
"2019-03-17T12:00:00+01:00	1220083333	58163	1043200	1	33	2,18823E+11	32443	37853	6027	6971	17197677499	2579304721	4,94384E+11"
"2019-03-17T13:00:00+01:00	720500000	2065	659848	0	24	2,18823E+11	23944	28006	4557	4977	17198743552	2144075776	4,94384E+11"
"2019-03-17T14:00:00+01:00	2600600000	195379	794299	12	29	2,18803E+11	71236	76629	10009	11076	17200596036	2928585386	4,94384E+11"
"2019-03-17T15:00:00+01:00	2468766666	121514	663620	6	26	2,18718E+11	78660	96085	14007	15966	17200840704	3235101627	4,94384E+11"
"2019-03-17T16:00:00+01:00	3089650000	321092	1156300	17	41	2,18718E+11	144093	179592	28361	32395	17200735846	3292318924	4,94384E+11"
"2019-03-17T17:00:00+01:00	934133333	716	749294	0	28	2,18718E+11	24251	26163	5044	5309	17199215411	2295822199	4,94384E+11"
"2019-03-17T18:00:00+01:00	2074833333	124774	1077742	1	34	2,18653E+11	61798	76817	10406	11632	17196716305	2842741964	4,94384E+11"
"2019-03-17T19:00:00+01:00	2155483333	11212	1200264	0	39	2,18613E+11	75741	88883	13457	15193	17197607594	3028811776	4,94384E+11"
"2019-03-17T20:00:00+01:00	3100533333	52616	889105	3	34	2,18613E+11	140714	166621	25551	29197	17197310498	3240851319	4,94384E+11"
"2019-03-17T21:00:00+01:00	1141233333	2201	676761	0	24	2,18613E+11	27682	33860	5408	5993	17198883362	2373242060	4,94384E+11"
"2019-03-17T22:00:00+01:00	1538066666	3106	978261	0	31	2,18613E+11	24388	29303	4319	4681	17194601676	2542010368	4,94384E+11"
"2019-03-17T23:00:00+01:00	1820566666	2611	1159816	0	35	2,18613E+11	45158	48162	7292	8008	17196733781	2745381683	4,94384E+11"
"2019-03-18T00:00:00+01:00	4974466666	22501580	15789568	253	193	1,96326E+11	140834	167355	25039	28580	17198865885	7822044910	4,94385E+11"
"2019-03-18T01:00:00+01:00	2574966666	635238	4309145	31	65	2,18061E+11	265403	47257	11036	11212	17198865885	4285932066	4,94385E+11"
"2019-03-18T02:00:00+01:00	1175433333	177510	774707	7	28	2,16977E+11	31744	38400	5562	6166	17197083306	2444754944	4,94402E+11"
"2019-03-18T03:00:00+01:00	1415866666	546304	3289002	14	53	2,16958E+11	30276	34474	5633	6103	17197590118	2857107456	4,94405E+11"
"2019-03-18T04:00:00+01:00	14394016666	84258	1349888	1	43	2,16956E+11	694340	2141286	18667	35188	17197572642	2086841002	4,94405E+11"
"2019-03-18T05:00:00+01:00	4219416666	390109	793975	21	30	2,16956E+11	160153	1348761	31453	45462	17200473702	3048996864	4,9446E+11"
"2019-03-18T06:00:00+01:00	3203700000	310801	1051238	17	35	2,16881E+11	117145	141533	20795	23379	17200438749	3255094476	4,94405E+11"
"2019-03-18T07:00:00+01:00	2124683333	84992	969113	4	33	2,16851E+11	66713	93149	11759	13326	17198446455	2851357764	4,94405E+11"
"2019-03-18T08:00:00+01:00	3064966666	221627	903082	13	33	2,16851E+11	97604	114585	16718	18268	17200823227	3618688204	4,94405E+11"
"2019-03-18T09:00:00+01:00	5332666666	254139	945408	10	36	2,16746E+11	241271	380398	43296	50303	17199232887	3842087321	4,94405E+11"
"2019-03-18T10:00:00+01:00	3853883333	79121	815189	3	31	2,1673E+11	153975	293888	27116	31254	17198621218	3529891293	4,94405E+11"
"2019-03-18T11:00:00+01:00	2359900000	22698	1111108	0	37	2,16641E+11	82858	91204	14605	15833	17198708599	3369546547	4,94405E+11"
"2019-03-18T12:00:00+01:00	2841133333	157559	1230387	3	38	2,16641E+11	88934	108458	16412	18283	17199180458	3335223159	4,94405E+11"
"2019-03-18T13:00:00+01:00	5087950000	101819	1596330	3	40	2,16641E+11	202786	251579	36205	41186	17199704746	3930884232	4,94405E+11"
"2019-03-18T14:00:00+01:00	3885416666	124381	887586	3	30	2,16558E+11	168567	295543	29648	34009	17199390173	3704619008	4,94405E+11"
"2019-03-18T15:00:00+01:00	2747933333	51780	1477717	2	40	2,16536E+11	78882	104721	14222	15808	17199040648	3472708949	4,94405E+11"
"2019-03-18T16:00:00+01:00	2855400000	26214	1556992	0	42	2,16536E+11	91101	123511	16750	18032	17199704746	3266523955	4,94405E+11"
"2019-03-18T17:00:00+01:00	4676416666	122385	1419724	4	39	2,16506E+11	186641	490359	34072	43669	17200596036	3890758724	4,94405E+11"
"2019-03-18T18:00:00+01:00	3684066666	23031	1113400	0	36	2,16431E+11	135168	669431	24065	33427	17201679564	3750406826	4,94405E+11"
"2019-03-18T19:00:00+01:00	1585783333	4488	932215	0	32	2,16431E+11	48810	54835	9131	10098	17201801898	2771124224	4,94405E+11"
"2019-03-18T20:00:00+01:00	1120416666	1228	921002	0	34	2,16431E+11	34525	68744	6730	7774	17201504802	2516337732	4,94405E+11"
"2019-03-18T21:00:00+01:00	3910633333	12612	1065642	0	40	2,16431E+11	156381	184064	26757	30758	17201487325	3309358284	4,94405E+11"
"2019-03-18T22:00:00+01:00	1611350000	3686	1126468	0	38	2,16431E+11	44868	59238	8002	8788	17201487325	2894314427	4,94405E+11"
"2019-03-18T23:00:00+01:00	1874750000	28245	1050197	1	35	2,16431E+11	50875	53384	8616	9539	17200910609	2602146201	4,94405E+11"
"2019-03-19T00:00:00+01:00	3033783333	20571494	16619656	227	235	1,93486E+11	38314	40328	6626	7192	17200036795	7406826291	4,94405E+11"
"2019-03-19T01:00:00+01:00	4523533333	774724	1391803	41	38	2,16969E+11	137864	161160	24793	28204	17199722222	4466322090	4,94543E+11"
"2019-03-19T02:00:00+01:00	1602616666	112930	1064311	5	29	2,16972E+11	39219	46165	7096	7667	17199634841	3289487769	4,9468E+11"
"2019-03-19T03:00:00+01:00	2228550000	439193	5501064	13	70	2,17348E+11	330171	58402	10852	11038	17199302792	4237243187	4,94696E+11"
"2019-03-19T04:00:00+01:00	1253033333	44270	1514666	1	47	2,18502E+11	349218	46318	10630	9283	17200194082	2785542144	4,94613E+11"
"2019-03-19T05:00:00+01:00	3471316666	9864	1202176	0	38	2,18368E+11	168055	196471	30171	33840	17200596036	3074669499	4,94613E+11"
"2019-03-19T06:00:00+01:00	3559316666	206779	1305190	11	41	2,18368E+11	123426	151859	21712	24587	17200910609	3372447607	4,94613E+11"
"2019-03-19T07:00:00+01:00	2436950000	74086	1162939	3	35	2,18368E+11	73301	85350	13434	14754	17200858180	3066106129	4,94613E+11"
"2019-03-19T08:00:00+01:00	2804700000	181435	1306299	7	39	2,18368E+11	92962	111086	16902	18940	17201277610	3527060138	4,94613E+11"
"2019-03-19T09:00:00+01:00	4747066666	110455	1289437	5	37	2,18274E+11	191402	227379	34498	38947	17201312563	3664510976	4,94613E+11"
"2019-03-19T10:00:00+01:00	4191716666	69888	1026867	3	32	2,18261E+11	162952	195993	29246	32946	17201766946	3753290410	4,94613E+11"
"2019-03-19T11:00:00+01:00	2401466666	73028	1322478	1	39	2,18238E+11	82312	183449	15338	17788	17201836851	3621536836	4,94613E+11"
"2019-03-19T12:00:00+01:00	3021350000	86630	1234397	1	36	2,18156E+11	89514	287846	17050	20380	17201522278	3736163669	4,94613E+11"
"2019-03-19T13:00:00+01:00	4728000000	38144	1361664	1	46	2,18156E+11	183057	221764	34092	38663	17201190229	3850685644	4,94613E+11"
"2019-03-19T14:00:00+01:00	4663366666	69580	856985	3	30	2,18096E+11	184797	350907	31674	37310	17200963037	3967968870	4,94613E+11"
"2019-03-19T15:00:00+01:00	2427900000	11212	1124625	0	36	2,17953E+11	86067	102229	15892	17442	17200875656	3584329864	4,94613E+11"
"2019-03-19T16:00:00+01:00	2678700000	11349	1090628	0	35	2,17946E+11	93474	192597	17838	20556	17201120324	3612973465	4,94613E+11"
"2019-03-19T17:00:00+01:00	3942666666	22664	795221	1	30	2,17946E+11	177954	209664	32318	36647	17201399944	3707485115	4,94613E+11"
"2019-03-19T18:00:00+01:00	3897566666	167731	1040691	2	34	2,17857E+11	154231	183995	27329	31185	17201592183	3727495441	4,94613E+11"
"2019-03-19T19:00:00+01:00	1474850000	13550	1223185	0	41	2,17841E+11	49732	141312	9177	10736	17200910609	3045921041	4,94613E+11"
"2019-03-19T20:00:00+01:00	1410683333	9062	945459	0	31	2,17841E+11	43502	50585	8204	9248	17200910609	2928550434	4,94613E+11"
"2019-03-19T21:00:00+01:00	1977266666	3447	899208	0	34	2,17841E+11	75724	94907	14323	16434	17200840704	3057455377	4,94613E+11"
"2019-03-19T22:00:00+01:00	1239616666	10581	1048866	0	35	2,17841E+11	32819	48861	5957	7004	17200858180	2945834461	4,94613E+11"
"2019-03-19T23:00:00+01:00	1086216666	29627	955357	1	33	2,17841E+11	27869	25190	4107	4388	17201120324	2438970299	4,94613E+11"
"2019-03-20T00:00:00+01:00	3035600000	21001915	17335671	266	248	1,97312E+11	23620	25719	4179	4562	17199984366	7741828846	4,96135E+11"
"2019-03-20T01:00:00+01:00	3126033333	691524	964061	48	34	2,27934E+11	69836	82619	12543	14151	17199844556	4134150690	4,9676E+11"
"2019-03-20T02:00:00+01:00	1062800000	80196	889924	4	31	2,27875E+11	37563	44270	6803	7563	17200473702	3174825984	4,948E+11"
"2019-03-20T03:00:00+01:00	1000783333	515106	2017450	20	36	2,27922E+11	685226	51746	13035	12577	17200648465	3426851225	4,948E+11"
"2019-03-20T04:00:00+01:00	989533333	29576	1043712	1	28	2,28049E+11	239769	27699	6952	5943	17200718370	2181422557	4,948E+11"
"2019-03-20T05:00:00+01:00	1683133333	74513	799948	1	29	2,28049E+11	67908	429175	13042	19927	17200788275	2882762615	4,948E+11"
"2019-03-20T06:00:00+01:00	4831533333	625237	1111074	34	40	2,28049E+11	197085	235042	34272	39317	17200805751	3787701179	4,948E+11"
"2019-03-20T07:00:00+01:00	1809383333	100061	1122150	5	38	2,28049E+11	60689	70809	11488	12665	17200683417	2845625548	4,948E+11"
"2019-03-20T08:00:00+01:00	2769716666	188296	674304	10	27	2,28019E+11	99771	117964	18240	20514	17200805751	3140607453	4,948E+11"
"2019-03-20T09:00:00+01:00	3750666666	202632	1219584	11	39	2,27944E+11	107895	130525	19947	22505	17200368844	3521432780	4,948E+11"
"2019-03-20T10:00:00+01:00	5762866666	164266	1347481	6	40	2,27934E+11	215808	249446	37318	42342	17199809604	3738942395	4,948E+11"
"2019-03-20T11:00:00+01:00	2521883333	28467	1578547	1	45	2,27839E+11	70041	79462	12637	13387	17198131882	3312294297	4,948E+11"
"2019-03-20T12:00:00+01:00	3454000000	77277	914295	2	31	2,27839E+11	89856	119500	16284	18325	17199285316	3306579558	4,948E+11"
"2019-03-20T13:00:00+01:00	3896316666	217907	1453448	12	42	2,27839E+11	119022	387976	22219	25676	17200788275	3266471526	4,948E+11"
"2019-03-20T14:00:00+01:00	6032533333	123118	1447355	7	41	2,27764E+11	221474	283835	39621	47077	17200665941	3816239923	4,948E+11"
"2019-03-20T15:00:00+01:00	2858033333	66167	1401668	1	42	2,27734E+11	86664	155818	16014	18375	17199827080	3077483178	4,948E+11"
"2019-03-20T16:00:00+01:00	2337466666	13994	1065147	0	34	2,27734E+11	80793	93747	15026	16687	17200141653	3086098978	4,948E+11"
"2019-03-20T17:00:00+01:00	2639750000	22220	992341	1	36	2,27651E+11	97177	229444	18828	21262	17201260134	3083250346	4,948E+11"
"2019-03-20T18:00:00+01:00	5079700000	32854	870833	1	32	2,27629E+11	188733	228069	32612	36237	17201277610	3418200473	4,948E+11"
"2019-03-20T19:00:00+01:00	1940050000	4539	876646	0	32	2,27629E+11	70707	80674	12819	13999	17201434897	2868519458	4,948E+11"
"2019-03-20T20:00:00+01:00	1233566666	2781	925900	0	32	2,27629E+11	31590	36386	6055	6669	17201050419	2544876475	4,948E+11"
"2019-03-20T21:00:00+01:00	1943516666	8567	839253	0	31	2,27578E+11	68608	81510	13041	14125	17200840704	2868571886	4,948E+11"
"2019-03-20T22:00:00+01:00	1969600000	17783	1234073	1	42	2,27524E+11	50107	61542	9255	10693	17200840704	3005987771	4,948E+11"
"2019-03-20T23:00:00+01:00	1357933333	25326	934587	1	32	2,27524E+11	37853	34133	5056	5469	17200858180	2378782037	4,948E+11"
"2019-03-21T00:00:00+01:00	2781283333	20334489	16992921	264	250	2,03857E+11	26163	26385	4334	4718	17199879509	8165645789	4,948E+11"
"2019-03-21T01:00:00+01:00	3133766666	488362	762641	31	26	2,27858E+11	55364	68403	10388	11793	17197694976	3741843456	4,94811E+11"
"2019-03-21T02:00:00+01:00	1689783333	131430	1008281	7	35	2,27858E+11	50414	59460	8879	10039	17197922167	3587126067	4,95011E+11"
"2019-03-21T03:00:00+01:00	1402900000	357734	2867882	12	51	2,27837E+11	39748	28996	4637	4853	17199931938	3498451490	4,95011E+11"
"2019-03-21T04:00:00+01:00	1078833333	41745	3288217	2	50	2,27779E+11	941892	51626	16481	12674	17200543607	2905674001	4,95011E+11"
"2019-03-21T05:00:00+01:00	1804450000	8482	795153	0	29	2,27804E+11	63914	77516	11916	13651	17200875656	2370306048	4,95011E+11"
"2019-03-21T06:00:00+01:00	5074133333	602982	1161198	34	42	2,27804E+11	228829	269448	39717	44914	17200980514	3716100915	4,95011E+11"
"2019-03-21T07:00:00+01:00	2138566666	88490	1047808	4	36	2,27804E+11	71065	84804	13505	15185	17200893132	3203452108	4,95011E+11"
"2019-03-21T08:00:00+01:00	2739266666	186589	902331	10	32	2,27804E+11	94805	108441	17414	18963	17196436684	3484120951	4,95011E+11"
"2019-03-21T09:00:00+01:00	3498616666	241117	821640	9	32	2,27704E+11	106137	329096	19548	23660	17197467784	3386638336	4,95011E+11"
"2019-03-21T10:00:00+01:00	6093666666	274363	941602	8	35	2,27699E+11	244582	527052	42479	50912	17198271692	3842087321	4,95011E+11"
"2019-03-21T11:00:00+01:00	2608116666	32136	978670	1	34	2,27699E+11	96153	200499	18051	20907	17198446455	3584364817	4,95011E+11"
"2019-03-21T12:00:00+01:00	2839316666	109841	1137015	2	37	2,27593E+11	85862	102502	16098	17691	17199232887	3157751671	4,95011E+11"
"2019-03-21T13:00:00+01:00	3016116666	29781	755490	1	29	2,27593E+11	105147	124706	19770	21946	17199355221	3263675323	4,95011E+11"
"2019-03-21T14:00:00+01:00	6093316666	162696	970478	2	36	2,27572E+11	226798	386764	38948	45491	17198795980	4008129331	4,95038E+11"
"2019-03-21T15:00:00+01:00	3133066666	15274	990327	0	34	2,27487E+11	100113	117998	18184	19688	17199355221	3406910805	4,95011E+11"
"2019-03-21T16:00:00+01:00	2218800000	249856	1291127	3	39	2,27391E+11	78626	90333	14627	16313	17199669794	3266541431	4,95011E+11"
"2019-03-21T17:00:00+01:00	2078783333	14967	1128789	0	36	2,27382E+11	82944	97314	15927	17488	17199827080	3747540718	4,95011E+11"
"2019-03-21T18:00:00+01:00	5194033333	51780	1065079	2	38	2,27375E+11	203588	242722	35595	39792	17199425126	3744709563	4,95011E+11"
"2019-03-21T19:00:00+01:00	2278816666	5120	762248	0	27	2,27275E+11	81254	94890	14897	16568	17199827080	3260809216	4,95011E+11"
"2019-03-21T20:00:00+01:00	1204083333	3106	826999	0	30	2,27275E+11	29405	33143	5616	6129	17199704746	2917173384	4,95011E+11"
"2019-03-21T21:00:00+01:00	1713983333	6553	764979	0	28	2,27275E+11	54033	66560	10216	11552	17198900838	2917155908	4,95011E+11"
"2019-03-21T22:00:00+01:00	2097016666	5188	1129028	0	35	2,27275E+11	56644	68386	10257	11405	17197467784	3275122278	4,95011E+11"
"2019-03-21T23:00:00+01:00	1615250000	25617	1094468	1	36	2,27275E+11	42137	36420	5713	6234	17196157064	2857089979	4,95011E+11"
"2019-03-22T00:00:00+01:00	3246983333	23046894	17914624	270	271	2,03449E+11	25309	29508	4609	4965	17197974596	8185691067	4,95011E+11"
"2019-03-22T01:00:00+01:00	2761300000	493772	1234858	37	31	2,27646E+11	45977	58197	9002	10245	17197729928	3750371874	4,95011E+11"
"2019-03-22T02:00:00+01:00	1922316666	137796	1069021	6	37	2,27646E+11	44066	52292	8093	9153	17197747404	3982369314	4,95011E+11"
"2019-03-22T03:00:00+01:00	1737316666	288989	3235549	19	58	2,27621E+11	41130	49339	7236	8061	17198149358	3647366758	4,95011E+11"
"2019-03-22T04:00:00+01:00	983100000	32460	678604	1	26	2,27615E+11	23739	28177	4712	5094	17199722222	2421756177	4,95038E+11"
"2019-03-22T05:00:00+01:00	1639866666	27357	1227707	0	31	2,27623E+11	500360	81595	15626	16743	17200613512	3031695360	4,95238E+11"
"2019-03-22T06:00:00+01:00	5706033333	617233	1160772	35	42	2,27825E+11	195601	226747	33955	38028	17199949414	3948028450	4,95011E+11"
"2019-03-22T07:00:00+01:00	2572200000	114636	900778	6	32	2,27825E+11	85350	101410	15962	17988	17200491178	3409637102	4,95011E+11"
"2019-03-22T08:00:00+01:00	2572000000	202786	757794	6	27	2,27792E+11	89002	286259	16305	20265	17200176605	3206388121	4,95011E+11"
"2019-03-22T09:00:00+01:00	2906516666	117452	928836	5	34	2,27721E+11	102877	144247	19074	21672	17200578560	3303748403	4,95011E+11"
"2019-03-22T10:00:00+01:00	5865000000	247808	1284556	7	38	2,27717E+11	209083	260898	36079	41185	17199512507	3856365431	4,95011E+11"
"2019-03-22T11:00:00+01:00	3039000000	186385	1056256	8	30	2,27615E+11	97211	203417	17780	20829	17198341597	3839203737	4,95011E+11"
"2019-03-22T12:00:00+01:00	2719433333	25361	1006438	1	36	2,27615E+11	95470	121036	17787	20309	17198761028	3200655906	4,95011E+11"
"2019-03-22T13:00:00+01:00	2493333333	35293	906410	1	34	2,27615E+11	93934	108987	17039	19070	17198743552	3183406830	4,95011E+11"
"2019-03-22T14:00:00+01:00	5683966666	181384	939844	7	36	2,2757E+11	232857	471552	42220	50347	17199023172	4005193318	4,95011E+11"
"2019-03-22T15:00:00+01:00	3119283333	10052	928324	0	33	2,2751E+11	87108	97604	15380	16759	17199355221	3257873203	4,95011E+11"
"2019-03-22T16:00:00+01:00	1785116666	19780	1027157	0	37	2,2751E+11	69939	80520	13115	14363	17200421273	2971681860	4,95011E+11"
"2019-03-22T17:00:00+01:00	2190966666	11878	1055624	0	37	2,2751E+11	76236	176418	14353	16837	17200858180	3023062084	4,95011E+11"
"2019-03-22T18:00:00+01:00	4619266666	47121	1090372	2	40	2,27409E+11	204748	242449	36145	40678	17199093077	3718914594	4,95011E+11"
"2019-03-22T19:00:00+01:00	2366783333	5256	1064601	0	38	2,27403E+11	76492	90248	14265	15370	17198883362	3126102152	4,95011E+11"
"2019-03-22T20:00:00+01:00	1087516666	1655	775253	0	29	2,27403E+11	29184	33655	5743	6306	17198761028	2593600307	4,95011E+11"
"2019-03-22T21:00:00+01:00	1608250000	2184	934758	0	34	2,27403E+11	49698	61184	9695	10822	17198673646	2656619724	4,95011E+11"
"2019-03-22T22:00:00+01:00	2743650000	8482	929058	0	34	2,27403E+11	118084	137079	20451	23098	17197205640	2965897216	4,95011E+11"
"2019-03-22T23:00:00+01:00	2311333333	34969	924364	1	34	2,27403E+11	74342	86101	13371	14494	17198691123	2851357764	4,95011E+11"
"2019-03-23T00:00:00+01:00	3054100000	28868642	19165320	312	234	1,94955E+11	35208	33211	5663	6111	17196803686	9170705885	4,95011E+11"
"2019-03-23T01:00:00+01:00	2386566666	641860	1123618	39	35	2,18029E+11	38229	46779	7671	8823	17195597824	4265799406	4,95011E+11"
"2019-03-23T02:00:00+01:00	2510650000	264430	960187	14	33	2,18029E+11	86749	101990	15060	16935	17194898773	3824925627	4,95128E+11"
"2019-03-23T03:00:00+01:00	2885683333	437606	2437137	21	54	2,18001E+11	79445	103577	14812	18165	17197170688	3996612471	4,95526E+11"
"2019-03-23T04:00:00+01:00	1042866666	34048	1400183	1	35	2,17992E+11	627046	43571	13256	9734	17196034730	2501989717	4,95226E+11"
"2019-03-23T05:00:00+01:00	1238733333	3891	808601	0	29	2,17992E+11	40618	47906	7898	8750	17190984089	2516337732	4,9514E+11"
"2019-03-23T06:00:00+01:00	2421366666	33348	1068782	1	36	2,17992E+11	82363	101546	14700	16897	17197747404	3091831193	4,9514E+11"
"2019-03-23T07:00:00+01:00	2468550000	194577	1153126	3	34	2,17979E+11	92876	109209	16460	19291	17199896985	2768397926	4,9514E+11"
"2019-03-23T08:00:00+01:00	1015966666	61337	1197926	2	32	2,17556E+11	503296	61559	13351	13849	17200858180	3023114513	4,9514E+11"
"2019-03-23T09:00:00+01:00	1339666666	22493	1086105	1	38	2,17604E+11	47564	58794	9502	10441	17200858180	2567840290	4,9514E+11"
"2019-03-23T10:00:00+01:00	2392383333	21452	1062894	0	35	2,17604E+11	84445	98440	14669	16584	17199931938	3255059524	4,9514E+11"
"2019-03-23T11:00:00+01:00	2391016666	6195	871475	0	30	2,17604E+11	79684	93900	14480	16548	17199722222	2914324753	4,9514E+11"
"2019-03-23T12:00:00+01:00	1023783333	29457	813704	0	30	2,17604E+11	31266	36249	6121	6691	17200159129	2456131993	4,9514E+11"
"2019-03-23T13:00:00+01:00	1185883333	14762	981794	0	36	2,17604E+11	46097	56251	9095	10479	17197747404	2476247176	4,95157E+11"
"2019-03-23T14:00:00+01:00	2621500000	15172	1107609	0	35	2,17604E+11	86784	102314	15192	17369	17199774651	3005847961	4,95413E+11"
"2019-03-23T15:00:00+01:00	2582900000	5990	1039104	0	35	2,17504E+11	76987	90163	13231	15011	17200770798	3045938517	4,95477E+11"
"2019-03-23T16:00:00+01:00	1160266666	1621	860928	0	29	2,17497E+11	26299	28910	5184	5571	17199931938	2416146295	4,96175E+11"
"2019-03-23T17:00:00+01:00	1222300000	2662	980565	0	33	2,17497E+11	41437	50329	8235	9187	17195195869	2321652121	4,9655E+11"
"2019-03-23T18:00:00+01:00	2290100000	12151	1243084	0	40	2,17497E+11	70212	83985	12362	13839	17196384256	3028881681	4,96651E+11"
"2019-03-23T19:00:00+01:00	2293550000	11793	982289	0	34	2,17497E+11	97245	114909	17613	20078	17196611447	2931521399	4,96752E+11"
"2019-03-23T20:00:00+01:00	1183650000	13038	723063	1	25	2,17497E+11	28194	32853	5746	6317	17196681352	2501989717	4,96659E+11"
"2019-03-23T21:00:00+01:00	1343133333	1877	875690	0	32	2,17497E+11	47052	58470	9344	10506	17196611447	2293025996	4,9514E+11"
"2019-03-23T22:00:00+01:00	2204816666	17629	1008878	0	35	2,17447E+11	88951	106598	16099	18183	17198079453	3040223778	4,9514E+11"
"2019-03-23T23:00:00+01:00	2521933333	56832	1029358	2	36	2,17392E+11	98713	119296	18032	20538	17200473702	3054641698	4,9514E+11"
"2019-03-24T00:00:00+01:00	5743316666	22186461	18126028	253	243	1,93484E+11	184320	198980	28785	31441	17199879509	8231513838	4,95145E+11"
"2019-03-24T01:00:00+01:00	2329416666	455509	1205009	30	36	2,17551E+11	35515	40345	6637	7179	17199460078	4437626060	4,95157E+11"
"2019-03-24T02:00:00+01:00	2092183333	152900	1123549	7	37	2,17551E+11	72891	85742	12753	14521	17199931938	3701822805	4,95157E+11"
"2019-03-24T03:00:00+01:00	2635716666	764108	1961420	18	42	2,17465E+11	134024	116121	17944	19891	17200596036	4068265164	4,95157E+11"
"2019-03-24T04:00:00+01:00	2023500000	154094	541474	8	22	2,17433E+11	68386	100539	12587	17009	17200683417	2467683805	4,95157E+11"
"2019-03-24T05:00:00+01:00	1426666666	2508	873233	0	32	2,17433E+11	33177	39424	6399	6979	17199704746	2565079040	4,95157E+11"
"2019-03-24T06:00:00+01:00	2026816666	9096	1100253	0	36	2,17433E+11	66696	83063	11764	13374	17199460078	2673746466	4,95157E+11"
"2019-03-24T07:00:00+01:00	2188316666	15940	1735867	0	42	2,17723E+11	709614	119022	22624	24209	17200229034	3340885469	4,95157E+11"
"2019-03-24T08:00:00+01:00	1739800000	11383	695210	0	24	2,17756E+11	55995	66730	10373	11495	17198795980	2593670212	4,95157E+11"
"2019-03-24T09:00:00+01:00	1486050000	12765	769996	0	29	2,17756E+11	37358	45243	7141	7747	17197834786	2613663061	4,95157E+11"
"2019-03-24T10:00:00+01:00	1981266666	9779	1058884	0	35	2,17756E+11	60910	71850	10864	12179	17197590118	2868484505	4,95157E+11"
"2019-03-24T11:00:00+01:00	2522283333	14404	937881	0	33	2,17756E+11	74359	87739	13419	15245	17196366779	3003034282	4,95157E+11"
"2019-03-24T12:00:00+01:00	1685716666	19660	686609	0	25	2,17756E+11	52121	61166	9042	10376	17194531771	2510553088	4,95157E+11"
"2019-03-24T13:00:00+01:00	1276366666	4590	838297	0	31	2,17756E+11	34577	40686	6701	7443	17197258069	2544963857	4,95157E+11"
"2019-03-24T14:00:00+01:00	1817166666	7168	983176	0	33	2,17753E+11	67532	81390	12167	13746	17199862033	2808383624	4,95157E+11"
"2019-03-24T15:00:00+01:00	2315733333	9062	1481096	0	46	2,17651E+11	84394	97689	15008	16845	17198201787	2911511074	4,95157E+11"
"2019-03-24T16:00:00+01:00	1243833333	11400	633907	0	22	2,17651E+11	57139	67874	10693	11879	17198079453	2556358382	4,95157E+11"
"2019-03-24T17:00:00+01:00	1540200000	7731	797457	0	30	2,17651E+11	41198	47872	8066	8901	17196733781	2510640469	4,95157E+11"
"2019-03-24T18:00:00+01:00	1918083333	6980	1196236	0	38	2,17651E+11	51899	62890	9356	10600	17192452096	2756776209	4,95157E+11"
"2019-03-24T19:00:00+01:00	2372400000	11366	1003639	0	33	2,17651E+11	94993	113698	17142	19498	17198656170	3094697301	4,95175E+11"
"2019-03-24T20:00:00+01:00	1409733333	3635	634624	0	24	2,17651E+11	52736	64580	10373	11603	17199337745	2676682478	4,95157E+11"
"2019-03-24T21:00:00+01:00	1821300000	10752	869068	0	31	2,17651E+11	48622	60091	9174	10334	17199162982	2748265267	4,95157E+11"
"2019-03-24T22:00:00+01:00	1722266666	35908	1359257	0	41	2,17651E+11	39458	46370	6893	7462	17198376550	3063117687	4,95157E+11"
"2019-03-24T23:00:00+01:00	2147666666	1979	1163127	0	39	2,17592E+11	74342	85145	13099	14391	17197555165	3080436667	4,95157E+11"
"2019-03-25T00:00:00+01:00	3304950000	21171797	14517947	240	173	1,95395E+11	52411	185002	8052	10332	17196733781	7223552682	4,95157E+11"
"2019-03-25T01:00:00+01:00	2879083333	402585	1049753	22	35	2,17877E+11	48537	58180	9380	10418	17196559018	4116954043	4,95157E+11"
"2019-03-25T02:00:00+01:00	1525583333	125610	1013930	5	35	2,17877E+11	51097	58333	8966	10078	17197450308	2828358997	4,95166E+11"
"2019-03-25T03:00:00+01:00	2093983333	259174	2351001	15	59	2,17849E+11	64665	77909	11899	13774	17199250363	3821954662	4,95167E+11"
"2019-03-25T04:00:00+01:00	3622833333	83694	1516202	4	54	2,17825E+11	573678	3029384	26004	51718	17199075601	3003034282	4,95167E+11"
"2019-03-25T05:00:00+01:00	2103316666	405606	3548142	17	62	2,16776E+11	272947	91136	13211	14479	17197974596	3842069845	4,95167E+11"
"2019-03-25T06:00:00+01:00	3948816666	279091	1011575	16	34	2,15829E+11	130764	156296	22998	26069	17198394026	3695933303	4,95167E+11"
"2019-03-25T07:00:00+01:00	3073250000	90760	762402	4	29	2,15794E+11	130355	154282	23429	26411	17198726075	3435467025	4,95167E+11"
"2019-03-25T08:00:00+01:00	3383783333	196113	922470	8	33	2,15724E+11	117384	141465	20823	23494	17200630988	3687439837	4,95167E+11"
"2019-03-25T09:00:00+01:00	3966033333	112674	846267	5	27	2,15633E+11	102092	197580	18283	20684	17199722222	3610107357	4,95167E+11"
"2019-03-25T10:00:00+01:00	4364100000	70826	883575	3	31	2,15619E+11	198929	299485	35573	43264	17198411502	3661697297	4,95167E+11"
"2019-03-25T11:00:00+01:00	3628583333	50602	723592	2	28	2,15549E+11	152012	206950	27108	30753	17199599889	3607258726	4,95167E+11"
"2019-03-25T12:00:00+01:00	3588283333	145629	1031901	3	33	2,15514E+11	147114	563592	26658	32752	17200823227	3721728273	4,95167E+11"
"2019-03-25T13:00:00+01:00	3305016666	112708	1047995	2	30	2,15514E+11	119722	176571	21694	24247	17200840704	3776201796	4,95167E+11"
"2019-03-25T14:00:00+01:00	4330666666	46370	930457	2	31	2,15442E+11	173841	245026	30701	36195	17200928085	3841964987	4,95167E+11"
"2019-03-25T15:00:00+01:00	3615133333	32989	853811	1	28	2,15395E+11	132164	175616	23783	26659	17201697041	3329508420	4,95167E+11"
"2019-03-25T16:00:00+01:00	3359616666	21435	969540	0	32	2,15302E+11	116087	311876	21411	26934	17201889280	3423932689	4,95167E+11"
"2019-03-25T17:00:00+01:00	2420933333	20531	1098820	0	38	2,15302E+11	95334	119773	18678	21220	17201889280	3275034897	4,95167E+11"
"2019-03-25T18:00:00+01:00	4325500000	39219	994304	2	36	2,15287E+11	160989	192989	28511	32431	17201627136	3635849898	4,95226E+11"
"2019-03-25T19:00:00+01:00	2307883333	7304	1047415	0	35	2,15197E+11	95829	115746	17755	20238	17201714517	3011737463	4,95167E+11"
"2019-03-25T20:00:00+01:00	1652033333	7150	963549	0	34	2,15197E+11	62754	75025	11686	12576	17201889280	2911406216	4,95167E+11"
"2019-03-25T21:00:00+01:00	1365583333	5512	1056733	0	38	2,15197E+11	43195	51865	8049	9033	17201906756	2776821486	4,95167E+11"
"2019-03-25T22:00:00+01:00	1525516666	4232	1075882	0	38	2,15115E+11	37905	46865	6980	7790	17201557230	2702390067	4,95167E+11"
"2019-03-25T23:00:00+01:00	1418100000	47428	1171865	2	39	2,1509E+11	40174	42564	6762	7536	17201382468	2513454148	4,95167E+11"
"2019-03-26T00:00:00+01:00	3097100000	19145113	16510464	220	254	1,92538E+11	43008	49237	7973	8583	17200298939	7206495846	4,95259E+11"
"2019-03-26T01:00:00+01:00	2264800000	348893	1030075	19	37	2,15754E+11	42700	50124	7973	8911	17195702681	3801874432	4,95292E+11"
"2019-03-26T02:00:00+01:00	1441450000	87893	981794	4	34	2,15699E+11	43349	50517	8018	8952	17196349303	3114707626	4,95292E+11"
"2019-03-26T03:00:00+01:00	1601250000	211660	3108369	12	61	2,15765E+11	61491	55773	8829	9730	17199966890	3449762611	4,95292E+11"
"2019-03-26T04:00:00+01:00	1246483333	34679	774707	1	27	2,15791E+11	43400	51916	8254	8822	17200840704	2920022016	4,95292E+11"
"2019-03-26T05:00:00+01:00	1053700000	6331	910472	0	33	2,15791E+11	41745	50585	8145	8549	17200858180	2782553702	4,95299E+11"
"2019-03-26T06:00:00+01:00	5764033333	726988	2755106	26	54	2,16447E+11	930133	255146	43013	45895	17200840704	4486384844	4,95298E+11"
"2019-03-26T07:00:00+01:00	2294083333	78233	1471402	4	41	2,17399E+11	89019	103082	16422	18007	17200997990	3369651404	4,95292E+11"
"2019-03-26T08:00:00+01:00	3001800000	141056	943377	7	32	2,17399E+11	96836	115029	17943	19980	17201225181	3549919095	4,95292E+11"
"2019-03-26T09:00:00+01:00	2750633333	183876	1050743	5	32	2,17399E+11	105881	211968	19081	22261	17201085371	3558552371	4,95292E+11"
"2019-03-26T10:00:00+01:00	5697916666	164471	1340091	5	42	2,17293E+11	203673	295099	36066	40903	17200963037	3799078229	4,95292E+11"
"2019-03-26T11:00:00+01:00	3050733333	59323	1106483	1	33	2,17291E+11	99754	249139	19002	22210	17200910609	3690305945	4,95292E+11"
"2019-03-26T12:00:00+01:00	3119650000	38144	1222826	1	37	2,17189E+11	100693	133154	18619	20778	17201434897	3501300121	4,95292E+11"
"2019-03-26T13:00:00+01:00	2844600000	37393	1138261	1	35	2,17185E+11	100334	127897	18850	20606	17201731993	3567150694	4,95292E+11"
"2019-03-26T14:00:00+01:00	6146083333	66730	1519104	2	37	2,17152E+11	255402	327867	44909	51646	17201854327	4031005764	4,95292E+11"
"2019-03-26T15:00:00+01:00	3689700000	28501	1114197	0	37	2,17079E+11	132829	164403	24351	27366	17201889280	3541390677	4,95292E+11"
"2019-03-26T16:00:00+01:00	2905583333	16640	858777	0	31	2,17079E+11	103014	208145	19303	22502	17201836851	3558639752	4,95292E+11"
"2019-03-26T17:00:00+01:00	2158150000	17356	914705	0	32	2,17012E+11	86340	289655	16433	20189	17201836851	3295254937	4,95292E+11"
"2019-03-26T18:00:00+01:00	4835816666	242210	919773	3	32	2,16973E+11	208896	460765	36848	43355	17201330039	3610037452	4,95292E+11"
"2019-03-26T19:00:00+01:00	2487283333	5717	1149986	0	39	2,16973E+11	83285	98747	15956	17411	17200805751	3160495445	4,95292E+11"
"2019-03-26T20:00:00+01:00	1612666666	5376	1138056	0	39	2,16973E+11	55210	65894	10555	11856	17201085371	2851305335	4,95292E+11"
"2019-03-26T21:00:00+01:00	1273433333	1006	1042756	0	37	2,16973E+11	37649	218385	7001	9784	17201679564	2816946995	4,95292E+11"
"2019-03-26T22:00:00+01:00	1526816666	1723	1002905	0	35	2,16973E+11	41523	52548	7777	8840	17201819374	2951479296	4,95292E+11"
"2019-03-26T23:00:00+01:00	2014250000	12424	1078357	0	37	2,16909E+11	58948	70400	10567	11919	17201067895	2931503923	4,95292E+11"
"2019-03-27T00:00:00+01:00	3363950000	21744605	18059059	245	260	1,96904E+11	50380	54323	8522	9547	17199966890	7790570154	4,95299E+11"
"2019-03-27T01:00:00+01:00	2375316666	346521	1016780	27	33	2,26943E+11	34645	39372	6415	7078	17200001843	3733332514	4,95378E+11"
"2019-03-27T02:00:00+01:00	1267750000	70263	842137	3	30	2,26936E+11	44441	48674	7919	8657	17200805751	2739666944	4,95378E+11"
"2019-03-27T03:00:00+01:00	2243333333	537907	3937075	18	57	2,26892E+11	753629	94156	19393	19887	17200858180	3893537450	4,95378E+11"
"2019-03-27T04:00:00+01:00	1957916666	48844	2230169	2	88	2,2696E+11	41437	47769	7582	8450	17201207705	3046025898	4,95378E+11"
"2019-03-27T05:00:00+01:00	1624766666	43844	14761130	2	776	2,21838E+11	1812258	87603	31550	20070	17200858180	3209219276	4,95378E+11"
"2019-03-27T06:00:00+01:00	5096600000	555485	878899	31	31	2,19788E+11	196164	230570	34500	38222	17200893132	3535623509	4,95378E+11"
"2019-03-27T07:00:00+01:00	2781083333	202820	818397	10	29	2,19718E+11	100147	115336	18483	20131	17201015466	3406840900	4,95378E+11"
"2019-03-27T08:00:00+01:00	2935116666	311296	807355	13	29	2,19683E+11	100266	201745	18410	20956	17200945561	3395428898	4,95378E+11"
"2019-03-27T09:00:00+01:00	2787050000	249651	970973	5	31	2,19651E+11	101120	213094	19211	23682	17201225181	3512764552	4,95378E+11"
"2019-03-27T10:00:00+01:00	5559683333	107229	1194478	4	35	2,19578E+11	262946	273271	40473	45461	17200945561	3905054310	4,95378E+11"
"2019-03-27T11:00:00+01:00	3417200000	44646	901529	2	30	2,19578E+11	112725	129570	20378	22566	17201207705	3655930129	4,95378E+11"
"2019-03-27T12:00:00+01:00	3011716666	17305	908526	0	33	2,19567E+11	107554	125610	19298	21213	17201889280	3392405504	4,95378E+11"
"2019-03-27T13:00:00+01:00	2334350000	72721	1093546	1	37	2,19473E+11	71253	134246	13308	14979	17201801898	3151932074	4,95378E+11"
"2019-03-27T14:00:00+01:00	5289333333	124535	1076531	4	34	2,19473E+11	227584	266717	39738	45610	17201644612	3715978581	4,95378E+11"
"2019-03-27T15:00:00+01:00	3272566666	39048	836078	1	29	2,1938E+11	110643	219699	20363	23556	17201889280	3607311155	4,95378E+11"
"2019-03-27T16:00:00+01:00	2697683333	18739	804044	0	30	2,19366E+11	114329	135082	21026	23013	17201784422	3435397120	4,95378E+11"
"2019-03-27T17:00:00+01:00	1981816666	9659	1027874	0	34	2,19366E+11	76697	87790	14373	16088	17200875656	3054676650	4,95423E+11"
"2019-03-27T18:00:00+01:00	4682466666	30156	976759	1	35	2,19334E+11	195140	299793	33701	38065	17201644612	3847819537	4,95378E+11"
"2019-03-27T19:00:00+01:00	2288416666	3720	965137	0	34	2,19261E+11	88046	101546	16297	18148	17198428979	3361070557	4,95378E+11"
"2019-03-27T20:00:00+01:00	1714900000	69888	1351372	0	39	2,19261E+11	46865	55210	8837	9918	17200229034	3037410099	4,95378E+11"
"2019-03-27T21:00:00+01:00	1209733333	1587	883507	0	33	2,19261E+11	33433	40738	6378	7130	17196995925	2610814429	4,95378E+11"
"2019-03-27T22:00:00+01:00	1382583333	1928	983466	0	34	2,19261E+11	46933	54254	8901	9700	17198865885	2917138432	4,95378E+11"
"2019-03-27T23:00:00+01:00	1491766666	32068	1090201	1	39	2,19261E+11	48947	58265	8989	9660	17200823227	2965844787	4,95378E+11"
"2019-03-28T00:00:00+01:00	3286816666	20680430	17822907	265	268	1,94904E+11	53930	55296	8702	9829	17199949414	7773303603	4,95378E+11"
"2019-03-28T01:00:00+01:00	2160416666	469384	1940411	30	39	2,19584E+11	37939	44834	7597	8161	17199827080	3759092531	4,95528E+11"
"2019-03-28T02:00:00+01:00	1244816666	228061	997785	11	35	2,19584E+11	47360	55381	8692	9874	17200246510	2553527227	4,95548E+11"
"2019-03-28T03:00:00+01:00	1654216666	333260	4491229	20	72	2,19526E+11	423901	60142	11783	12369	17200141653	3727530393	4,95548E+11"
"2019-03-28T04:00:00+01:00	1421950000	26077	1086310	1	38	2,19588E+11	30993	36198	5997	6493	17200718370	3077448226	4,95548E+11"
"2019-03-28T05:00:00+01:00	1055866666	10069	859357	0	30	2,19588E+11	35140	42018	6899	7621	17200718370	2241540915	4,95548E+11"
"2019-03-28T06:00:00+01:00	4905183333	614604	1171968	35	40	2,19588E+11	212514	253747	37392	42620	17200753322	3919402325	4,95548E+11"
"2019-03-28T07:00:00+01:00	2283700000	102246	1075012	5	37	2,19588E+11	81817	96375	15091	16760	17200840704	3237967735	4,95548E+11"
"2019-03-28T08:00:00+01:00	3380316666	159010	922931	8	34	2,19588E+11	111155	133137	20278	22511	17200840704	3527095091	4,95548E+11"
"2019-03-28T09:00:00+01:00	2711566666	164676	1100509	4	34	2,19484E+11	85486	191300	15580	18304	17201050419	3340902946	4,95548E+11"
"2019-03-28T10:00:00+01:00	5345666666	374613	1560251	8	47	2,19482E+11	233352	329335	41869	47823	17201032942	3859283968	4,95548E+11"
"2019-03-28T11:00:00+01:00	3531833333	133905	927095	5	27	2,19455E+11	99328	119313	18274	20240	17201522278	3813391291	4,95548E+11"
"2019-03-28T12:00:00+01:00	4247500000	57600	837444	1	29	2,19376E+11	130286	245674	23625	27248	17200945561	3446896503	4,95548E+11"
"2019-03-28T13:00:00+01:00	2993033333	34560	1075712	1	32	2,19376E+11	232806	334950	20839	24115	17201749469	3403974792	4,95548E+11"
"2019-03-28T14:00:00+01:00	5446650000	52923	1092881	3	35	2,19342E+11	216951	283067	39642	45250	17201801898	3928053077	4,95548E+11"
"2019-03-28T15:00:00+01:00	3489516666	94276	1108104	1	34	2,1927E+11	114773	382737	20978	26098	17201766946	3518461815	4,95548E+11"
"2019-03-28T16:00:00+01:00	2884383333	29184	705689	1	27	2,1927E+11	99259	118101	18629	20601	17201469849	3289382912	4,9558E+11"
"2019-03-28T17:00:00+01:00	2194850000	63419	1029922	3	35	2,1927E+11	77892	98850	15195	16687	17201731993	3186272938	4,95548E+11"
"2019-03-28T18:00:00+01:00	4276650000	13994	939929	0	34	2,19218E+11	215415	253098	37570	41443	17201067895	3547052987	4,95548E+11"
"2019-03-28T19:00:00+01:00	2600750000	11929	1186286	0	40	2,19165E+11	87569	102451	16388	18269	17201609659	3343786530	4,95548E+11"
"2019-03-28T20:00:00+01:00	1703683333	2474	1062621	0	36	2,19165E+11	42769	49288	7964	8731	17201295086	2779722547	4,95548E+11"
"2019-03-28T21:00:00+01:00	1460533333	1638	1070762	0	36	2,19165E+11	36164	43451	6966	7775	17201015466	2639458030	4,95548E+11"
"2019-03-28T22:00:00+01:00	1564600000	9762	1213781	0	40	2,19165E+11	44492	55074	8348	9423	17200997990	2854171443	4,95548E+11"
"2019-03-28T23:00:00+01:00	2274133333	40123	1221290	2	37	2,19165E+11	60876	73608	10635	11989	17200997990	3140467643	4,95548E+11"
"2019-03-29T00:00:00+01:00	3971316666	21695470	17428172	255	231	1,96241E+11	68966	65177	9796	10365	17200019319	8105492480	4,95572E+11"
"2019-03-29T01:00:00+01:00	3380400000	690141	1349546	40	38	2,19437E+11	81920	72686	9211	10209	17199792128	4265816883	4,95593E+11"
"2019-03-29T02:00:00+01:00	1403433333	210500	1345382	9	36	2,19375E+11	284808	49971	9673	10171	17200071748	3675992883	4,95593E+11"
"2019-03-29T03:00:00+01:00	1574883333	555281	2516087	16	49	2,19418E+11	32802	39150	6130	7089	17200788275	3146182382	4,95593E+11"
"2019-03-29T04:00:00+01:00	1422866666	33160	975906	1	34	2,19414E+11	36471	44151	6794	7796	17201801898	2499036228	4,95593E+11"
"2019-03-29T05:00:00+01:00	1629966666	9847	963174	0	34	2,19414E+11	48588	56490	8821	9952	17201679564	2602233582	4,95593E+11"
"2019-03-29T06:00:00+01:00	1615666666	32204	930918	1	32	2,19414E+11	47957	60689	8868	10015	17200840704	2633725815	4,95593E+11"
"2019-03-29T07:00:00+01:00	2040266666	67003	907110	3	33	2,19414E+11	58914	73181	10840	12459	17200910609	2688111957	4,95593E+11"
"2019-03-29T08:00:00+01:00	3823883333	240401	967697	13	34	2,19414E+11	129587	245009	23471	27753	17200805751	3653046545	4,95593E+11"
"2019-03-29T09:00:00+01:00	3802216666	163225	1327411	8	39	2,19339E+11	235895	135082	20411	22450	17200613512	3667394560	4,95593E+11"
"2019-03-29T10:00:00+01:00	3277183333	62225	1245132	2	34	2,19309E+11	85538	131157	15515	17579	17200700893	3418252902	4,95593E+11"
"2019-03-29T11:00:00+01:00	2582150000	116548	1305002	4	35	2,19309E+11	71065	135987	13409	15174	17200840704	3037445051	4,95593E+11"
"2019-03-29T12:00:00+01:00	4089466666	248439	1518318	3	39	2,19272E+11	120763	141038	21362	23139	17201155276	3409759436	4,95593E+11"
"2019-03-29T13:00:00+01:00	3460950000	35771	1237469	1	32	2,19204E+11	97382	115302	17156	19386	17200893132	3569999325	4,95593E+11"
"2019-03-29T14:00:00+01:00	4026666666	159419	1150685	8	34	2,19204E+11	148821	355481	27091	31481	17200893132	3355128627	4,95593E+11"
"2019-03-29T15:00:00+01:00	2440550000	19507	1099246	0	34	2,19118E+11	67157	78609	12126	13255	17200840704	3200638429	4,95627E+11"
"2019-03-29T16:00:00+01:00	3187183333	56524	1289267	2	35	2,19099E+11	146670	187801	20589	24096	17200840704	3378109917	4,95593E+11"
"2019-03-29T17:00:00+01:00	2601566666	4539	1493930	0	39	2,19099E+11	88576	107264	16482	18544	17201487325	3109062792	4,95593E+11"
"2019-03-29T18:00:00+01:00	3511200000	32153	1555592	1	42	2,19099E+11	109755	132352	19482	21752	17201085371	3386743193	4,95593E+11"
"2019-03-29T19:00:00+01:00	3040366666	184217	1316573	10	41	2,19024E+11	102656	123477	18506	21028	17201207705	3194906214	4,95593E+11"
"2019-03-29T20:00:00+01:00	2281100000	9506	1231667	0	39	2,18994E+11	76202	86835	13579	15247	17201592183	3180575675	4,95593E+11"
"2019-03-29T21:00:00+01:00	2001300000	18005	1165704	0	37	2,18994E+11	72704	84821	13330	15083	17201749469	2822679210	4,95593E+11"
"2019-03-29T22:00:00+01:00	3036516666	8004	1021542	0	33	2,18994E+11	108851	122760	19767	21395	17201662088	3180540723	4,95593E+11"
"2019-03-29T23:00:00+01:00	3016983333	41284	1194120	2	38	2,1891E+11	102894	121873	17897	20261	17201714517	3283580791	4,95593E+11"
"2019-03-30T00:00:00+01:00	4735800000	34485691	18901384	358	258	1,87513E+11	98167	107127	15676	16913	17199896985	9359676757	4,95649E+11"
"2019-03-30T01:00:00+01:00	3302033333	1240780	1133687	57	34	2,09573E+11	78984	513484	15253	20931	17200263987	4343131886	4,95753E+11"
"2019-03-30T02:00:00+01:00	3105766666	384921	939929	20	32	2,09573E+11	98833	118664	17304	19052	17200805751	4323051656	4,95823E+11"
"2019-03-30T03:00:00+01:00	3202400000	434739	2747118	24	47	2,095E+11	744891	153873	27030	29363	17200945561	4334585992	4,95873E+11"
"2019-03-30T04:00:00+01:00	2336883333	181367	1098205	9	37	2,09556E+11	90692	106990	16539	18463	17201277610	3381010978	4,95873E+11"
"2019-03-30T05:00:00+01:00	1843150000	11639	1098513	0	39	2,09556E+11	72686	82414	13595	14865	17201382468	2776821486	4,95873E+11"
"2019-03-30T06:00:00+01:00	3049433333	33706	905472	1	31	2,09556E+11	102553	123033	18409	20830	17201487325	3080384238	4,95873E+11"
"2019-03-30T07:00:00+01:00	2570866666	16452	800870	0	29	2,09556E+11	100283	123921	18715	21343	17201994137	2736713454	4,95873E+11"
"2019-03-30T08:00:00+01:00	2301416666	18909	1032516	1	37	2,09556E+11	83797	100078	15474	17244	17201941708	2854136490	4,95873E+11"
"2019-03-30T09:00:00+01:00	1810633333	11315	1195110	0	39	2,09556E+11	57139	67857	10735	11751	17201242658	2774007808	4,95873E+11"
"2019-03-30T10:00:00+01:00	2909516666	9301	766839	0	28	2,09511E+11	106086	126634	19581	22165	17201469849	3051810542	4,95873E+11"
"2019-03-30T11:00:00+01:00	2527933333	8942	803498	0	29	2,09451E+11	102400	123579	18999	21658	17200263987	2642236757	4,95873E+11"
"2019-03-30T12:00:00+01:00	2508933333	108851	1238647	1	37	2,09451E+11	81339	97877	14829	16794	17199862033	3106249113	4,95873E+11"
"2019-03-30T13:00:00+01:00	1915133333	21657	1132544	1	35	2,09451E+11	69870	85333	13611	15290	17199460078	3151914598	4,95891E+11"
"2019-03-30T14:00:00+01:00	2997466666	25548	951483	1	32	2,09451E+11	97809	116172	18000	20681	17200735846	3507067289	4,9604E+11"
"2019-03-30T15:00:00+01:00	2580816666	6434	892228	0	31	2,09432E+11	88780	108066	16010	17972	17201015466	2940049817	4,96867E+11"
"2019-03-30T16:00:00+01:00	1992566666	7458	1260561	0	42	2,09346E+11	83473	98577	15543	17091	17201382468	3025928192	4,97015E+11"
"2019-03-30T17:00:00+01:00	1689733333	7543	964130	0	33	2,09346E+11	68369	79786	12982	14586	17201836851	2862769766	4,97576E+11"
"2019-03-30T18:00:00+01:00	2901383333	30941	971229	1	34	2,09346E+11	88115	104209	15895	17907	17201609659	3040311159	4,97631E+11"
"2019-03-30T19:00:00+01:00	2571183333	7441	1020791	0	35	2,09346E+11	88866	107810	16574	18689	17201434897	3083285299	4,97887E+11"
"2019-03-30T20:00:00+01:00	1997800000	7970	1147016	0	37	2,09346E+11	82005	98116	15764	17419	17201854327	2877065352	4,97887E+11"
"2019-03-30T21:00:00+01:00	1798883333	14865	1047410	0	36	2,09346E+11	61457	71816	11488	12779	17201906756	2931451494	4,96879E+11"
"2019-03-30T22:00:00+01:00	2460033333	18500	1014732	0	34	2,09346E+11	94327	114312	17785	20131	17201871803	3045990946	4,95873E+11"
"2019-03-30T23:00:00+01:00	2961566666	12731	1069977	0	36	2,09245E+11	105028	121582	18154	20120	17201749469	3086116454	4,95873E+11"
"2019-03-31T00:00:00+01:00	4046250000	23096149	16022784	284	224	1,86121E+11	100608	111462	16253	18139	17200124177	8165785600	4,95877E+11"
"2019-03-31T01:00:00+01:00	2868316666	575488	1149969	32	34	2,09538E+11	75042	80930	13037	14532	17200124177	4503529062	4,95915E+11"
"2019-03-31T03:00:00+02:00	4536983333	926020	2143658	34	53	2,09493E+11	181094	197188	28891	32471	17200753322	4620934621	4,95915E+11"
"2019-03-31T04:00:00+02:00	1911566666	77380	1042329	3	36	2,09478E+11	81015	94907	14859	16449	17201242658	3197912132	4,95915E+11"
"2019-03-31T05:00:00+02:00	1720033333	9710	952610	0	32	2,09478E+11	74513	85333	13704	15695	17201067895	2928602862	4,95915E+11"
"2019-03-31T06:00:00+02:00	663233333	648	145868	0	7	2,09478E+11	17442	18722	3806	3667	17200893132	1685935445	4,95915E+11"
"2019-03-31T07:00:00+02:00	4185200000	81117	743321	4	27	2,09478E+11	178773	213981	31723	36233	17200788275	3896438510	4,95915E+11"
"2019-03-31T08:00:00+02:00	2063633333	39338	2469512	0	47	2,09449E+11	397568	105113	18693	19918	17200840704	3169058816	4,95915E+11"
"2019-03-31T09:00:00+02:00	1869933333	7492	1052245	0	35	2,09549E+11	77465	93098	14310	16071	17200840704	3352349900	4,95915E+11"
"2019-03-31T10:00:00+02:00	536766666	211626	643259	2	18	2,09549E+11	17868	61952	4178	4110	17200910609	2052430233	4,95915E+11"
"2019-03-31T11:00:00+02:00	3957333333	27306	931805	1	33	2,09549E+11	160750	190566	28324	32358	17200840704	3472691473	4,95915E+11"
"2019-03-31T12:00:00+02:00	2181883333	22579	936652	0	32	2,09549E+11	88149	105659	16060	17859	17200858180	3160582826	4,95915E+11"
"2019-03-31T13:00:00+02:00	1824483333	5802	1094212	0	38	2,09549E+11	75690	91136	14079	16105	17200997990	2925701802	4,95915E+11"
"2019-03-31T14:00:00+02:00	585283333	3157	301585	0	13	2,09549E+11	22203	22528	4744	4879	17201766946	2046785399	4,95918E+11"
"2019-03-31T15:00:00+02:00	4508466666	18432	982630	0	33	2,09456E+11	163925	200499	29499	33461	17200630988	3363744426	4,95915E+11"
"2019-03-31T16:00:00+02:00	2168466666	9386	1080490	0	37	2,09444E+11	85794	100676	15921	18101	17198638694	2934335078	4,95915E+11"
"2019-03-31T17:00:00+02:00	1729616666	4573	944861	0	32	2,09444E+11	77465	90948	14335	16001	17197992072	2908644966	4,95915E+11"
"2019-03-31T18:00:00+02:00	725650000	580	251613	0	11	2,09444E+11	24900	26572	5160	5326	17198079453	2350260770	4,95915E+11"
"2019-03-31T19:00:00+02:00	3639850000	26214	862361	1	30	2,09353E+11	159453	200669	28913	32841	17197747404	3117608686	4,95915E+11"
"2019-03-31T20:00:00+02:00	2352133333	35191	992358	0	34	2,09339E+11	82363	100659	15413	17896	17198324121	3074686976	4,95915E+11"
"2019-03-31T21:00:00+02:00	1960966666	12356	1057501	0	36	2,09339E+11	80093	92689	14613	16282	17198988219	3060356437	4,95915E+11"
"2019-03-31T22:00:00+02:00	832700000	4573	437094	0	18	2,09339E+11	31556	34662	6339	6799	17201364992	2401815756	4,95915E+11"
"2019-03-31T23:00:00+02:00	4686333333	40704	1150105	1	37	2,09281E+11	189371	733952	31335	40786	17200840704	3658726331	4,95915E+11"
"2019-04-01T00:00:00+02:00	4381500000	21881412	14595532	228	210	1,92779E+11	85009	105352	14389	16458	17199495031	7684663978	4,95991E+11"
