Time;CPU usage;Average number of bytes read from the disk Hard disk 1;Average number of bytes read from the disk Hard disk 2;Average number of bytes written to the disk Hard disk 1;Average number of bytes written to the disk Hard disk 2;Average number of reads from the disk Hard disk 1;Average number of reads from the disk Hard disk 2;Average number of writes to the disk Hard disk 1;Average number of writes to the disk Hard disk 2;Free disk space on /;Number of bytes received on interface Network adapter 1;Number of bytes transmitted on interface Network adapter 1;Number of packets received on interface Network adapter 1;Number of packets transmitted on interface Network adapter 1;Host memory usage;Guest memory usage;Committed storage space
2019-03-01T00:00:00+01:00;29333333;34;68;2321;375;0;0;0;0;11427807232;0;34;4;1;6257936520;126161169;17144048117
2019-03-01T01:00:00+01:00;36700000;0;0;682;51;0;0;0;0;11427807232;0;51;5;2;6258251093;96084514;17144048196
2019-03-01T02:00:00+01:00;33233333;0;0;563;102;0;0;0;0;11427807232;0;102;6;2;6258268569;96154419;17144048219
2019-03-01T03:00:00+01:00;34533333;375;0;3686;136;0;0;0;0;11427807232;0;51;5;2;6257062707;190631116;17144048219
2019-03-01T04:00:00+01:00;25000000;0;0;711;17;0;0;0;0;11427807232;0;34;4;1;6258688000;85406515;17144156990
2019-03-01T05:00:00+01:00;25000000;0;0;938;119;0;0;0;0;11427807232;0;85;6;2;6259002572;70376925;17144096019
2019-03-01T06:00:00+01:00;33666666;0;0;2286;68;0;0;0;0;11427807232;0;85;5;2;6258635571;129359325;17144096019
2019-03-01T07:00:00+01:00;29333333;0;0;853;136;0;0;0;0;11427807232;51;85;11;8;6257656900;115465693;17144096114
2019-03-01T08:00:00+01:00;29766666;0;0;819;204;0;0;0;0;11427807232;187;238;21;20;6258950144;113246208;17144096121
2019-03-01T09:00:00+01:00;33666666;0;102;750;426;0;0;0;0;11427807232;1280;1518;98;99;6258653047;204524748;17144096121
2019-03-01T10:00:00+01:00;40600000;0;0;1024;53;0;0;0;0;11427807232;2277;3513;186;186;6258006425;285107814;17144096121
2019-03-01T11:00:00+01:00;28033333;0;0;836;17;0;0;0;0;11427807232;512;1467;48;43;6258146235;90719300;17144096121
2019-03-01T12:00:00+01:00;32366666;102;0;836;119;0;0;0;0;11427807232;563;2730;56;52;6258565666;211025920;17144096146
2019-03-01T13:00:00+01:00;26733333;0;0;989;68;0;0;0;0;11427807232;682;1536;60;67;6258111283;157251447;17144096223
2019-03-01T14:00:00+01:00;25000000;204;0;9301;136;0;0;0;0;11427807232;0;68;7;4;6258373427;102620637;17144096223
2019-03-01T15:00:00+01:00;25000000;0;0;1416;102;0;0;0;0;11427807232;0;68;8;4;6258670523;104717789;17144096223
2019-03-01T16:00:00+01:00;25000000;0;0;802;136;0;0;0;0;11427807232;0;51;7;3;6258932667;74641134;17144096223
2019-03-01T17:00:00+01:00;27166666;0;0;1041;136;0;0;0;0;11427807232;614;836;56;53;6258950144;100383675;17144096223
2019-03-01T18:00:00+01:00;34100000;68;0;1006;17;0;0;0;0;11427807232;102;153;9;6;6259439479;137957649;17144096231
2019-03-01T19:00:00+01:00;25000000;0;0;870;153;0;0;0;0;11427807232;0;68;4;2;6260994867;78922820;17144096325
2019-03-01T20:00:00+01:00;25000000;0;0;785;102;0;0;0;0;11427807232;0;85;4;2;6261047296;74623658;17144096325
2019-03-01T21:00:00+01:00;29333333;0;0;802;136;0;0;0;0;11427807232;0;68;3;1;6260697770;118593945;17144096325
2019-03-01T22:00:00+01:00;25000000;0;0;529;170;0;0;0;0;11427807232;0;34;3;2;6260313292;70376925;17144095437
2019-03-01T23:00:00+01:00;25000000;0;0;972;204;0;0;0;0;11427807232;0;85;4;2;6260645341;82190882;17144095301
2019-03-02T00:00:00+01:00;33666666;0;0;819;68;0;0;0;0;11427807232;0;102;4;2;6260697770;127227221;17144095321
2019-03-02T01:00:00+01:00;33233333;0;0;665;17;0;0;0;0;11427807232;0;34;3;2;6260697770;117580322;17144095403
2019-03-02T02:00:00+01:00;25000000;0;0;3379;102;0;0;0;0;11427807232;0;85;4;3;6260610389;95018461;17144095403
2019-03-02T03:00:00+01:00;32366666;260;69;3072;451;0;0;0;0;11427807232;51;238;10;8;6259509384;205625753;17144385882
2019-03-02T04:00:00+01:00;25000000;0;0;648;51;0;0;0;0;11427807232;0;34;3;2;6260278340;80023825;17144142361
2019-03-02T05:00:00+01:00;25000000;0;0;648;102;0;0;0;0;11427807232;0;85;4;3;6261047296;70359449;17144143364
2019-03-02T06:00:00+01:00;32800000;0;0;750;307;0;0;0;0;11427807232;0;153;4;3;6260767675;113298636;17144143364
2019-03-02T07:00:00+01:00;25000000;0;0;648;119;0;0;0;0;11427807232;0;17;3;2;6261047296;81089877;17144143457
2019-03-02T08:00:00+01:00;25000000;0;0;733;17;0;0;0;0;11427807232;0;85;3;2;6260313292;73575082;17144143466
2019-03-02T09:00:00+01:00;32800000;0;0;768;136;0;0;0;0;11427807232;0;85;4;3;6260540484;158369928;17144143466
2019-03-02T10:00:00+01:00;25000000;0;0;665;170;0;0;0;0;11427807232;0;119;4;3;6260907485;69293397;17144143466
2019-03-02T11:00:00+01:00;25000000;0;0;836;153;0;0;0;0;11427807232;0;102;4;3;6260138530;67161292;17144143466
2019-03-02T12:00:00+01:00;35400000;0;0;1109;307;0;0;0;0;11427807232;34;68;4;3;6259684147;137975125;17144143498
2019-03-02T13:00:00+01:00;25000000;0;0;802;119;0;0;0;0;11427807232;0;85;3;2;6260785152;74641134;17144143568
2019-03-02T14:00:00+01:00;32366666;0;0;836;119;0;0;0;0;11427807232;0;68;3;2;6260802628;110100480;17144143568
2019-03-02T15:00:00+01:00;25000000;0;85;836;494;0;0;0;0;11427807232;17;102;4;3;6260855057;113298636;17144143568
2019-03-02T16:00:00+01:00;25000000;0;0;614;85;0;0;0;0;11427807232;0;51;3;2;6261047296;83239458;17144143568
2019-03-02T17:00:00+01:00;25000000;0;0;682;51;0;0;0;0;11427807232;0;68;3;2;6261047296;77821815;17144143568
2019-03-02T18:00:00+01:00;28900000;0;0;1041;170;0;0;0;0;11427807232;0;51;3;2;6260785152;144441344;17144143568
2019-03-02T19:00:00+01:00;25000000;0;0;477;136;0;0;0;0;11427807232;0;51;3;2;6260959914;75742139;17144143668
2019-03-02T20:00:00+01:00;25000000;0;0;648;51;0;0;0;0;11427807232;0;51;3;2;6261047296;72526506;17144142816
2019-03-02T21:00:00+01:00;25000000;0;34;785;460;0;0;0;0;11427807232;17;85;4;3;6260575436;134724539;17144142646
2019-03-02T22:00:00+01:00;25000000;0;0;750;102;0;0;0;0;11427807232;0;17;2;2;6260924962;71460454;17144142646
2019-03-02T23:00:00+01:00;38000000;0;0;750;443;0;0;0;0;11427807232;921;51;512;22;6261047296;71425501;17144142646
2019-03-03T00:00:00+01:00;33666666;0;0;1945;85;0;0;0;0;11427807232;392;34;204;9;6260662818;129376802;17144142646
2019-03-03T01:00:00+01:00;34100000;2201;0;972;853;0;0;0;0;11427807232;102;221;22;20;6260697770;127244697;17144142646
2019-03-03T02:00:00+01:00;39733333;238;0;4881;102;0;0;0;0;11427807232;0;68;3;2;6260575436;121879483;17144142700
2019-03-03T03:00:00+01:00;25433333;0;0;2065;52;0;0;0;0;11427807232;102;136;8;7;6260313292;224989457;17144433100
2019-03-03T04:00:00+01:00;25000000;34;0;870;85;0;0;0;0;11427807232;0;68;3;2;6260942438;81107353;17144190106
2019-03-03T05:00:00+01:00;25000000;0;0;699;0;0;0;0;0;11427807232;0;34;3;2;6261047296;78922820;17144190562
2019-03-03T06:00:00+01:00;33666666;0;0;1826;17;0;0;0;0;11427807232;0;51;3;2;6260750199;124011588;17144190562
2019-03-03T07:00:00+01:00;25000000;0;0;785;34;0;0;0;0;11427807232;0;68;3;2;6260924962;71425501;17144190562
2019-03-03T08:00:00+01:00;25000000;0;0;836;85;0;0;0;0;11427807232;0;51;3;2;6261047296;74676087;17144190653
2019-03-03T09:00:00+01:00;33666666;0;0;1928;85;0;0;0;0;11427807232;0;51;3;2;6260802628;114434594;17144190664
2019-03-03T10:00:00+01:00;25000000;0;0;750;85;0;0;0;0;11427807232;0;34;3;2;6260173482;66095240;17144190664
2019-03-03T11:00:00+01:00;25000000;0;0;716;68;0;0;0;0;11427807232;0;51;3;2;6259928814;71425501;17144190664
2019-03-03T12:00:00+01:00;36266666;0;0;802;153;0;0;0;0;11427807232;0;119;5;3;6260173482;131543859;17144190664
2019-03-03T13:00:00+01:00;25000000;0;0;563;119;0;0;0;0;11427807232;0;51;3;2;6260942438;78905344;17144190664
2019-03-03T14:00:00+01:00;33233333;0;0;716;119;0;0;0;0;11427807232;0;68;3;2;6260610389;102568209;17144190737
2019-03-03T15:00:00+01:00;33666666;0;0;768;102;0;0;0;0;11427807232;0;119;5;3;6260872533;140142182;17144190766
2019-03-03T16:00:00+01:00;25000000;0;0;768;102;0;0;0;0;11427807232;0;51;3;2;6261029819;78992725;17144190766
2019-03-03T17:00:00+01:00;25000000;0;0;716;51;0;0;0;0;11427807232;0;34;3;1;6261047296;85336610;17144190766
2019-03-03T18:00:00+01:00;29333333;17;0;2201;102;0;0;0;0;11427807232;0;68;3;2;6260750199;116496793;17144189946
2019-03-03T19:00:00+01:00;25000000;34;0;853;170;0;0;0;0;11427807232;0;51;3;2;6261047296;82208358;17144189742
2019-03-03T20:00:00+01:00;29766666;0;0;853;119;0;0;0;0;11427807232;153;307;19;18;6261047296;108947046;17144189803
2019-03-03T21:00:00+01:00;33666666;0;0;921;68;0;0;0;0;11427807232;0;102;6;5;6260855057;126213597;17144189844
2019-03-03T22:00:00+01:00;25000000;0;0;853;119;0;0;0;0;11427807232;0;68;3;2;6261047296;83221981;17144189844
2019-03-03T23:00:00+01:00;25000000;0;0;887;68;0;0;0;0;11427807232;0;68;3;1;6261047296;76790715;17144189844
2019-03-04T00:00:00+01:00;25000000;0;17;1996;358;0;0;0;0;11427807232;17;102;4;3;6260767675;137940172;17144189844
2019-03-04T01:00:00+01:00;40600000;0;0;989;68;0;0;0;0;11427807232;0;102;4;2;6260890009;91802828;17144189844
2019-03-04T02:00:00+01:00;32800000;580;0;2406;170;0;0;0;0;11427807232;0;34;4;3;6260470579;114382165;17144189944
2019-03-04T03:00:00+01:00;48400000;1076;156;6543;520;0;0;0;0;11427807232;17;136;6;3;6260488055;216426086;17144334404
2019-03-04T04:00:00+01:00;25000000;34;0;785;136;0;0;0;0;11427807232;0;51;3;2;6260890009;79988872;17144237503
2019-03-04T05:00:00+01:00;25000000;0;0;699;85;0;0;0;0;11427807232;0;51;3;2;6261134677;86420138;17144237759
2019-03-04T06:00:00+01:00;29333333;0;17;1945;221;0;0;0;0;11427807232;0;51;3;2;6260959914;136944025;17144237759
2019-03-04T07:00:00+01:00;25000000;17;0;699;68;0;0;0;0;11427807232;0;34;3;2;6260767675;78905344;17144237774
2019-03-04T08:00:00+01:00;33666666;0;0;733;119;0;0;0;0;11427807232;938;3345;84;86;6260959914;205590801;17144237861
2019-03-04T09:00:00+01:00;25083333;0;0;989;187;0;0;0;0;11427801224;17;85;7;5;6202536755;125147545;17143763896
2019-03-04T10:00:00+01:00;17100000;0;0;819;102;0;0;0;0;11427799040;682;1006;58;57;6239324296;106797465;17143577381
2019-03-04T11:00:00+01:00;24166666;0;0;768;204;0;0;0;0;11427799040;204;375;21;21;6238852437;90701824;17143577381
2019-03-04T12:00:00+01:00;29916666;307;0;1826;136;0;0;0;0;11427799040;0;102;9;7;6242714692;154018338;17143577381
2019-03-04T13:00:00+01:00;24600000;0;0;819;102;0;0;0;0;11427799040;324;341;35;38;6247415808;83239458;17143577398
2019-03-04T14:00:00+01:00;20833333;0;0;887;102;0;0;0;0;11427799040;102;273;24;23;6247153664;120813431;17143577483
2019-03-04T15:00:00+01:00;26733333;51;0;1041;358;0;0;0;0;11427799040;853;2116;68;66;6247642999;236698555;17143577483
2019-03-04T16:00:00+01:00;19583333;0;0;648;153;0;0;0;0;11427799040;0;68;5;4;6247415808;82155929;17143576493
2019-03-04T17:00:00+01:00;17083333;0;0;836;102;0;0;0;0;11427799040;0;51;4;3;6247398331;87556096;17143576459
2019-03-04T18:00:00+01:00;26366666;0;0;1024;170;0;0;0;0;11427799040;0;102;6;3;6247485713;137975125;17143576459
2019-03-04T19:00:00+01:00;18333333;0;0;682;68;0;0;0;0;11427799040;0;51;4;2;6248342050;83187029;17143576470
2019-03-04T20:00:00+01:00;23750000;0;0;648;102;0;0;0;0;11427799040;0;85;4;2;6248429431;69293397;17143576561
2019-03-04T21:00:00+01:00;24583333;68;0;972;170;0;0;0;0;11427799040;0;51;4;3;6248097382;140177134;17143576561
2019-03-04T22:00:00+01:00;22916666;0;0;819;68;0;0;0;0;11427799040;0;68;4;2;6248184763;83187029;17143576561
2019-03-04T23:00:00+01:00;25000000;0;0;802;460;0;0;0;0;11427799040;0;68;4;2;6247835238;70376925;17143576561
2019-03-05T00:00:00+01:00;21250000;0;0;2030;0;0;0;0;0;11427799040;0;68;4;3;6248184763;145454967;17143576561
2019-03-05T01:00:00+01:00;24666666;0;34;750;119;0;0;0;0;11427799040;0;34;4;3;6251033395;96067037;17143576595
2019-03-05T02:00:00+01:00;21250000;51;0;1024;119;0;0;0;0;11427799040;0;51;3;2;6252379067;110083003;17143576663
2019-03-05T03:00:00+01:00;23948275;233;377;1095;808;0;0;0;0;11427799040;17;121;6;4;6254611208;218266518;17143651519
2019-03-05T04:00:00+01:00;16666666;17;0;785;119;0;0;0;0;11427799040;0;119;5;4;6255577224;81054924;17143624497
2019-03-05T05:00:00+01:00;11250000;0;0;836;102;0;0;0;0;11427799040;0;119;4;3;6255804416;75742139;17143624497
2019-03-05T06:00:00+01:00;23150000;102;0;1143;102;0;0;0;0;11427799040;0;34;3;2;6255402461;143357815;17143624497
2019-03-05T07:00:00+01:00;17600000;0;0;529;51;0;0;0;0;11427799040;0;102;3;2;6255384985;79988872;17143624534
2019-03-05T08:00:00+01:00;22600000;0;0;614;68;0;0;0;0;11427799040;392;1024;35;34;6255542272;173382041;17143624599
2019-03-05T09:00:00+01:00;33666666;17;68;81493;733;0;0;0;0;11427799040;6912;341;76;46;6255419938;146503543;17143624599
2019-03-05T10:00:00+01:00;25433333;0;0;1348;221;0;0;0;0;11427799040;1757;2321;141;153;6255699558;132557482;17143624599
2019-03-05T11:00:00+01:00;24583333;0;0;972;153;0;0;0;0;11427799040;648;1075;63;51;6255751987;136891596;17143623575
2019-03-05T12:00:00+01:00;29400000;34;0;1262;170;0;0;0;0;11427799040;529;904;60;60;6255891797;127297126;17143623575
2019-03-05T13:00:00+01:00;24166666;0;0;750;136;0;0;0;0;11427799040;0;102;7;5;6256573371;77856768;17143623624
2019-03-05T14:00:00+01:00;25633333;0;0;955;153;0;0;0;0;11427799040;0;102;7;5;6256660753;122928059;17143623677
2019-03-05T15:00:00+01:00;27316666;0;0;750;307;0;0;0;0;11427799040;34;102;9;6;6255961702;130460330;17143623677
2019-03-05T16:00:00+01:00;22083333;0;0;938;153;0;0;0;0;11427799040;1177;1416;96;109;6256014131;116479317;17143623677
2019-03-05T17:00:00+01:00;25000000;0;0;1109;153;0;0;0;0;11427799040;1587;1894;145;154;6256485990;131526382;17143623677
2019-03-05T18:00:00+01:00;31933333;0;0;819;34;0;0;0;0;11427799040;0;51;3;2;6256276275;103669213;17143623677
2019-03-05T19:00:00+01:00;19583333;68;0;836;136;0;0;0;0;11427799040;0;34;3;2;6256153941;76808192;17143623719
2019-03-05T20:00:00+01:00;12916666;0;0;938;119;0;0;0;0;11427799040;0;102;4;2;6256783086;70376925;17143623779
2019-03-05T21:00:00+01:00;22216666;0;0;819;102;0;0;0;0;11427799040;0;51;3;2;6256503466;115413265;17143623779
2019-03-05T22:00:00+01:00;24583333;0;0;546;136;0;0;0;0;11427799040;0;68;4;2;6256713181;83256934;17143623779
2019-03-05T23:00:00+01:00;24166666;0;0;768;358;0;0;0;0;11427799040;0;85;4;2;6256783086;75724663;17143623779
2019-03-06T00:00:00+01:00;24700000;0;0;802;51;0;0;0;0;11427799040;0;68;3;2;6256381132;119782331;17143623779
2019-03-06T01:00:00+01:00;14166666;0;0;819;221;0;0;0;0;11427799040;153;68;6;5;6256608324;89688200;17143623802
2019-03-06T02:00:00+01:00;19383333;0;0;836;85;0;0;0;0;11427799040;0;51;3;2;6256573371;118628898;17143623881
2019-03-06T03:00:00+01:00;17316666;0;52;1874;173;0;0;0;0;11427799040;204;187;15;13;6256276275;201344068;17143876869
2019-03-06T04:00:00+01:00;7083333;17;0;665;85;0;0;0;0;11427799040;0;51;4;2;6256625800;80006348;17143670781
2019-03-06T05:00:00+01:00;2916666;0;0;665;102;0;0;0;0;11427799040;0;51;3;2;6256870468;74658611;17143671419
2019-03-06T06:00:00+01:00;7616666;0;0;1996;68;0;0;0;0;11427799040;0;51;3;2;6256555895;132574958;17143671875
2019-03-06T07:00:00+01:00;16333333;0;0;682;51;0;0;0;0;11427799040;136;187;16;15;6256713181;126161169;17143671924
2019-03-06T08:00:00+01:00;23883333;0;0;904;85;0;0;0;0;11427799040;341;1262;32;32;6256818039;110135432;17143671977
2019-03-06T09:00:00+01:00;29766666;34;0;836;51;0;0;0;0;11427799040;324;546;21;21;6256451037;134707063;17143671294
2019-03-06T10:00:00+01:00;25000000;34;0;955;119;0;0;0;0;11427799040;0;85;5;3;6255874321;86420138;17143670953
2019-03-06T11:00:00+01:00;25000000;0;0;750;68;0;0;0;0;11427799040;34;102;7;5;6255996654;100383675;17143670953
2019-03-06T12:00:00+01:00;19700000;34;0;2286;102;0;0;0;0;11427799040;0;119;4;3;6256241322;125077640;17143670953
2019-03-06T13:00:00+01:00;23750000;0;0;716;187;0;0;0;0;11427799040;0;68;3;2;6256014131;71460454;17143670980
2019-03-06T14:00:00+01:00;30233333;0;0;3174;51;0;0;0;0;11427799040;238;375;22;23;6255804416;112250060;17143671055
2019-03-06T15:00:00+01:00;27616666;0;0;887;51;0;0;0;0;11427799040;68;341;12;11;6255804416;137957649;17143671055
2019-03-06T16:00:00+01:00;23750000;0;0;870;51;0;0;0;0;11427799040;102;238;12;12;6256433561;90701824;17143671055
2019-03-06T17:00:00+01:00;23333333;0;0;819;85;0;0;0;0;11427799040;0;68;4;2;6256468514;69293397;17143671055
2019-03-06T18:00:00+01:00;31933333;0;136;716;768;0;0;0;0;11427799040;0;119;3;2;6256118988;117580322;17143671055
2019-03-06T19:00:00+01:00;17916666;0;0;682;102;0;0;0;0;11427799040;0;136;4;3;6256800563;85371562;17143671114
2019-03-06T20:00:00+01:00;18333333;0;0;819;34;0;0;0;0;11427799040;0;136;4;3;6256852992;92903833;17143671157
2019-03-06T21:00:00+01:00;18050000;0;0;750;68;0;0;0;0;11427799040;0;136;4;2;6256451037;113281160;17143671157
2019-03-06T22:00:00+01:00;25000000;0;0;665;51;0;0;0;0;11427799040;0;136;5;2;6256258798;83256934;17143671157
2019-03-06T23:00:00+01:00;25000000;0;0;955;68;0;0;0;0;11427799040;0;102;4;2;6256538419;67161292;17143671157
2019-03-07T00:00:00+01:00;11250000;0;0;716;546;0;0;0;0;11427799040;17;119;4;3;6256468514;143392768;17143671157
2019-03-07T01:00:00+01:00;18166666;0;0;716;102;0;0;0;0;11427799040;0;136;4;3;6255979178;127262173;17143671187
2019-03-07T02:00:00+01:00;24800000;0;0;1075;375;0;0;0;0;11427799040;0;102;4;2;6256258798;129324373;17143671259
2019-03-07T03:00:00+01:00;24100000;35;70;2860;317;0;0;0;0;11427799040;17;204;6;5;6255961702;219554338;17144521522
2019-03-07T04:00:00+01:00;25000000;17;0;750;119;0;0;0;0;11427799040;0;68;4;2;6256643276;77856768;17143717932
2019-03-07T05:00:00+01:00;20833333;0;0;785;136;0;0;0;0;11427799040;0;68;3;2;6256852992;72491554;17143716961
2019-03-07T06:00:00+01:00;14816666;34;34;1024;136;0;0;0;0;11427799040;0;170;5;3;6256451037;133675963;17143718037
2019-03-07T07:00:00+01:00;13750000;0;0;682;102;0;0;0;0;11427799040;0;68;3;2;6255909273;71442978;17143718037
2019-03-07T08:00:00+01:00;27183333;0;0;1143;221;0;0;0;0;11427799040;1416;1621;93;95;6256153941;163752618;17143718133
2019-03-07T09:00:00+01:00;25183333;51;0;1843;68;0;0;0;0;11427799040;1280;1877;91;93;6256451037;246362931;17143718139
2019-03-07T10:00:00+01:00;26300000;17;0;1092;85;0;0;0;0;11427799040;546;597;51;45;6256084036;111149056;17143718139
2019-03-07T11:00:00+01:00;21666666;0;0;716;136;0;0;0;0;11427799040;0;136;7;6;6256678229;83221981;17143718139
2019-03-07T12:00:00+01:00;21666666;0;0;682;204;0;0;0;0;11427799040;0;153;7;6;6256328704;137905220;17143718139
2019-03-07T13:00:00+01:00;24183333;0;0;819;51;0;0;0;0;11427799040;716;1092;49;47;6257534566;106779989;17143718184
2019-03-07T14:00:00+01:00;31933333;136;0;1518;136;0;0;0;0;11427799040;0;102;6;4;6256573371;122980488;17143718241
2019-03-07T15:00:00+01:00;27216666;443;0;1365;136;0;0;0;0;11427799040;119;221;19;18;6256381132;125042688;17143718241
2019-03-07T16:00:00+01:00;25000000;0;0;887;68;0;0;0;0;11427799040;750;989;53;51;6256695705;84288034;17143718241
2019-03-07T17:00:00+01:00;24166666;0;0;716;119;0;0;0;0;11427799040;0;136;7;6;6256852992;72509030;17143718241
2019-03-07T18:00:00+01:00;27616666;0;0;699;443;0;0;0;0;11427799040;0;136;6;6;6256451037;89705676;17143718241
2019-03-07T19:00:00+01:00;20000000;0;0;699;34;0;0;0;0;11427799040;0;68;4;3;6256398609;84357939;17143718276
2019-03-07T20:00:00+01:00;15000000;0;0;750;85;0;0;0;0;11427799040;0;136;5;4;6256765610;81037448;17143718343
2019-03-07T21:00:00+01:00;23150000;0;34;2082;324;0;0;0;0;11427799040;0;102;5;3;6256451037;125095116;17143718343
2019-03-07T22:00:00+01:00;18750000;0;0;699;17;0;0;0;0;11427799040;0;102;5;3;6256503466;85389038;17143718343
2019-03-07T23:00:00+01:00;18750000;0;0;699;443;0;0;0;0;11427799040;0;68;4;3;6256346180;101502156;17143718343
2019-03-08T00:00:00+01:00;24300000;0;0;819;392;0;0;0;0;11427799040;0;187;6;5;6256398609;121862007;17143718343
2019-03-08T01:00:00+01:00;15000000;0;0;716;51;0;0;0;0;11427799040;170;153;9;8;6256328704;99352576;17143718378
2019-03-08T02:00:00+01:00;16450000;34;0;1024;102;0;0;0;0;11427799040;0;102;5;4;6256363656;121792102;17143718445
2019-03-08T03:00:00+01:00;29850000;290;580;2867;870;0;0;0;0;11427799040;375;273;18;14;6256014131;226003080;17143997323
2019-03-08T04:00:00+01:00;25000000;0;0;785;85;0;0;0;0;11427799040;409;273;20;19;6256451037;88534766;17143766267
2019-03-08T05:00:00+01:00;25000000;0;0;921;153;0;0;0;0;11427799040;341;102;15;14;6256852992;80041301;17143766267
2019-03-08T06:00:00+01:00;28466666;853;0;2048;85;0;0;0;0;11427799040;409;136;15;14;6256485990;135825544;17143766267
2019-03-08T07:00:00+01:00;15416666;0;0;887;85;0;0;0;0;11427799040;341;136;15;12;6256852992;78905344;17143766324
2019-03-08T08:00:00+01:00;10833333;0;0;802;34;0;0;0;0;11427799040;34;102;9;9;6256398609;120813431;17143766369
2019-03-08T09:00:00+01:00;25833333;0;85;2286;341;0;0;0;0;11427799040;375;614;34;34;6256451037;207757858;17143766369
2019-03-08T10:00:00+01:00;17500000;0;0;768;68;0;0;0;0;11427799040;307;580;33;33;6256311227;99265194;17143766369
2019-03-08T11:00:00+01:00;15416666;0;0;904;85;0;0;0;0;11427799040;0;34;6;6;6256468514;87486190;17143766369
2019-03-08T12:00:00+01:00;28566666;68;0;1041;102;0;0;0;0;11427799040;34;68;9;9;6256223846;144388915;17143766369
2019-03-08T13:00:00+01:00;25000000;0;0;699;119;0;0;0;0;11427799040;0;34;6;5;6255821892;83187029;17143766401
2019-03-08T14:00:00+01:00;36266666;0;0;819;119;0;0;0;0;11427799040;170;187;20;21;6255961702;105801318;17143766471
2019-03-08T15:00:00+01:00;25000000;0;0;2542;273;0;0;0;0;11427799040;221;119;9;8;6256153941;133693440;17143766471
2019-03-08T16:00:00+01:00;26300000;0;0;682;68;0;0;0;0;11427799040;409;460;36;36;6256748134;102533256;17143766471
2019-03-08T17:00:00+01:00;25000000;0;0;938;102;0;0;0;0;11427799040;0;51;5;4;6256852992;82173405;17143766471
2019-03-08T18:00:00+01:00;28183333;341;0;1484;102;0;0;0;0;11427799040;0;17;2;1;6256363656;118663850;17143766471
2019-03-08T19:00:00+01:00;22916666;34;0;819;85;0;0;0;0;11427799040;0;51;3;2;6256346180;76825668;17143766533
2019-03-08T20:00:00+01:00;24583333;0;0;750;102;0;0;0;0;11427799040;0;17;2;1;6256381132;75724663;17143766573
2019-03-08T21:00:00+01:00;14816666;0;0;768;187;0;0;0;0;11427799040;0;51;3;2;6257254946;112250060;17143766573
2019-03-08T22:00:00+01:00;20833333;0;0;699;85;0;0;0;0;11427799040;0;68;3;3;6257639424;78940296;17143766573
2019-03-08T23:00:00+01:00;19583333;0;0;1075;153;0;0;0;0;11427799040;0;34;3;2;6256258798;67161292;17143766573
2019-03-09T00:00:00+01:00;25533333;0;0;1604;136;0;0;0;0;11427799040;0;102;5;3;6256975325;141190758;17143766573
2019-03-09T01:00:00+01:00;14166666;102;85;1058;324;0;0;0;0;11427799040;0;17;3;2;6256084036;95070890;17143766652
2019-03-09T02:00:00+01:00;36266666;0;0;887;153;0;0;0;0;11427799040;0;17;3;3;6255996654;108999475;17143765924
2019-03-09T03:00:00+01:00;31066666;0;51;6963;119;0;0;0;0;11427799040;34;34;7;6;6255821892;207792810;17144020184
2019-03-09T04:00:00+01:00;25000000;17;0;750;204;0;0;0;0;11427799040;0;34;3;2;6255804416;72526506;17143812371
2019-03-09T05:00:00+01:00;23750000;0;0;802;51;0;0;0;0;11427799040;0;34;3;2;6256223846;68227345;17143813082
2019-03-09T06:00:00+01:00;25000000;614;0;9420;170;0;0;0;0;11427799040;0;51;3;2;6256555895;109034427;17143813465
2019-03-09T07:00:00+01:00;25000000;34;0;1075;102;0;0;0;0;11427799040;0;68;4;3;6256206370;73575082;17143813531
2019-03-09T08:00:00+01:00;25000000;0;0;887;153;0;0;0;0;11427799040;0;85;3;2;6256118988;71460454;17143813567
2019-03-09T09:00:00+01:00;27200000;34;204;1211;819;0;0;0;0;11427799040;0;119;4;3;6255996654;126196121;17143813567
2019-03-09T10:00:00+01:00;25000000;34;0;768;153;0;0;0;0;11427799040;0;34;2;2;6256765610;90719300;17143813567
2019-03-09T11:00:00+01:00;20833333;0;0;887;170;0;0;0;0;11427799040;0;34;3;2;6256852992;71425501;17143813567
2019-03-09T12:00:00+01:00;15416666;34;0;768;307;0;0;0;0;11427799040;0;102;3;2;6256363656;125095116;17143813567
2019-03-09T13:00:00+01:00;9583333;0;0;631;170;0;0;0;0;11427799040;0;17;2;1;6256014131;68227345;17143813641
2019-03-09T14:00:00+01:00;22916666;51;0;972;170;0;0;0;0;11427799040;0;51;3;2;6255856844;107950899;17143813669
2019-03-09T15:00:00+01:00;26783333;0;0;836;102;0;0;0;0;11427799040;0;51;3;2;6255891797;107915946;17143813669
2019-03-09T16:00:00+01:00;22500000;0;0;853;85;0;0;0;0;11427799040;0;85;4;2;6256049083;76773239;17143813669
2019-03-09T17:00:00+01:00;18750000;0;0;819;119;0;0;0;0;11427799040;0;102;4;2;6256852992;82138453;17143813669
2019-03-09T18:00:00+01:00;24583333;0;68;733;341;0;0;0;0;11427799040;0;85;3;2;6256625800;118716279;17143813669
2019-03-09T19:00:00+01:00;21666666;34;0;819;85;0;0;0;0;11427799040;0;34;2;2;6256835515;75707187;17143813718
2019-03-09T20:00:00+01:00;7083333;0;0;921;85;0;0;0;0;11427799040;0;85;3;2;6256660753;63963136;17143813771
2019-03-09T21:00:00+01:00;17350000;0;0;802;85;0;0;0;0;11427799040;0;34;3;2;6256153941;124029064;17143813771
2019-03-09T22:00:00+01:00;14166666;0;0;716;68;0;0;0;0;11427799040;0;51;3;2;6256258798;77909196;17143813771
2019-03-09T23:00:00+01:00;22083333;0;0;768;136;0;0;0;0;11427799040;0;34;3;1;6256713181;78905344;17143813412
2019-03-10T00:00:00+01:00;21250000;0;0;2099;170;0;0;0;0;11427799040;0;51;3;2;6256520942;119782331;17143812747
2019-03-10T01:00:00+01:00;24833333;0;0;768;0;0;0;0;0;11427799040;0;51;3;2;6256555895;83256934;17143812843
2019-03-10T02:00:00+01:00;16033333;0;0;802;170;0;0;0;0;11427799040;0;85;3;2;6256346180;155119342;17143812849
2019-03-10T03:00:00+01:00;38933333;1058;580;2950;347;0;0;0;0;11427799040;204;136;13;11;6255804416;232434346;17143934727
2019-03-10T04:00:00+01:00;22500000;17;0;870;34;0;0;0;0;11427799040;0;85;5;4;6256416085;84340462;17143859570
2019-03-10T05:00:00+01:00;22500000;0;0;597;102;0;0;0;0;11427799040;0;34;3;2;6256992802;75742139;17143860554
2019-03-10T06:00:00+01:00;22633333;34;102;819;256;0;0;0;0;11427799040;0;102;4;3;6256608324;119677474;17143860664
2019-03-10T07:00:00+01:00;25000000;0;0;699;17;0;0;0;0;11427799040;0;68;3;2;6256852992;70359449;17143860735
2019-03-10T08:00:00+01:00;25000000;0;0;733;68;0;0;0;0;11427799040;0;51;4;2;6256852992;72491554;17143860766
2019-03-10T09:00:00+01:00;27616666;68;0;1160;119;0;0;0;0;11427799040;0;85;5;3;6256451037;140072277;17143860766
2019-03-10T10:00:00+01:00;21666666;0;0;665;68;0;0;0;0;11427799040;0;68;3;2;6256730658;78922820;17143860766
2019-03-10T11:00:00+01:00;21250000;0;0;682;51;0;0;0;0;11427799040;0;68;3;2;6256852992;85406515;17143860766
2019-03-10T12:00:00+01:00;25533333;0;0;785;51;0;0;0;0;11427799040;0;17;2;2;6256485990;117615274;17143860776
2019-03-10T13:00:00+01:00;21666666;0;0;853;136;0;0;0;0;11427799040;0;34;3;2;6256852992;74623658;17143860868
2019-03-10T14:00:00+01:00;35850000;0;0;614;102;0;0;0;0;11427799040;0;51;3;2;6256066560;109016951;17143860868
2019-03-10T15:00:00+01:00;31933333;0;0;699;68;0;0;0;0;11427799040;0;85;4;3;6255961702;120813431;17143860868
2019-03-10T16:00:00+01:00;22083333;0;0;853;51;0;0;0;0;11427799040;0;85;3;2;6256643276;82155929;17143860868
2019-03-10T17:00:00+01:00;19166666;0;0;785;136;0;0;0;0;11427799040;0;68;3;2;6256975325;73610035;17143860868
2019-03-10T18:00:00+01:00;23333333;68;85;2116;256;0;0;0;0;11427799040;0;102;3;2;6257115136;112215108;17143860868
2019-03-10T19:00:00+01:00;25000000;17;0;870;136;0;0;0;0;11427799040;0;102;4;3;6257744281;85371562;17143860963
2019-03-10T20:00:00+01:00;26433333;0;0;1041;102;0;0;0;0;11427799040;699;1075;58;58;6258251093;101484680;17143860970
2019-03-10T21:00:00+01:00;20983333;238;0;989;102;0;0;0;0;11427799040;136;273;17;17;6259474432;156255300;17143860918
2019-03-10T22:00:00+01:00;23333333;0;0;648;102;0;0;0;0;11427799040;0;102;4;3;6259858909;70359449;17143859946
2019-03-10T23:00:00+01:00;24583333;0;0;819;51;0;0;0;0;11427799040;0;68;4;2;6259841433;77821815;17143859946
2019-03-11T00:00:00+01:00;24583333;0;0;11878;153;0;0;0;0;11427799040;4505;273;48;15;6259614242;151851281;17143859946
2019-03-11T01:00:00+01:00;35916666;0;102;853;273;0;0;0;0;11427799040;341;170;10;9;6259719099;105731413;17143859946
2019-03-11T02:00:00+01:00;15833333;341;0;972;102;0;0;0;0;11427799040;0;68;3;2;6259439479;116444364;17143859969
2019-03-11T03:00:00+01:00;32166666;170;512;750;477;0;0;0;0;11427799040;34;119;6;3;6259823957;208858862;17143860048
2019-03-11T04:00:00+01:00;10833333;0;0;794;105;0;0;0;0;11427799040;0;34;3;2;6259212288;90701824;17143926275
2019-03-11T05:00:00+01:00;22500000;0;0;785;85;0;0;0;0;11427799040;0;68;3;2;6259404526;68262297;17143907863
2019-03-11T06:00:00+01:00;18033333;238;0;1228;102;0;0;0;0;11427799040;0;102;3;2;6259614242;115483170;17143907868
2019-03-11T07:00:00+01:00;29366666;85;0;938;102;0;0;0;0;11427799040;324;2218;30;28;6259526860;116514269;17143907965
2019-03-11T08:00:00+01:00;20466666;0;0;938;119;0;0;0;0;11427799040;648;1245;50;51;6259858909;170166408;17143907965
2019-03-11T09:00:00+01:00;24616666;0;141;833;937;0;0;0;0;11427799040;971;1500;75;81;6259526860;163700189;17143907965
2019-03-11T10:00:00+01:00;25000000;0;0;972;68;0;0;0;0;11427799040;51;119;16;15;6259177335;113263684;17143907965
2019-03-11T11:00:00+01:00;24583333;0;0;1075;51;0;0;0;0;11427799040;529;750;47;46;6259107430;96136942;17143907965
2019-03-11T12:00:00+01:00;29333333;1126;0;1723;153;0;0;0;0;11427799040;1160;1638;90;89;6259055001;193759368;17143907965
2019-03-11T13:00:00+01:00;25000000;0;0;750;153;0;0;0;0;11427799040;665;580;48;48;6259124906;103616785;17143908067
2019-03-11T14:00:00+01:00;35400000;0;0;3515;51;0;0;0;0;11427799040;529;716;55;55;6259072477;160432128;17143908067
2019-03-11T15:00:00+01:00;28466666;0;0;1041;665;0;0;0;0;11427799040;870;2013;67;66;6259002572;187223244;17143908067
2019-03-11T16:00:00+01:00;26316666;0;0;921;102;0;0;0;0;11427799040;460;1365;49;46;6259736576;177681203;17143908067
2019-03-11T17:00:00+01:00;21250000;0;0;733;34;0;0;0;0;11427799040;0;102;11;7;6259684147;75707187;17143908067
2019-03-11T18:00:00+01:00;20850000;0;136;836;529;0;0;0;0;11427799040;341;529;34;33;6259212288;164853623;17143908077
2019-03-11T19:00:00+01:00;25000000;0;0;870;153;0;0;0;0;11427799040;0;102;4;3;6258985096;80023825;17143908169
2019-03-11T20:00:00+01:00;23750000;0;0;733;153;0;0;0;0;11427799040;0;136;5;4;6259649194;91837781;17143908169
2019-03-11T21:00:00+01:00;31066666;34;68;887;836;0;0;0;0;11427799040;0;170;4;3;6259142382;111166532;17143907179
2019-03-11T22:00:00+01:00;23333333;0;0;699;34;0;0;0;0;11427799040;0;136;5;3;6259299669;66095240;17143907145
2019-03-11T23:00:00+01:00;22916666;0;0;938;68;0;0;0;0;11427799040;0;85;4;3;6259369574;73610035;17143907145
2019-03-12T00:00:00+01:00;24166666;0;0;733;733;0;0;0;0;11427799040;34;187;5;4;6259002572;96136942;17143907179
2019-03-12T01:00:00+01:00;29416666;204;887;1041;1194;0;0;0;0;11427799040;0;51;3;2;6259666670;104682837;17143907247
2019-03-12T02:00:00+01:00;28550000;0;0;887;68;0;0;0;0;11427799040;0;85;3;3;6259089954;132662340;17143907247
2019-03-12T03:00:00+01:00;37457627;70;0;829;123;0;0;0;0;11427799040;0;141;5;4;6259270048;223293370;17143907247
2019-03-12T04:00:00+01:00;22500000;0;0;798;86;0;0;0;0;11427799040;0;102;5;3;6259299669;76773239;17144057141
2019-03-12T05:00:00+01:00;23750000;0;0;904;136;0;0;0;0;11427799040;0;34;3;2;6259299669;69328349;17143955058
2019-03-12T06:00:00+01:00;18866666;68;0;836;68;0;0;0;0;11427799040;0;102;4;3;6259596765;106867370;17143955058
2019-03-12T07:00:00+01:00;23333333;17;0;768;119;0;0;0;0;11427799040;0;102;4;3;6259055001;72526506;17143955058
2019-03-12T08:00:00+01:00;32000000;0;0;972;187;0;0;0;0;11427799040;2048;3447;145;124;6259422003;233517875;17143955105
2019-03-12T09:00:00+01:00;35050000;68;0;989;119;0;0;0;0;11427799040;1041;3566;90;130;6259456955;296851865;17143955160
2019-03-12T10:00:00+01:00;26316666;0;0;1245;170;0;0;0;0;11427799040;2816;5973;234;229;6259422003;271144277;17143955160
2019-03-12T11:00:00+01:00;25000000;0;0;955;153;0;0;0;0;11427799040;17;136;14;12;6258950144;88534766;17143955160
2019-03-12T12:00:00+01:00;26783333;34;68;2116;238;0;0;0;0;11427799040;0;102;11;8;6258722952;116496793;17143955160
2019-03-12T13:00:00+01:00;25000000;0;0;836;119;0;0;0;0;11427799040;0;68;12;9;6258827810;87468714;17143955160
2019-03-12T14:00:00+01:00;36266666;0;0;716;85;0;0;0;0;11427799040;0;34;10;7;6258320998;119729902;17143955194
2019-03-12T15:00:00+01:00;25000000;0;0;1041;341;0;0;0;0;11427799040;238;529;30;27;6258355950;158352452;17143955262
2019-03-12T16:00:00+01:00;25000000;0;0;733;153;0;0;0;0;11427799040;34;51;10;7;6258093806;85354086;17143955262
2019-03-12T17:00:00+01:00;20416666;0;0;768;102;0;0;0;0;11427799040;0;68;7;4;6258478284;71425501;17143954374
2019-03-12T18:00:00+01:00;22500000;0;85;1979;341;0;0;0;0;11427799040;0;51;4;3;6258268569;116496793;17143954248
2019-03-12T19:00:00+01:00;23750000;0;0;802;102;0;0;0;0;11427799040;0;85;4;3;6259002572;82138453;17143954340
2019-03-12T20:00:00+01:00;16250000;0;0;648;119;0;0;0;0;11427799040;0;51;3;3;6259876386;65029188;17143954340
2019-03-12T21:00:00+01:00;30683333;0;85;1928;392;0;0;0;0;11427799040;0;51;4;3;6259596765;113316113;17143954340
2019-03-12T22:00:00+01:00;22083333;0;0;648;119;0;0;0;0;11427799040;0;68;4;3;6259369574;76790715;17143954340
2019-03-12T23:00:00+01:00;20416666;0;0;699;170;0;0;0;0;11427799040;0;51;4;3;6259614242;80006348;17143954340
2019-03-13T00:00:00+01:00;21783333;0;0;1945;238;0;0;0;0;11427799040;0;51;4;2;6259124906;128310749;17143954340
2019-03-13T01:00:00+01:00;24583333;102;85;904;290;0;0;0;0;11427799040;0;68;4;3;6259439479;84305510;17143954436
2019-03-13T02:00:00+01:00;30633333;187;0;1126;34;0;0;0;0;11427799040;0;68;4;3;6259491908;104647884;17143954442
2019-03-13T03:00:00+01:00;25000000;34;0;955;324;0;0;0;0;11427799040;102;119;7;6;6259107430;165919675;17144066197
2019-03-13T04:00:00+01:00;20833333;0;0;665;68;0;0;0;0;11427799040;0;85;4;3;6259631718;76755763;17144001162
2019-03-13T05:00:00+01:00;10000000;0;0;665;119;0;0;0;0;11427799040;0;51;4;2;6259946291;69293397;17144002255
2019-03-13T06:00:00+01:00;25650000;17;34;699;460;0;0;0;0;11427799040;0;102;3;2;6259596765;132627387;17144002266
2019-03-13T07:00:00+01:00;22566666;0;0;682;17;0;0;0;0;11427799040;443;563;29;31;6259614242;98304000;17144002357
2019-03-13T08:00:00+01:00;25000000;0;0;819;68;0;0;0;0;11427799040;0;68;4;3;6259649194;80023825;17144002357
2019-03-13T09:00:00+01:00;29766666;51;0;1536;153;0;0;0;0;11427799040;13755;187;124;35;6259474432;137922696;17144002357
2019-03-13T10:00:00+01:00;29333333;0;0;972;102;0;0;0;0;11427799040;1331;2150;121;127;6259684147;224954504;17144002357
2019-03-13T11:00:00+01:00;25483333;17;0;870;136;0;0;0;0;11427799040;324;375;36;38;6259823957;163735142;17144002357
2019-03-13T12:00:00+01:00;27616666;51;0;802;273;0;0;0;0;11427799040;477;614;41;42;6259631718;195961378;17144002363
2019-03-13T13:00:00+01:00;20416666;0;0;836;136;0;0;0;0;11427799040;0;34;9;6;6260488055;81037448;17144002459
2019-03-13T14:00:00+01:00;24166666;68;0;2304;153;0;0;0;0;11427799040;0;102;10;6;6260330769;114364689;17144002459
2019-03-13T15:00:00+01:00;18866666;0;0;768;119;0;0;0;0;11427799040;204;477;30;35;6259876386;139041177;17144001605
2019-03-13T16:00:00+01:00;11666666;0;0;648;153;0;0;0;0;11427799040;0;51;9;5;6259491908;86420138;17144001435
2019-03-13T17:00:00+01:00;24583333;0;0;836;153;0;0;0;0;11427799040;0;85;9;3;6259806481;75707187;17144001435
2019-03-13T18:00:00+01:00;28050000;51;0;2030;136;0;0;0;0;11427799040;0;51;8;2;6259352098;122997964;17144001446
2019-03-13T19:00:00+01:00;15833333;0;0;819;51;0;0;0;0;11427799040;0;85;7;2;6259666670;82120977;17144001537
2019-03-13T20:00:00+01:00;14166666;0;0;750;153;0;0;0;0;11427799040;0;51;5;2;6259928814;67161292;17144001537
2019-03-13T21:00:00+01:00;18866666;34;0;904;460;0;0;0;0;11427799040;34;187;7;4;6259666670;119677474;17144001537
2019-03-13T22:00:00+01:00;21250000;0;0;733;153;0;0;0;0;11427799040;0;68;5;2;6260225911;76773239;17144001537
2019-03-13T23:00:00+01:00;18333333;34;0;904;68;0;0;0;0;11427799040;0;51;5;2;6260872533;83221981;17144001537
2019-03-14T00:00:00+01:00;23033333;0;0;665;34;0;0;0;0;11427799040;0;51;5;2;6260435626;123032917;17144001554
2019-03-14T01:00:00+01:00;6666666;0;0;597;51;0;0;0;0;11427799040;0;68;6;2;6260295816;103651737;17144001639
2019-03-14T02:00:00+01:00;17916666;17;0;699;51;0;0;0;0;11427799040;0;51;6;2;6260313292;137975125;17144001639
2019-03-14T03:00:00+01:00;24300000;187;426;3754;938;0;0;0;0;11440674679;0;68;6;3;6259089954;185230950;17144162328
2019-03-14T04:00:00+01:00;2916666;0;0;989;102;0;0;0;0;11455389696;0;68;6;3;6259719099;76790715;17144048490
2019-03-14T05:00:00+01:00;5833333;0;0;614;34;0;0;0;0;11455389696;0;51;5;2;6260016196;86385186;17144049457
2019-03-14T06:00:00+01:00;3750000;51;17;81988;529;0;0;0;0;11455389696;6860;221;64;33;6259614242;112215108;17144049477
2019-03-14T07:00:00+01:00;8900000;0;0;648;68;0;0;0;0;11455389696;273;290;29;28;6259334621;135825544;17144049559
2019-03-14T08:00:00+01:00;8333333;0;0;1109;51;0;0;0;0;11455389696;0;34;8;4;6259631718;72543982;17144049559
2019-03-14T09:00:00+01:00;19716666;34;0;972;85;0;0;0;0;11455389696;648;938;53;50;6259614242;143375291;17144049559
2019-03-14T10:00:00+01:00;18800000;17;0;955;85;0;0;0;0;11455389696;1467;1314;114;118;6260488055;171180032;17144049559
2019-03-14T11:00:00+01:00;5416666;0;0;733;51;0;0;0;0;11455389696;460;699;44;39;6260400674;127209745;17144049559
2019-03-14T12:00:00+01:00;27616666;17;0;819;85;0;0;0;0;11455389696;0;68;13;8;6260225911;107933422;17144049559
2019-03-14T13:00:00+01:00;18333333;0;0;699;68;0;0;0;0;11455389696;0;51;12;7;6260033672;77821815;17144048773
2019-03-14T14:00:00+01:00;21666666;0;0;3174;68;0;0;0;0;11455389696;0;51;12;7;6259509384;125025211;17144048601
2019-03-14T15:00:00+01:00;27216666;0;0;1006;68;0;0;0;0;11455389696;733;1126;72;71;6259422003;170131456;17144048637
2019-03-14T16:00:00+01:00;20433333;0;0;768;34;0;0;0;0;11455389696;102;716;23;17;6259806481;115413265;17144048637
2019-03-14T17:00:00+01:00;5416666;0;0;819;119;0;0;0;0;11455389696;0;68;11;7;6259998720;82120977;17144048637
2019-03-14T18:00:00+01:00;23600000;0;0;768;256;0;0;0;0;11455389696;34;119;13;10;6259579289;112215108;17144048637
2019-03-14T19:00:00+01:00;12083333;0;0;785;51;0;0;0;0;11455389696;0;68;12;9;6259666670;69293397;17144048637
2019-03-14T20:00:00+01:00;15833333;0;0;853;102;0;0;0;0;11455389696;0;34;10;7;6259858909;84288034;17144048708
2019-03-14T21:00:00+01:00;10416666;0;0;2030;136;0;0;0;0;11455389696;0;85;13;9;6259544337;127157316;17144048739
2019-03-14T22:00:00+01:00;12916666;0;0;580;136;0;0;0;0;11455389696;0;34;10;8;6259771528;76825668;17144048739
2019-03-14T23:00:00+01:00;9166666;0;0;887;102;0;0;0;0;11455389696;0;34;11;8;6260033672;78940296;17144048739
2019-03-15T00:00:00+01:00;22916666;0;0;648;153;0;0;0;0;11455389696;0;102;11;8;6260697770;130495283;17144048739
2019-03-15T01:00:00+01:00;29666666;0;34;904;34;0;0;0;0;11455389696;341;51;18;16;6259876386;118681326;17144048756
2019-03-15T02:00:00+01:00;29800000;0;0;904;51;0;0;0;0;11455389696;0;34;9;7;6259806481;110083003;17144048841
2019-03-15T03:00:00+01:00;37666666;68;102;2355;136;0;0;0;0;11455389696;1194;341;49;41;6259893862;224849646;17144048841
2019-03-15T04:00:00+01:00;16666666;0;0;850;138;0;0;0;0;11455389696;750;273;38;34;6260383197;84235605;17144291150
2019-03-15T05:00:00+01:00;22916666;0;0;1024;68;0;0;0;0;11455389696;1092;341;47;44;6260051148;88622148;17144096237
2019-03-15T06:00:00+01:00;29816666;85;68;1024;187;0;0;0;0;11455389696;836;307;38;33;6259701623;175531622;17144096839
2019-03-15T07:00:00+01:00;9583333;34;0;921;51;0;0;0;0;11455389696;955;307;46;42;6259998720;85319133;17144096884
2019-03-15T08:00:00+01:00;21300000;0;0;1075;102;0;0;0;0;11455389696;785;358;43;40;6259998720;108981998;17144096941
2019-03-15T09:00:00+01:00;30683333;102;0;2474;102;0;0;0;0;11455389696;1075;1757;69;65;6259771528;224954504;17144096941
2019-03-15T10:00:00+01:00;20433333;0;0;836;102;0;0;0;0;11455389696;1314;768;70;67;6259823957;102568209;17144096941
2019-03-15T11:00:00+01:00;22500000;0;0;853;68;0;0;0;0;11455389696;768;256;39;33;6259998720;111044198;17144096941
2019-03-15T12:00:00+01:00;26366666;119;34;2372;204;0;0;0;0;11455389696;853;529;49;43;6259649194;169117832;17144096275
2019-03-15T13:00:00+01:00;19166666;0;0;972;68;0;0;0;0;11455389696;546;204;28;22;6259754052;78922820;17144095978
2019-03-15T14:00:00+01:00;33766666;0;0;802;136;0;0;0;0;11455389696;614;204;33;26;6259509384;146433638;17144096019
2019-03-15T15:00:00+01:00;23333333;0;0;853;290;0;0;0;0;11455389696;819;597;49;45;6259247240;154123195;17144096019
2019-03-15T16:00:00+01:00;23333333;0;0;955;34;0;0;0;0;11455389696;819;290;37;30;6259911338;92816452;17144096019
2019-03-15T17:00:00+01:00;16250000;0;0;972;119;0;0;0;0;11455389696;477;187;25;20;6259876386;98234094;17144096019
2019-03-15T18:00:00+01:00;20833333;0;0;785;426;0;0;0;0;11455389696;631;290;31;23;6259474432;113246208;17144096019
2019-03-15T19:00:00+01:00;14583333;0;0;785;68;0;0;0;0;11455389696;682;221;28;22;6259823957;84235605;17144096076
2019-03-15T20:00:00+01:00;11666666;0;0;819;85;0;0;0;0;11455389696;819;256;33;30;6259823957;78887867;17144096121
2019-03-15T21:00:00+01:00;25966666;17;0;1126;102;0;0;0;0;11455389696;682;221;28;22;6259806481;132592435;17144096121
2019-03-15T22:00:00+01:00;17916666;0;0;682;119;0;0;0;0;11455389696;546;221;26;22;6259998720;80058777;17144096121
2019-03-15T23:00:00+01:00;17500000;34;0;887;102;0;0;0;0;11455389696;750;221;33;27;6259998720;70359449;17144096121
2019-03-16T00:00:00+01:00;27616666;0;68;2218;256;0;0;0;0;11455389696;546;170;25;19;6259806481;122893107;17144096121
2019-03-16T01:00:00+01:00;12500000;102;443;1024;614;0;0;0;0;11455389696;750;238;33;27;6259893862;126161169;17144096173
2019-03-16T02:00:00+01:00;5833333;34;0;870;102;0;0;0;0;11455389696;614;170;28;22;6259561813;93934933;17144096223
2019-03-16T03:00:00+01:00;30816666;546;494;11724;580;0;0;0;0;11455389696;682;204;30;27;6259387050;230267289;17144096223
2019-03-16T04:00:00+01:00;9166666;17;0;716;153;0;0;0;0;11455389696;750;273;34;28;6259946291;107846041;17144343094
2019-03-16T05:00:00+01:00;5416666;0;0;938;102;0;0;0;0;11455389696;546;204;25;22;6259981243;78905344;17144143345
2019-03-16T06:00:00+01:00;6666666;68;0;1314;102;0;0;0;0;11455389696;614;204;26;24;6259701623;142256810;17144144038
2019-03-16T07:00:00+01:00;5000000;34;0;938;17;0;0;0;0;11455389696;546;187;25;22;6259981243;78922820;17144144063
2019-03-16T08:00:00+01:00;10833333;0;0;802;34;0;0;0;0;11455389696;819;256;34;29;6259998720;94983509;17144144140
2019-03-16T09:00:00+01:00;27200000;0;0;938;68;0;0;0;0;11455389696;682;221;29;24;6259806481;140107229;17144143764
2019-03-16T10:00:00+01:00;24166666;0;0;972;170;0;0;0;0;11455389696;477;170;19;17;6259998720;85371562;17144143116
2019-03-16T11:00:00+01:00;8333333;0;0;904;68;0;0;0;0;11455389696;682;238;29;26;6259946291;97080661;17144143116
2019-03-16T12:00:00+01:00;22916666;136;34;1843;221;0;0;0;0;11455389696;750;273;31;28;6259614242;123994112;17144143116
2019-03-16T13:00:00+01:00;17083333;0;0;1024;68;0;0;0;0;11455389696;546;187;25;22;6259771528;100331246;17144143116
2019-03-16T14:00:00+01:00;19166666;494;0;4710;51;0;0;0;0;11455389696;546;238;25;22;6259631718;120795955;17144143184
2019-03-16T15:00:00+01:00;28466666;51;0;904;204;0;0;0;0;11455389696;546;204;22;17;6259684147;131561335;17144143218
2019-03-16T16:00:00+01:00;17916666;0;0;955;68;0;0;0;0;11455389696;614;170;26;24;6259998720;89688200;17144143218
2019-03-16T17:00:00+01:00;17916666;0;0;989;51;0;0;0;0;11455389696;682;238;29;26;6259998720;69293397;17144143218
2019-03-16T18:00:00+01:00;26516666;0;0;3788;307;0;0;0;0;11455389696;614;256;26;23;6259806481;134776968;17144143218
2019-03-16T19:00:00+01:00;16666666;0;0;904;34;0;0;0;0;11455389696;614;273;29;23;6259998720;101484680;17144143218
2019-03-16T20:00:00+01:00;16666666;0;0;921;51;0;0;0;0;11455389696;546;187;25;20;6259963767;76755763;17144143282
2019-03-16T21:00:00+01:00;31066666;0;0;989;307;0;0;0;0;11455389696;546;324;26;23;6259649194;155066914;17144143320
2019-03-16T22:00:00+01:00;25000000;0;0;785;85;0;0;0;0;11455389696;682;204;30;26;6259858909;104665361;17144143320
2019-03-16T23:00:00+01:00;22916666;17;0;1058;85;0;0;0;0;11455389696;682;238;29;22;6260453102;96084514;17144143320
2019-03-17T00:00:00+01:00;25266666;0;0;750;290;0;0;0;0;11455389696;614;221;28;25;6259614242;129394278;17144143320
2019-03-17T01:00:00+01:00;15416666;102;460;989;648;0;0;0;0;11455389696;682;204;31;27;6259893862;134794444;17144143320
2019-03-17T02:00:00+01:00;17300000;0;0;3396;34;0;0;0;0;11455389696;546;170;25;19;6259596765;133606058;17144143348
2019-03-17T03:00:00+01:00;23750000;0;51;4590;477;0;0;0;0;11455389696;546;170;23;19;6259544337;186262050;17144262968
2019-03-17T04:00:00+01:00;25000000;0;0;955;68;0;0;0;0;11455389696;750;221;32;29;6259928814;83187029;17144190449
2019-03-17T05:00:00+01:00;16250000;0;0;699;85;0;0;0;0;11455389696;819;256;34;32;6259998720;83204505;17144191252
2019-03-17T06:00:00+01:00;8750000;204;0;1075;17;0;0;0;0;11455389696;750;221;31;28;6259771528;130442854;17144191277
2019-03-17T07:00:00+01:00;8333333;17;0;768;102;0;0;0;0;11455389696;477;187;22;19;6259998720;77856768;17144191354
2019-03-17T08:00:00+01:00;8750000;0;0;614;68;0;0;0;0;11455389696;546;238;25;22;6259998720;81107353;17144190398
2019-03-17T09:00:00+01:00;12733333;0;0;716;221;0;0;0;0;11455389696;750;307;28;26;6259806481;148723029;17144190330
2019-03-17T10:00:00+01:00;5833333;0;0;716;85;0;0;0;0;11455389696;819;238;33;30;6260033672;86437614;17144190330
2019-03-17T11:00:00+01:00;11666666;0;0;665;85;0;0;0;0;11455389696;477;170;22;20;6259998720;94983509;17144190330
2019-03-17T12:00:00+01:00;29016666;34;17;2235;204;0;0;0;0;11455389696;546;187;24;19;6259754052;128310749;17144190343
2019-03-17T13:00:00+01:00;18750000;0;0;699;51;0;0;0;0;11455389696;546;187;25;19;6260033672;77856768;17144190432
2019-03-17T14:00:00+01:00;27300000;955;0;2065;68;0;0;0;0;11455389696;682;221;30;27;6259841433;117562845;17144190432
2019-03-17T15:00:00+01:00;25950000;0;0;955;85;0;0;0;0;11455389696;682;204;31;27;6259806481;127262173;17144190432
2019-03-17T16:00:00+01:00;23333333;0;0;972;34;0;0;0;0;11455389696;546;170;26;22;6260295816;76755763;17144190432
2019-03-17T17:00:00+01:00;20416666;0;0;870;51;0;0;0;0;11455389696;750;256;32;29;6260435626;78957772;17144190432
2019-03-17T18:00:00+01:00;30233333;0;0;1570;153;0;0;0;0;11455389696;887;290;35;31;6259666670;190543735;17144190432
2019-03-17T19:00:00+01:00;21666666;0;0;921;85;0;0;0;0;11455389696;682;204;31;24;6259911338;73557606;17144190432
2019-03-17T20:00:00+01:00;13750000;0;0;938;17;0;0;0;0;11455389696;682;204;31;24;6259893862;79988872;17144190510
2019-03-17T21:00:00+01:00;19400000;34;0;802;85;0;0;0;0;11455389696;563;221;27;23;6259754052;136821691;17144190534
2019-03-17T22:00:00+01:00;15833333;17;0;802;34;0;0;0;0;11455389696;682;204;30;25;6259823957;102463351;17144190534
2019-03-17T23:00:00+01:00;12083333;0;0;887;392;0;0;0;0;11455389696;614;221;30;25;6259998720;80023825;17144190534
2019-03-18T00:00:00+01:00;25966666;34;0;1109;153;0;0;0;0;11455389696;819;187;32;24;6259684147;108981998;17144190534
2019-03-18T01:00:00+01:00;23833333;0;102;819;51;0;0;0;0;11455389696;887;238;33;30;6259841433;104665361;17144190534
2019-03-18T02:00:00+01:00;32900000;0;17;870;119;0;0;0;0;11455389696;477;187;23;17;6259509384;144371438;17144190622
2019-03-18T03:00:00+01:00;27633333;260;277;1180;520;0;0;0;0;11455389696;648;238;30;24;6259456955;214259029;17144239738
2019-03-18T04:00:00+01:00;22500000;0;0;853;85;0;0;0;0;11455389696;614;204;28;20;6253847074;114277307;17144238397
2019-03-18T05:00:00+01:00;22500000;0;0;682;51;0;0;0;0;11455389696;614;221;27;24;6179747703;89600819;17144238600
2019-03-18T06:00:00+01:00;25000000;0;0;2116;68;0;0;0;0;11455389696;750;204;29;21;6187279974;121896960;17144238600
2019-03-18T07:00:00+01:00;25000000;0;0;870;85;0;0;0;0;11455389696;682;221;30;24;6236318378;82138453;17144238600
2019-03-18T08:00:00+01:00;27166666;0;0;904;170;0;0;0;0;11455389696;665;307;38;35;6240268014;133623534;17144238671
2019-03-18T09:00:00+01:00;30200000;34;0;819;204;0;0;0;0;11455389696;1433;648;63;58;6247817762;166898346;17144238702
2019-03-18T10:00:00+01:00;25000000;0;0;870;119;0;0;0;0;11455389696;1262;1041;76;72;6251645064;111079150;17144238702
2019-03-18T11:00:00+01:00;24583333;0;0;1109;136;0;0;0;0;11455389696;1587;1587;108;98;6252536354;106832418;17144238702
2019-03-18T12:00:00+01:00;24166666;0;0;989;256;0;0;0;0;11455389696;938;682;58;56;6252658688;191592311;17144238702
2019-03-18T13:00:00+01:00;26300000;0;0;955;34;0;0;0;0;11455389696;682;238;37;32;6252746069;144441344;17144238702
2019-03-18T14:00:00+01:00;35850000;0;0;1211;34;0;0;0;0;11455389696;870;870;65;63;6252221781;159401028;17144238793
2019-03-18T15:00:00+01:00;36266666;0;0;1143;529;0;0;0;0;11455389696;3635;5324;222;230;6252221781;275373533;17144238804
2019-03-18T16:00:00+01:00;26300000;0;0;921;68;0;0;0;0;11455389696;1211;1280;71;73;6252379067;160449604;17144238804
2019-03-18T17:00:00+01:00;25000000;0;0;648;68;0;0;0;0;11455389696;409;153;22;20;6251802350;68227345;17144238804
2019-03-18T18:00:00+01:00;34533333;0;0;9354;104;0;0;0;0;11455389696;555;156;22;20;6251190681;151851281;17144238804
2019-03-18T19:00:00+01:00;25000000;0;0;819;85;0;0;0;0;11455389696;750;238;32;31;6251522730;98216618;17144238824
2019-03-18T20:00:00+01:00;25000000;0;0;699;68;0;0;0;0;11455389696;887;256;40;31;6251487778;105766365;17144238906
2019-03-18T21:00:00+01:00;31100000;0;34;1194;785;0;0;0;0;11455389696;614;324;29;29;6251313015;143322862;17144238906
2019-03-18T22:00:00+01:00;24583333;0;0;1075;102;0;0;0;0;11455389696;887;238;37;33;6252064494;84288034;17144238906
2019-03-18T23:00:00+01:00;22916666;0;0;1092;153;0;0;0;0;11455389696;409;153;18;16;6252658688;79988872;17144237950
2019-03-19T00:00:00+01:00;28466666;0;0;989;85;0;0;0;0;11455389696;614;170;29;28;6252344115;143322862;17144237882
2019-03-19T01:00:00+01:00;22916666;0;0;887;34;0;0;0;0;11455389696;614;187;29;28;6253986884;106849894;17144237948
2019-03-19T02:00:00+01:00;24166666;256;0;1553;68;0;0;0;0;11455389696;614;204;29;28;6254074265;112180155;17144237984
2019-03-19T03:00:00+01:00;33266666;85;238;1433;546;0;0;0;0;11455389696;682;204;38;35;6254214075;234548974;17144452151
2019-03-19T04:00:00+01:00;24583333;34;0;733;153;0;0;0;0;11455389696;750;273;41;37;6254283980;86420138;17144424368
2019-03-19T05:00:00+01:00;22916666;0;0;802;187;0;0;0;0;11455389696;682;238;35;35;6254755840;77874244;17144285433
2019-03-19T06:00:00+01:00;22500000;0;0;2150;34;0;0;0;0;11455389696;819;307;37;36;6254353885;161533132;17144285798
2019-03-19T07:00:00+01:00;28533333;0;0;989;102;0;0;0;0;11455389696;1501;1006;82;84;6253986884;114364689;17144285866
2019-03-19T08:00:00+01:00;27166666;0;0;972;68;0;0;0;0;11455389696;1365;887;77;75;6254616029;155154295;17144285900
2019-03-19T09:00:00+01:00;25866666;51;0;989;102;0;0;0;0;11455389696;802;614;53;53;6254214075;160467080;17144285900
2019-03-19T10:00:00+01:00;25000000;0;0;1194;85;0;0;0;0;11455389696;1587;1792;113;111;6254388838;144441344;17144285900
2019-03-19T11:00:00+01:00;25433333;0;0;1075;85;0;0;0;0;11455389696;887;494;54;50;6254668458;101449728;17144285900
2019-03-19T12:00:00+01:00;29333333;0;34;82380;512;0;0;0;0;11455389696;750;682;57;56;6254144170;141138329;17144285900
2019-03-19T13:00:00+01:00;27166666;0;0;1501;51;0;0;0;0;11455389696;2013;2901;143;139;6254336409;159470933;17144285995
2019-03-19T14:00:00+01:00;36266666;0;0;1006;85;0;0;0;0;11455389696;1314;1041;98;102;6254091741;142256810;17144286002
2019-03-19T15:00:00+01:00;31500000;0;0;921;529;0;0;0;0;11455389696;716;512;52;51;6254179123;147552119;17144286002
2019-03-19T16:00:00+01:00;25000000;0;0;904;119;0;0;0;0;11455389696;563;494;48;46;6254511172;111096627;17144286002
2019-03-19T17:00:00+01:00;25000000;0;0;785;51;0;0;0;0;11455389696;494;307;33;32;6254546124;108912093;17144286002
2019-03-19T18:00:00+01:00;32800000;0;0;2218;34;0;0;0;0;11455389696;1211;1245;81;84;6254091741;167999351;17144286002
2019-03-19T19:00:00+01:00;25866666;34;0;1228;34;0;0;0;0;11455389696;1604;1245;109;118;6254685934;164836147;17144286037
2019-03-19T20:00:00+01:00;25000000;0;0;1024;17;0;0;0;0;11455389696;409;204;19;17;6254755840;83204505;17144286035
2019-03-19T21:00:00+01:00;30650000;0;0;1621;153;0;0;0;0;11455389696;375;204;17;18;6254406314;122963012;17144285080
2019-03-19T22:00:00+01:00;20000000;0;0;870;136;0;0;0;0;11455389696;273;119;13;12;6254913126;79971396;17144285080
2019-03-19T23:00:00+01:00;19166666;17;0;1211;85;0;0;0;0;11455389696;546;204;26;24;6254755840;106884846;17144285080
2019-03-20T00:00:00+01:00;23450000;0;34;819;597;0;0;0;0;11455389696;341;256;17;18;6254388838;132592435;17144285080
2019-03-20T01:00:00+01:00;23166666;204;921;887;614;0;0;0;0;11455389696;273;187;13;14;6255507319;99265194;17144285098
2019-03-20T02:00:00+01:00;30633333;0;0;1092;187;0;0;0;0;11455389696;546;204;23;22;6255280128;136874120;17144285182
2019-03-20T03:00:00+01:00;37133333;70;141;2401;123;0;0;0;0;11455389696;409;238;24;23;6254546124;224832170;17144461613
2019-03-20T04:00:00+01:00;20000000;17;0;1092;51;0;0;0;0;11455389696;341;170;17;18;6254755840;101379822;17144333005
2019-03-20T05:00:00+01:00;20000000;0;0;955;102;0;0;0;0;11455389696;409;204;20;19;6255157794;87486190;17144333005
2019-03-20T06:00:00+01:00;24083333;51;0;1518;153;0;0;0;0;11455389696;14097;307;133;46;6255000507;139076130;17144333005
2019-03-20T07:00:00+01:00;23083333;0;0;938;85;0;0;0;0;11455389696;1024;1262;52;58;6254703411;104717789;17144333052
2019-03-20T08:00:00+01:00;22916666;0;0;887;85;0;0;0;0;11455389696;614;187;26;26;6254039313;122910583;17144333107
2019-03-20T09:00:00+01:00;29383333;0;0;853;34;0;0;0;0;11455389696;1092;955;71;65;6254004360;163717666;17144333107
2019-03-20T10:00:00+01:00;25500000;0;0;1092;85;0;0;0;0;11455389696;1587;2491;101;106;6254616029;208788957;17144333107
2019-03-20T11:00:00+01:00;25000000;0;0;1126;51;0;0;0;0;11455389696;1399;1024;89;84;6254616029;131369096;17144333107
2019-03-20T12:00:00+01:00;28466666;0;0;785;136;0;0;0;0;11455389696;614;256;29;26;6254353885;135773115;17144333107
2019-03-20T13:00:00+01:00;25000000;0;0;904;68;0;0;0;0;11455389696;580;477;31;28;6254720887;105748889;17144333163
2019-03-20T14:00:00+01:00;31066666;0;0;2201;68;0;0;0;0;11455389696;477;153;25;22;6254598553;140037324;17144333209
2019-03-20T15:00:00+01:00;29000000;0;0;870;136;0;0;0;0;11455389696;1143;938;72;70;6254808268;151956138;17144333209
2019-03-20T16:00:00+01:00;23333333;0;0;785;102;0;0;0;0;11455389696;341;153;22;18;6254983031;88604672;17144333209
2019-03-20T17:00:00+01:00;22916666;0;0;921;136;0;0;0;0;11455389696;409;153;21;19;6255594700;97150566;17144333209
2019-03-20T18:00:00+01:00;32366666;0;0;1041;138;0;0;0;0;11455389696;572;381;35;37;6255402461;157303876;17144333209
2019-03-20T19:00:00+01:00;22083333;0;0;699;68;0;0;0;0;11455389696;341;170;18;19;6255559748;88552243;17144333231
2019-03-20T20:00:00+01:00;23750000;0;0;716;68;0;0;0;0;11455389696;409;153;19;17;6255350033;73592558;17144333157
2019-03-20T21:00:00+01:00;27633333;0;0;1006;34;0;0;0;0;11455389696;341;153;16;14;6254843221;127209745;17144332287
2019-03-20T22:00:00+01:00;25000000;0;0;904;136;0;0;0;0;11455389696;409;153;18;20;6255804416;113176302;17144332287
2019-03-20T23:00:00+01:00;22083333;0;0;682;102;0;0;0;0;11455389696;682;238;29;27;6255769463;99317623;17144332287
2019-03-21T00:00:00+01:00;22216666;0;0;802;494;0;0;0;0;11455389696;477;221;23;22;6255402461;133658487;17144332287
2019-03-21T01:00:00+01:00;26750000;102;443;1075;682;0;0;0;0;11455389696;614;204;26;24;6255454890;113281160;17144332292
2019-03-21T02:00:00+01:00;35400000;0;0;1092;153;0;0;0;0;11455389696;546;204;24;22;6255507319;100366199;17144332389
2019-03-21T03:00:00+01:00;26066666;0;0;2321;392;0;0;0;0;11455389696;494;204;22;23;6255105365;203388791;17144332389
2019-03-21T04:00:00+01:00;19166666;0;0;1006;141;0;0;0;0;11455389696;273;119;14;12;6254948078;99317623;17144401566
2019-03-21T05:00:00+01:00;12500000;0;0;972;85;0;0;0;0;11455389696;409;153;18;16;6255175270;85301657;17144379109
2019-03-21T06:00:00+01:00;18333333;0;34;2030;170;0;0;0;0;11455389696;546;204;23;22;6254196599;129341849;17144380203
2019-03-21T07:00:00+01:00;25000000;0;0;563;102;0;0;0;0;11455389696;409;153;19;17;6254458743;86385186;17144380203
2019-03-21T08:00:00+01:00;28033333;0;0;853;85;0;0;0;0;11455389696;938;989;65;63;6254423790;120708573;17144380289
2019-03-21T09:00:00+01:00;25000000;68;51;2184;221;0;0;0;0;11455389696;699;699;47;50;6254231552;200260539;17144380305
2019-03-21T10:00:00+01:00;30633333;68;0;1006;119;0;0;0;0;11455389696;3942;6229;227;238;6254685934;312999936;17144380305
2019-03-21T11:00:00+01:00;25433333;0;0;1092;85;0;0;0;0;11455389696;1365;1996;97;96;6254720887;171232460;17144380305
2019-03-21T12:00:00+01:00;31933333;0;0;972;307;0;0;0;0;11455389696;341;238;28;25;6254633506;131491430;17144380305
2019-03-21T13:00:00+01:00;25000000;0;0;853;119;0;0;0;0;11455389696;409;153;28;25;6255594700;87433762;17144380344
2019-03-21T14:00:00+01:00;36266666;0;0;955;136;0;0;0;0;11455389696;409;204;31;29;6255087889;134724539;17144380407
2019-03-21T15:00:00+01:00;28900000;0;0;1041;102;0;0;0;0;11455389696;836;938;66;61;6254283980;159435980;17144380407
2019-03-21T16:00:00+01:00;34533333;0;0;768;85;0;0;0;0;11455389696;409;204;28;25;6254476219;137940172;17144380407
2019-03-21T17:00:00+01:00;25000000;0;0;836;102;0;0;0;0;11455389696;409;187;24;24;6255087889;89635771;17144380407
2019-03-21T18:00:00+01:00;28466666;0;0;989;85;0;0;0;0;11455389696;477;170;22;23;6255000507;150785228;17144380407
2019-03-21T19:00:00+01:00;19583333;0;0;853;68;0;0;0;0;11455389696;273;170;19;18;6255734510;71425501;17144380415
2019-03-21T20:00:00+01:00;23333333;0;0;750;85;0;0;0;0;11455389696;273;153;16;17;6255192746;82155929;17144380167
2019-03-21T21:00:00+01:00;21666666;0;0;5273;85;0;0;0;0;11455389696;409;204;23;21;6254738363;132609911;17144379485
2019-03-21T22:00:00+01:00;22916666;0;0;972;51;0;0;0;0;11455389696;409;136;20;19;6255507319;116461841;17144379485
2019-03-21T23:00:00+01:00;22916666;34;0;1041;68;0;0;0;0;11455389696;477;187;25;25;6255804416;99212765;17144379485
2019-03-22T00:00:00+01:00;28600000;34;0;972;102;0;0;0;0;11455389696;477;187;23;21;6255070412;123959159;17144379485
2019-03-22T01:00:00+01:00;23166666;0;51;699;136;0;0;0;0;11455389696;409;221;21;22;6255087889;106849894;17144379488
2019-03-22T02:00:00+01:00;23333333;51;0;1024;119;0;0;0;0;11455389696;546;221;25;24;6255577224;108947046;17144379587
2019-03-22T03:00:00+01:00;34100000;85;256;887;546;0;0;0;0;11455389696;546;256;27;24;6255245175;219466956;17144379587
2019-03-22T04:00:00+01:00;30633333;0;0;2389;53;0;0;0;0;11455389696;750;256;34;31;6255210222;125060164;17144505358
2019-03-22T05:00:00+01:00;25000000;0;0;904;119;0;0;0;0;11455389696;614;256;29;29;6255157794;90701824;17144426379
2019-03-22T06:00:00+01:00;25000000;0;34;8635;204;0;0;0;0;11455389696;477;153;21;20;6254528648;144353962;17144427401
2019-03-22T07:00:00+01:00;24166666;0;0;921;85;0;0;0;0;11455389696;614;204;29;28;6254493696;98199142;17144427411
2019-03-22T08:00:00+01:00;27166666;0;0;785;68;0;0;0;0;11455389696;1041;870;55;54;6254458743;155084390;17144427503
2019-03-22T09:00:00+01:00;29850000;0;0;802;358;0;0;0;0;11455389696;699;494;36;35;6254441267;187310626;17144427503
2019-03-22T10:00:00+01:00;26300000;0;0;1041;102;0;0;0;0;11455389696;750;409;50;56;6256398609;116496793;17144427503
2019-03-22T11:00:00+01:00;25000000;0;0;1041;34;0;0;0;0;11455389696;580;256;38;32;6256835515;91767876;17144427503
2019-03-22T12:00:00+01:00;28466666;51;17;1126;529;0;0;0;0;11455389696;614;238;33;30;6256538419;120795955;17144427503
2019-03-22T13:00:00+01:00;26733333;0;0;836;153;0;0;0;0;11455389696;1058;853;60;54;6256730658;112145203;17144427535
2019-03-22T14:00:00+01:00;25000000;0;0;938;34;0;0;0;0;11455389696;887;358;48;43;6256852992;92833928;17144427605
2019-03-22T15:00:00+01:00;25000000;529;0;1723;51;0;0;0;0;11455389696;631;238;35;31;6256451037;137940172;17144427605
2019-03-22T16:00:00+01:00;36266666;0;0;716;85;0;0;0;0;11455389696;546;256;34;30;6256381132;110083003;17144427605
2019-03-22T17:00:00+01:00;25000000;0;0;836;102;0;0;0;0;11455389696;682;187;29;24;6256555895;103616785;17144427605
2019-03-22T18:00:00+01:00;31500000;0;0;1024;136;0;0;0;0;11455389696;443;221;26;23;6256520942;164801194;17144427127
2019-03-22T19:00:00+01:00;25000000;17;0;1109;68;0;0;0;0;11455389696;682;256;30;25;6256800563;75724663;17144426601
2019-03-22T20:00:00+01:00;24166666;0;0;750;68;0;0;0;0;11455389696;750;221;33;28;6256800563;71442978;17144426683
2019-03-22T21:00:00+01:00;27216666;102;0;1245;102;0;0;0;0;11455389696;546;204;28;26;6256538419;125130069;17144426683
2019-03-22T22:00:00+01:00;17083333;0;0;1024;68;0;0;0;0;11455389696;546;324;27;24;6256818039;86455091;17144426683
2019-03-22T23:00:00+01:00;19166666;0;0;853;68;0;0;0;0;11455389696;614;221;29;27;6256852992;84288034;17144426683
2019-03-23T00:00:00+01:00;14583333;0;0;1877;102;0;0;0;0;11455389696;546;204;26;19;6256590848;116531746;17144426683
2019-03-23T01:00:00+01:00;38000000;102;460;1024;733;0;0;0;0;11455389696;614;256;29;28;6256678229;126108740;17144426683
2019-03-23T02:00:00+01:00;24583333;0;0;1024;153;0;0;0;0;11455389696;682;238;28;28;6256852992;86437614;17144426762
2019-03-23T03:00:00+01:00;36416666;85;136;1109;307;0;0;0;0;11455389696;750;392;36;35;6256416085;219554338;17144597595
2019-03-23T04:00:00+01:00;33733333;34;0;2116;85;0;0;0;0;11455389696;614;238;30;28;6256276275;154070766;17144474197
2019-03-23T05:00:00+01:00;19583333;0;0;938;34;0;0;0;0;11455389696;409;102;19;16;6256852992;69293397;17144474598
2019-03-23T06:00:00+01:00;16666666;0;0;2082;51;0;0;0;0;11455389696;546;170;24;23;6256468514;134724539;17144474598
2019-03-23T07:00:00+01:00;17916666;0;0;921;85;0;0;0;0;11455389696;614;187;28;25;6256206370;75742139;17144474598
2019-03-23T08:00:00+01:00;23333333;0;0;614;51;0;0;0;0;11455389696;682;221;30;26;6255454890;93987362;17144474628
2019-03-23T09:00:00+01:00;31516666;0;68;699;597;0;0;0;0;11455389696;614;256;28;25;6256101512;122997964;17144474700
2019-03-23T10:00:00+01:00;20000000;0;0;631;102;0;0;0;0;11455389696;614;187;28;24;6256835515;89618295;17144474700
2019-03-23T11:00:00+01:00;10000000;0;0;836;136;0;0;0;0;11455389696;409;153;23;21;6256730658;81072401;17144474700
2019-03-23T12:00:00+01:00;20133333;68;0;989;102;0;0;0;0;11455389696;546;187;26;23;6256363656;120813431;17144474700
2019-03-23T13:00:00+01:00;25000000;0;0;904;34;0;0;0;0;11455389696;682;238;31;29;6256730658;113281160;17144474700
2019-03-23T14:00:00+01:00;24166666;0;0;1041;238;0;0;0;0;11455389696;546;187;28;25;6256014131;73592558;17144474781
2019-03-23T15:00:00+01:00;30200000;68;0;1314;136;0;0;0;0;11455389696;20514;341;291;72;6256293751;136909073;17144474802
2019-03-23T16:00:00+01:00;28133333;0;0;768;68;0;0;0;0;11455389696;614;204;30;27;6256416085;123994112;17144474802
2019-03-23T17:00:00+01:00;23750000;0;0;972;136;0;0;0;0;11455389696;477;153;25;23;6256852992;90684347;17144474136
2019-03-23T18:00:00+01:00;19283333;0;0;1638;153;0;0;0;0;11455389696;563;187;28;26;6256433561;141225710;17144473778
2019-03-23T19:00:00+01:00;22500000;0;0;989;85;0;0;0;0;11455389696;409;170;23;21;6256713181;78957772;17144473778
2019-03-23T20:00:00+01:00;25000000;0;0;1041;85;0;0;0;0;11455389696;682;204;30;28;6256852992;95053414;17144473801
2019-03-23T21:00:00+01:00;27733333;0;0;904;187;0;0;0;0;11455389696;750;238;32;28;6256625800;132574958;17144473880
2019-03-23T22:00:00+01:00;25000000;0;0;853;102;0;0;0;0;11455389696;682;221;31;27;6256852992;113193779;17144473880
2019-03-23T23:00:00+01:00;24583333;0;0;989;119;0;0;0;0;11455389696;682;221;30;28;6256852992;108929570;17144473880
2019-03-24T00:00:00+01:00;23150000;0;0;972;494;0;0;0;0;11455389696;750;307;28;27;6256485990;129376802;17144473912
2019-03-24T01:00:00+01:00;31083333;102;443;1177;665;0;0;0;0;11455389696;477;204;26;24;6256573371;115430741;17144473982
2019-03-24T02:00:00+01:00;15833333;0;0;989;102;0;0;0;0;11455389696;546;238;27;25;6256852992;81054924;17144473982
2019-03-24T03:00:00+01:00;29150000;971;538;4720;104;0;0;0;0;11455389696;7492;358;89;59;6256136465;249613516;17145078224
2019-03-24T04:00:00+01:00;28133333;0;0;768;17;0;0;0;0;11455389696;682;238;30;26;6256328704;137992601;17144521481
2019-03-24T05:00:00+01:00;23333333;0;0;529;17;0;0;0;0;11455389696;546;221;27;24;6256835515;95018461;17144521952
2019-03-24T06:00:00+01:00;31066666;17;0;1041;51;0;0;0;0;11455389696;409;170;22;21;6256748134;150872610;17144521958
2019-03-24T07:00:00+01:00;25000000;0;0;921;51;0;0;0;0;11455389696;409;204;23;22;6257010278;84253081;17144522054
2019-03-24T08:00:00+01:00;24166666;0;0;836;51;0;0;0;0;11455389696;682;221;28;27;6256852992;93934933;17144522054
2019-03-24T09:00:00+01:00;31066666;0;0;1075;68;0;0;0;0;11455389696;614;238;28;22;6256468514;141138329;17144522054
2019-03-24T10:00:00+01:00;22083333;34;0;1058;51;0;0;0;0;11455389696;614;187;26;24;6256748134;70359449;17144522054
2019-03-24T11:00:00+01:00;20833333;0;0;972;51;0;0;0;0;11455389696;546;170;24;21;6256573371;96101990;17144522054
2019-03-24T12:00:00+01:00;22633333;0;0;682;34;0;0;0;0;11455389696;614;238;29;28;6256625800;106832418;17144522054
2019-03-24T13:00:00+01:00;16250000;0;0;802;85;0;0;0;0;11455389696;614;204;29;28;6256852992;94983509;17144522054
2019-03-24T14:00:00+01:00;17916666;0;0;665;51;0;0;0;0;11455389696;546;256;28;26;6257202517;86367709;17144521386
2019-03-24T15:00:00+01:00;25133333;494;0;3106;51;0;0;0;0;11455389696;750;290;35;33;6256940373;114364689;17144521132
2019-03-24T16:00:00+01:00;23750000;0;0;1041;85;0;0;0;0;11455389696;341;153;21;17;6256678229;127227221;17144521132
2019-03-24T17:00:00+01:00;22500000;0;0;1041;85;0;0;0;0;11455389696;546;204;26;24;6256852992;83239458;17144521132
2019-03-24T18:00:00+01:00;26066666;0;0;2372;136;0;0;0;0;11455389696;648;256;31;28;6259404526;136926549;17144521132
2019-03-24T19:00:00+01:00;21666666;0;0;938;85;0;0;0;0;11455389696;546;221;26;24;6259754052;81054924;17144521132
2019-03-24T20:00:00+01:00;19166666;0;0;785;17;0;0;0;0;11455389696;750;273;34;32;6259946291;76790715;17144521194
2019-03-24T21:00:00+01:00;23983333;34;68;1211;716;0;0;0;0;11455389696;477;307;24;22;6259544337;113263684;17144521234
2019-03-24T22:00:00+01:00;22083333;0;0;972;85;0;0;0;0;11455389696;477;187;24;22;6259928814;73557606;17144521234
2019-03-24T23:00:00+01:00;20833333;0;0;682;290;0;0;0;0;11455389696;477;187;24;22;6259981243;95088366;17144521234
2019-03-25T00:00:00+01:00;24816666;0;0;1024;119;0;0;0;0;11455389696;546;221;23;21;6259544337;163717666;17144521234
2019-03-25T01:00:00+01:00;15233333;0;0;699;51;0;0;0;0;11455389696;546;256;27;23;6259264716;139023701;17144521234
2019-03-25T02:00:00+01:00;20416666;0;0;819;51;0;0;0;0;11455389696;614;238;28;27;6259998720;77856768;17144521320
2019-03-25T03:00:00+01:00;34533333;1465;547;2683;123;0;0;0;0;11455389696;648;273;28;26;6259247240;215255176;17144799405
2019-03-25T04:00:00+01:00;32900000;0;0;904;0;0;0;0;0;11455389696;546;170;22;21;6259422003;147656977;17144569022
2019-03-25T05:00:00+01:00;24166666;0;0;989;85;0;0;0;0;11455389696;341;170;18;17;6259981243;82103500;17144569161
2019-03-25T06:00:00+01:00;23750000;68;0;2235;68;0;0;0;0;11455389696;614;256;29;28;6259736576;119764855;17144569161
2019-03-25T07:00:00+01:00;28466666;0;0;870;68;0;0;0;0;11455389696;716;494;42;54;6259841433;121896960;17144569161
2019-03-25T08:00:00+01:00;28033333;0;0;989;51;0;0;0;0;11455389696;1314;904;92;83;6259963767;180966741;17144569244
2019-03-25T09:00:00+01:00;23483333;0;0;989;102;0;0;0;0;11455389696;1450;1331;82;75;6259596765;193741892;17144569263
2019-03-25T10:00:00+01:00;31933333;0;0;750;51;0;0;0;0;11455389696;477;256;34;32;6255245175;92886357;17144569263
2019-03-25T11:00:00+01:00;31933333;0;0;733;51;0;0;0;0;11455389696;341;170;26;27;6245056512;126108740;17144569263
2019-03-25T12:00:00+01:00;31933333;0;0;2065;153;0;0;0;0;11455389696;546;204;30;27;6243169075;152952285;17144569263
2019-03-25T13:00:00+01:00;34533333;0;0;938;34;0;0;0;0;11455389696;1160;1723;84;82;6247415808;166880870;17144569263
2019-03-25T14:00:00+01:00;26733333;0;0;733;51;0;0;0;0;11455389696;1297;1621;84;75;6248027477;160536985;17144569363
2019-03-25T15:00:00+01:00;28466666;0;0;802;51;0;0;0;0;11455389696;1092;665;61;50;6248097382;158352452;17144569365
2019-03-25T16:00:00+01:00;25000000;0;0;1109;34;0;0;0;0;11455389696;494;307;35;33;6248289621;86420138;17144569365
2019-03-25T17:00:00+01:00;25000000;0;0;699;34;0;0;0;0;11455389696;512;204;28;25;6248831385;71425501;17144569365
2019-03-25T18:00:00+01:00;28466666;0;136;716;699;0;0;0;0;11455389696;477;341;29;31;6249355673;143340339;17144569365
2019-03-25T19:00:00+01:00;25000000;0;0;921;153;0;0;0;0;11455389696;409;221;23;22;6249984819;104682837;17144569365
2019-03-25T20:00:00+01:00;24166666;0;0;1041;34;0;0;0;0;11455389696;546;204;28;29;6249443054;80058777;17144569450
2019-03-25T21:00:00+01:00;25533333;34;0;2133;136;0;0;0;0;11455389696;477;170;24;25;6249163434;144319010;17144569467
2019-03-25T22:00:00+01:00;24166666;0;0;733;68;0;0;0;0;11455389696;273;153;19;17;6249810056;74658611;17144569467
2019-03-25T23:00:00+01:00;20000000;0;0;1024;85;0;0;0;0;11455389696;614;238;29;26;6249408102;95000985;17144569467
2019-03-26T00:00:00+01:00;24400000;17;0;2201;102;0;0;0;0;11455389696;409;136;20;18;6249355673;118611421;17144569467
2019-03-26T01:00:00+01:00;29416666;375;0;3720;17;0;0;0;0;11455389696;409;187;23;22;6249810056;155101866;17144569467
2019-03-26T02:00:00+01:00;20833333;34;0;1194;102;0;0;0;0;11455389696;477;187;27;24;6250369297;82138453;17144569461
2019-03-26T03:00:00+01:00;33266666;85;204;1245;426;0;0;0;0;11455389696;682;221;31;29;6250037248;201274163;17144782712
2019-03-26T04:00:00+01:00;22916666;0;0;706;88;0;0;0;0;11455389696;477;187;22;21;6250229486;80023825;17144720636
2019-03-26T05:00:00+01:00;25000000;0;0;819;51;0;0;0;0;11455389696;614;238;29;28;6250736298;86385186;17144616363
2019-03-26T06:00:00+01:00;27666666;136;0;9147;119;0;0;0;0;11455389696;614;221;28;26;6250631441;148740505;17144616363
2019-03-26T07:00:00+01:00;30216666;0;0;1041;17;0;0;0;0;11455389696;768;3413;53;50;6251347968;210973491;17144616363
2019-03-26T08:00:00+01:00;24600000;0;0;853;51;0;0;0;0;11455389696;870;938;65;67;6253392691;127192268;17144616436
2019-03-26T09:00:00+01:00;28466666;0;0;955;102;0;0;0;0;11455389696;426;238;30;27;6254283980;164818670;17144616465
2019-03-26T10:00:00+01:00;25000000;0;0;938;102;0;0;0;0;11455389696;614;256;35;31;6254546124;108947046;17144616465
2019-03-26T11:00:00+01:00;25000000;0;0;750;51;0;0;0;0;11455389696;477;221;28;23;6254860697;84305510;17144616465
2019-03-26T12:00:00+01:00;28466666;204;0;2833;119;0;0;0;0;11455389696;409;153;25;21;6254441267;134742016;17144616465
2019-03-26T13:00:00+01:00;37133333;0;0;3549;68;0;0;0;0;11455389696;614;221;31;27;6254546124;117580322;17144616465
2019-03-26T14:00:00+01:00;25000000;0;0;819;51;0;0;0;0;11455389696;580;358;45;37;6254283980;98234094;17144616531
2019-03-26T15:00:00+01:00;25866666;443;0;2662;102;0;0;0;0;11455389696;1433;2013;106;100;6254388838;203423744;17144616567
2019-03-26T16:00:00+01:00;27166666;0;0;682;34;0;0;0;0;11455389696;2099;4608;143;141;6254546124;280843605;17144616567
2019-03-26T17:00:00+01:00;25433333;0;0;699;51;0;0;0;0;11455389696;1058;563;77;64;6254755840;96032085;17144616567
2019-03-26T18:00:00+01:00;28466666;0;0;546;51;0;0;0;0;11455389696;614;256;41;32;6254476219;127174792;17144616597
2019-03-26T19:00:00+01:00;25000000;0;0;989;0;0;0;0;0;11455389696;1194;887;76;69;6254685934;93917457;17144616669
2019-03-26T20:00:00+01:00;25000000;0;0;972;119;0;0;0;0;11455389696;477;221;33;27;6254755840;104700313;17144616669
2019-03-26T21:00:00+01:00;21250000;0;0;972;85;0;0;0;0;11455389696;563;238;36;24;6254458743;152987238;17144616669
2019-03-26T22:00:00+01:00;22916666;0;0;733;51;0;0;0;0;11455389696;409;204;31;22;6254755840;84322986;17144616669
2019-03-26T23:00:00+01:00;15416666;0;0;1058;358;0;0;0;0;11455389696;409;170;32;24;6254633506;92868881;17144616157
2019-03-27T00:00:00+01:00;18750000;0;0;972;324;0;0;0;0;11455389696;546;307;35;25;6254528648;129376802;17144615653
2019-03-27T01:00:00+01:00;30083333;0;102;2048;68;0;0;0;0;11455389696;955;256;45;37;6254493696;174413141;17144615747
2019-03-27T02:00:00+01:00;22916666;0;0;802;85;0;0;0;0;11455389696;546;204;35;24;6255122841;85319133;17144615747
2019-03-27T03:00:00+01:00;40700000;1423;503;4981;52;0;0;0;0;11455389696;580;273;38;26;6254843221;239966617;17144940238
2019-03-27T04:00:00+01:00;21250000;0;0;955;85;0;0;0;0;11455389696;682;204;40;29;6254091741;79953920;17144662778
2019-03-27T05:00:00+01:00;23750000;0;0;870;51;0;0;0;0;11455389696;341;204;27;17;6254755840;86402662;17144663561
2019-03-27T06:00:00+01:00;27200000;0;0;1331;187;0;0;0;0;11455389696;512;238;34;23;6254598553;140107229;17144663578
2019-03-27T07:00:00+01:00;31066666;0;0;887;85;0;0;0;0;11455389696;1006;768;61;56;6254388838;161620514;17144663663
2019-03-27T08:00:00+01:00;25000000;0;0;921;34;0;0;0;0;11455389696;477;238;38;27;6254668458;90649395;17144663663
2019-03-27T09:00:00+01:00;28466666;341;0;1058;34;0;0;0;0;11455389696;819;324;49;38;6254423790;151973614;17144663663
2019-03-27T10:00:00+01:00;25000000;0;0;1006;119;0;0;0;0;11455389696;477;256;35;24;6254703411;107880994;17144663663
2019-03-27T11:00:00+01:00;26733333;0;0;989;85;0;0;0;0;11455389696;870;904;68;61;6254755840;123941683;17144663663
2019-03-27T12:00:00+01:00;28900000;0;0;1126;34;0;0;0;0;11455389696;477;187;34;25;6254458743;134742016;17144663663
2019-03-27T13:00:00+01:00;30633333;0;0;1024;51;0;0;0;0;11455389696;750;375;53;46;6254318933;144371438;17144663732
2019-03-27T14:00:00+01:00;25866666;0;0;1024;51;0;0;0;0;11455389696;1211;1587;89;77;6254406314;116479317;17144663765
2019-03-27T15:00:00+01:00;31066666;0;0;1041;85;0;0;0;0;11455389696;631;426;51;42;6254318933;160432128;17144663765
2019-03-27T16:00:00+01:00;21666666;0;0;836;51;0;0;0;0;11455389696;546;256;38;28;6255157794;109943193;17144663765
2019-03-27T17:00:00+01:00;25000000;0;0;768;17;0;0;0;0;11455389696;409;170;32;20;6255000507;78957772;17144663765
2019-03-27T18:00:00+01:00;25000000;0;34;2286;187;0;0;0;0;11455389696;614;290;39;30;6254371362;141190758;17144663765
2019-03-27T19:00:00+01:00;25000000;0;0;938;102;0;0;0;0;11455389696;341;153;27;22;6254720887;85354086;17144663865
2019-03-27T20:00:00+01:00;19583333;0;0;785;51;0;0;0;0;11455389696;477;136;29;20;6254738363;97115613;17144663867
2019-03-27T21:00:00+01:00;18866666;0;0;699;187;0;0;0;0;11455389696;682;358;40;32;6254511172;161533132;17144663372
2019-03-27T22:00:00+01:00;19583333;0;0;904;51;0;0;0;0;11455389696;546;204;32;23;6254720887;97168042;17144663295
2019-03-27T23:00:00+01:00;18750000;0;0;1041;51;0;0;0;0;11455389696;477;204;30;21;6254755840;99282670;17144662843
2019-03-28T00:00:00+01:00;24400000;0;0;785;51;0;0;0;0;11455389696;477;256;31;21;6254616029;127157316;17144662843
2019-03-28T01:00:00+01:00;39000000;375;17;3771;170;0;0;0;0;11455389696;443;153;27;20;6256363656;166880870;17144662933
2019-03-28T02:00:00+01:00;25000000;34;0;904;170;0;0;0;0;11455389696;477;187;33;24;6256713181;99265194;17144662945
2019-03-28T03:00:00+01:00;25866666;85;256;3652;750;0;0;0;0;11455389696;477;187;31;21;6256538419;189547588;17144662945
2019-03-28T04:00:00+01:00;23333333;0;0;937;69;0;0;0;0;11455389696;614;290;35;26;6256922897;98234094;17144947196
2019-03-28T05:00:00+01:00;24583333;0;0;955;119;0;0;0;0;11455389696;477;170;30;24;6256835515;71425501;17144710761
2019-03-28T06:00:00+01:00;26800000;102;0;1996;170;0;0;0;0;11455389696;614;187;34;26;6256573371;154088243;17144710781
2019-03-28T07:00:00+01:00;28516666;0;0;1024;17;0;0;0;0;11455389696;648;529;48;40;6256730658;115483170;17144710863
2019-03-28T08:00:00+01:00;25050000;0;0;955;85;0;0;0;0;11455389696;1245;887;79;71;6256800563;164783718;17144710863
2019-03-28T09:00:00+01:00;33666666;0;68;82670;290;0;0;0;0;11455389696;477;290;37;30;6256503466;169065403;17144710863
2019-03-28T10:00:00+01:00;25000000;0;0;733;85;0;0;0;0;11455389696;546;256;35;26;6256765610;96067037;17144710863
2019-03-28T11:00:00+01:00;25000000;0;0;955;85;0;0;0;0;11455389696;972;955;70;60;6256678229;105696460;17144710863
2019-03-28T12:00:00+01:00;31933333;0;0;1006;51;0;0;0;0;11455389696;546;153;34;25;6256503466;131561335;17144710863
2019-03-28T13:00:00+01:00;28550000;0;0;989;85;0;0;0;0;11455389696;341;136;30;20;6255996654;141208234;17144710863
2019-03-28T14:00:00+01:00;25000000;0;0;1092;119;0;0;0;0;11455389696;546;187;36;26;6256328704;93969885;17144710898
2019-03-28T15:00:00+01:00;23750000;0;0;2457;136;0;0;0;0;11455389696;614;204;38;27;6256573371;133693440;17144710965
2019-03-28T16:00:00+01:00;24583333;0;0;904;51;0;0;0;0;11455389696;785;477;51;40;6256678229;71425501;17144710965
2019-03-28T17:00:00+01:00;22916666;0;0;1638;68;0;0;0;0;11455389696;341;187;31;21;6256818039;97150566;17144710965
2019-03-28T18:00:00+01:00;24166666;0;34;955;273;0;0;0;0;11455389696;409;204;29;22;6256346180;147534643;17144711004
2019-03-28T19:00:00+01:00;19583333;0;0;750;136;0;0;0;0;11455389696;546;204;33;27;6256765610;87503667;17144711015
2019-03-28T20:00:00+01:00;18750000;0;0;938;85;0;0;0;0;11455389696;341;204;26;22;6256730658;93934933;17144710043
2019-03-28T21:00:00+01:00;25266666;17;0;904;85;0;0;0;0;11455389696;750;256;40;31;6256223846;133641011;17144710043
2019-03-28T22:00:00+01:00;14583333;0;0;921;102;0;0;0;0;11455389696;477;204;32;26;6256852992;80006348;17144710043
2019-03-28T23:00:00+01:00;15416666;0;0;887;563;0;0;0;0;11455389696;409;170;29;20;6256852992;90754252;17144710043
2019-03-29T00:00:00+01:00;23450000;273;0;1092;85;0;0;0;0;11455389696;614;238;36;26;6256520942;143340339;17144710043
2019-03-29T01:00:00+01:00;30433333;204;51;3874;187;0;0;0;0;11455389696;477;238;32;25;6256381132;135808068;17144710043
2019-03-29T02:00:00+01:00;24583333;0;0;1092;68;0;0;0;0;11455389696;409;136;28;19;6256992802;90666871;17144710073
2019-03-29T03:00:00+01:00;28900000;225;273;1371;433;0;0;0;0;11455389696;614;221;35;26;6257499613;171249937;17144863046
2019-03-29T04:00:00+01:00;25000000;0;0;989;34;0;0;0;0;11455389696;477;136;30;21;6257674376;88517290;17144757212
2019-03-29T05:00:00+01:00;25000000;0;0;921;136;0;0;0;0;11455389696;477;238;32;26;6257796710;81072401;17144757960
2019-03-29T06:00:00+01:00;31066666;68;136;682;375;0;0;0;0;11455389696;409;273;29;21;6256520942;178747255;17144757985
2019-03-29T07:00:00+01:00;26083333;0;0;938;68;0;0;0;0;11455389696;972;768;64;56;6256590848;151868757;17144758062
2019-03-29T08:00:00+01:00;25433333;34;0;1024;102;0;0;0;0;11455389696;460;290;39;31;6256748134;97185518;17144758062
2019-03-29T09:00:00+01:00;21250000;0;34;2184;238;0;0;0;0;11455389696;785;443;51;41;6257080183;116496793;17144758062
2019-03-29T10:00:00+01:00;26466666;0;0;4283;17;0;0;0;0;11455389696;477;153;33;24;6256625800;207687953;17144758062
2019-03-29T11:00:00+01:00;24166666;0;0;1365;51;0;0;0;0;11455389696;682;494;53;42;6256713181;99370052;17144758062
2019-03-29T12:00:00+01:00;26366666;0;0;921;204;0;0;0;0;11455389696;716;580;50;43;6256503466;190508782;17144758062
2019-03-29T13:00:00+01:00;24166666;0;0;904;51;0;0;0;0;11455389696;750;238;41;33;6256835515;89635771;17144758062
2019-03-29T14:00:00+01:00;24600000;0;0;938;102;0;0;0;0;11455389696;750;563;61;55;6256818039;138971272;17144758104
2019-03-29T15:00:00+01:00;29766666;0;0;836;68;0;0;0;0;11455389696;938;1211;62;53;6256520942;153057143;17144758164
2019-03-29T16:00:00+01:00;21666666;0;0;648;68;0;0;0;0;11455389696;341;136;25;16;6256223846;120761002;17144758164
2019-03-29T17:00:00+01:00;19166666;0;0;989;51;0;0;0;0;11455389696;341;153;25;18;6256852992;83204505;17144758164
2019-03-29T18:00:00+01:00;26800000;443;0;1706;68;0;0;0;0;11455389696;546;221;35;26;6256468514;110083003;17144758164
2019-03-29T19:00:00+01:00;19583333;0;0;785;17;0;0;0;0;11455389696;409;204;29;21;6256852992;93899980;17144757669
2019-03-29T20:00:00+01:00;11250000;0;0;682;34;0;0;0;0;11455389696;546;204;36;27;6256852992;80058777;17144757194
2019-03-29T21:00:00+01:00;18866666;0;0;870;51;0;0;0;0;11455389696;614;238;37;27;6256538419;145489920;17144757242
2019-03-29T22:00:00+01:00;25633333;0;0;870;51;0;0;0;0;11455389696;546;187;33;26;6256730658;115430741;17144757242
2019-03-29T23:00:00+01:00;20833333;0;0;955;187;0;0;0;0;11455389696;136;68;21;14;6256905420;86455091;17144757242
2019-03-30T00:00:00+01:00;25966666;0;0;802;136;0;0;0;0;11455389696;0;34;20;11;6256800563;153004714;17144757277
2019-03-30T01:00:00+01:00;19583333;0;0;750;85;0;0;0;0;11455389696;0;119;18;9;6256590848;106884846;17144757344
2019-03-30T02:00:00+01:00;22500000;0;0;1894;256;0;0;0;0;11455389696;0;85;19;10;6256818039;86437614;17144757344
2019-03-30T03:00:00+01:00;39350000;34;204;2286;1399;0;0;0;0;11455389696;34;136;56;48;6256608324;456829610;17144930289
2019-03-30T04:00:00+01:00;40600000;0;0;1160;2133;0;0;0;0;11455389696;426;221;89;81;6256748134;407424204;17144805054
2019-03-30T05:00:00+01:00;58366666;0;0;853;2338;0;0;0;0;11455389696;631;307;97;90;6257132612;438654293;17144805163
2019-03-30T06:00:00+01:00;44083333;3191;0;904;2867;0;0;0;0;11455389696;546;238;86;76;6257237469;434285226;17144805163
2019-03-30T07:00:00+01:00;38516666;0;0;836;1945;0;0;0;0;11455389696;477;204;87;75;6256818039;385998301;17144805163
2019-03-30T08:00:00+01:00;61000000;34;0;1006;1518;0;0;0;0;11455389696;648;358;103;92;6256852992;404173619;17144805205
2019-03-30T09:00:00+01:00;49700000;0;34;3430;2150;0;0;0;0;11455389696;512;324;87;73;6256660753;366669550;17144805265
2019-03-30T10:00:00+01:00;56633333;0;0;955;1877;0;0;0;0;11455389696;494;238;97;85;6257010278;427923865;17144805265
2019-03-30T11:00:00+01:00;50583333;0;0;1041;1416;0;0;0;0;11454785536;512;375;91;82;6257185041;373135769;17144805265
2019-03-30T12:00:00+01:00;53650000;51;0;972;2150;0;0;0;0;11449348096;460;409;91;77;6256922897;435456136;17144805270
2019-03-30T13:00:00+01:00;50166666;0;0;1024;2457;0;0;0;0;11449348096;529;460;98;86;6257779234;330214058;17144805367
2019-03-30T14:00:00+01:00;60983333;0;0;1006;2201;0;0;0;0;11449348096;580;375;98;86;6257901568;418172108;17144805367
2019-03-30T15:00:00+01:00;54466666;0;0;904;2304;0;0;0;0;11449347003;494;477;89;81;6257656900;403159995;17144805367
2019-03-30T16:00:00+01:00;44550000;0;0;1041;1945;0;0;0;0;11449331165;597;392;102;90;6257202517;370881331;17144805367
2019-03-30T17:00:00+01:00;51000000;0;0;1126;2218;0;0;0;0;11449348096;580;477;97;87;6257779234;366669550;17144805367
2019-03-30T18:00:00+01:00;65733333;0;0;1194;1911;0;0;0;0;11449348096;460;324;90;80;6258128759;425704379;17144804390
2019-03-30T19:00:00+01:00;45800000;0;0;1160;2645;0;0;0;0;11449348096;512;341;90;80;6257884091;438601864;17144804445
2019-03-30T20:00:00+01:00;55366666;34;0;1245;2065;0;0;0;0;11449348096;477;460;95;85;6257901568;365498641;17144804445
2019-03-30T21:00:00+01:00;52733333;0;0;887;2628;0;0;0;0;11449348096;512;273;93;81;6257691852;377382502;17144804445
2019-03-30T22:00:00+01:00;45383333;0;0;2133;2611;0;0;0;0;11449323315;512;392;92;80;6257779234;418172108;17144804445
2019-03-30T23:00:00+01:00;45400000;0;0;887;2184;0;0;0;0;11449303040;460;375;95;83;6258041378;398913262;17144804445
2019-03-31T00:00:00+01:00;57100000;0;0;2082;2082;0;0;0;0;11449303040;477;324;94;83;6258618094;460080196;17144804453
2019-03-31T01:00:00+01:00;48833333;0;0;972;2167;0;0;0;0;11449303040;512;341;92;84;6257884091;448231287;17144804547
2019-03-31T03:00:00+02:00;46666666;68;17;1228;2235;0;0;0;0;11449303040;460;409;94;81;6257901568;405292100;17145082443
2019-03-31T04:00:00+02:00;38866666;307;0;1809;2321;0;0;0;0;11449303040;512;290;86;73;6257534566;396763682;17144851735
2019-03-31T05:00:00+02:00;46233333;0;0;1092;2491;0;0;0;0;11449303040;682;477;107;93;6257796710;398895786;17144851787
2019-03-31T06:00:00+02:00;57066666;0;0;1160;1689;0;0;0;0;11449303040;477;256;89;78;6257901568;396746205;17144851787
2019-03-31T07:00:00+02:00;54900000;102;0;1041;2133;0;0;0;0;11449303040;597;324;88;76;6257342327;457930615;17144851787
2019-03-31T08:00:00+02:00;47100000;0;0;921;2065;0;0;0;0;11449303040;443;256;88;76;6257237469;352688537;17144852294
2019-03-31T09:00:00+02:00;56633333;34;0;1058;2048;0;0;0;0;11449303040;563;375;92;82;6257901568;412859323;17144852530
2019-03-31T10:00:00+02:00;48833333;0;0;2235;2355;0;0;0;0;11449303040;580;256;96;80;6257621947;384862344;17144852530
2019-03-31T11:00:00+02:00;62700000;0;0;768;1433;0;0;0;0;11449303040;563;375;97;86;6257656900;436452283;17144852530
2019-03-31T12:00:00+02:00;62266666;0;0;972;2184;0;0;0;0;11449303040;614;494;99;84;6257901568;414921523;17144852530
2019-03-31T13:00:00+02:00;49266666;0;0;1075;2286;0;0;0;0;11449303040;631;426;92;81;6257656900;387046877;17144852535
2019-03-31T14:00:00+02:00;35400000;0;0;904;2150;0;0;0;0;11449301469;631;443;97;85;6257901568;408560162;17144852632
2019-03-31T15:00:00+02:00;45800000;0;0;1160;2013;0;0;0;0;11449298944;580;443;97;84;6258058854;383866197;17144852632
2019-03-31T16:00:00+02:00;57933333;51;0;1194;2065;0;0;0;0;11449298944;563;290;91;81;6258006425;437483383;17144852632
2019-03-31T17:00:00+02:00;40600000;0;0;1041;2372;0;0;0;0;11449298944;597;375;85;74;6257901568;377365026;17144852632
2019-03-31T18:00:00+02:00;56200000;0;0;989;1979;0;0;0;0;11449298944;546;256;91;84;6257901568;421405218;17144852307
2019-03-31T19:00:00+02:00;47533333;0;0;2338;1484;0;0;0;0;11449298944;648;375;97;85;6257674376;383831244;17144851608
2019-03-31T20:00:00+02:00;56633333;0;0;1194;2286;0;0;0;0;11449298944;648;426;101;94;6257866615;437500859;17144851693
2019-03-31T21:00:00+02:00;51000000;0;0;938;2423;0;0;0;0;11449298944;631;358;94;87;6257779234;388130406;17144851710
2019-03-31T22:00:00+02:00;44933333;0;0;1126;2730;0;0;0;0;11449308228;460;341;85;75;6257656900;416022528;17144851710
2019-03-31T23:00:00+02:00;51450000;0;0;1006;2030;0;0;0;0;11449331712;494;358;88;79;6257674376;402111419;17144851710
2019-04-01T00:00:00+02:00;35400000;0;0;1041;2457;0;0;0;0;11449331712;648;170;96;84;6257866615;329025672;17144851710
