Time;CP_ usage;ANB_read;ANB_write;AN_read;AN_write;Free_disk;B_rec;B_trans;P_rec;P_trans;H_memory;G_memory;C_storage
2019-03-01T00:00:00+01:00;24300000;37512;22374;4;1;1822674944;1672;6296;320;222;2141087334;108038280;28065147208
2019-03-01T01:00:00+01:00;26983333;341;3754;0;0;1822674944;2406;22630;545;449;2141926195;111918011;28065147208
2019-03-01T02:00:00+01:00;22766666;0;3908;0;0;1822674944;1160;5973;269;204;2142992247;93515502;28065147208
2019-03-01T03:00:00+01:00;23533333;648;3379;0;0;1822674944;1177;5546;290;189;2142100957;94144648;28065147208
2019-03-01T04:00:00+01:00;24300000;0;3140;0;0;1822674944;1314;7475;328;222;2142031052;79307298;28065147208
2019-03-01T05:00:00+01:00;35033333;8362;15923;2;1;1822674944;1911;20411;367;380;2142555340;107199419;28065147208
2019-03-01T06:00:00+01:00;54966666;64836;78506;15;11;1822674944;8362;35037;1000;1084;2143079628;208212241;28065147208
2019-03-01T07:00:00+01:00;36183333;9147;12629;2;1;1822674944;5767;14830;679;535;2143219438;112250060;28065147208
2019-03-01T08:00:00+01:00;31966666;0;4829;0;0;1822674944;8669;40738;913;830;2143289344;118593945;28065147208
2019-03-01T09:00:00+01:00;36950000;1826;5580;0;0;1822674944;10154;39543;1118;1097;2143289344;135982830;28065147208
2019-03-01T10:00:00+01:00;75283333;26129;35998;6;5;1822674944;12617;50314;1129;1163;2143289344;148268646;28065147208
2019-03-01T11:00:00+01:00;56883333;204;4693;0;0;1822674944;11366;26862;1045;992;2143289344;123539729;28065147208
2019-03-01T12:00:00+01:00;57266666;4215;9523;1;1;1822674944;11792;167731;1411;1803;2143289344;111848106;28065147208
2019-03-01T13:00:00+01:00;38100000;887;4659;0;0;1822674944;9915;31180;1086;976;2143289344;120324096;28065147208
2019-03-01T14:00:00+01:00;47683333;65194;78421;15;6;1822674944;10359;38109;1069;1051;2143289344;108370329;28065147208
2019-03-01T15:00:00+01:00;44616666;3686;7697;0;0;1822674944;9710;25719;1001;902;2143289344;113648162;28065147208
2019-03-01T16:00:00+01:00;36566666;0;4864;0;0;1822674944;9676;29696;1134;954;2143271867;109418905;28065147208
2019-03-01T17:00:00+01:00;31200000;0;5324;0;0;1822674944;8516;34662;1021;909;2143271867;112529681;28065147208
2019-03-01T18:00:00+01:00;48450000;23347;34696;5;4;1822674944;9163;66969;976;1121;2143132057;123976635;28065147208
2019-03-01T19:00:00+01:00;28900000;0;3805;0;0;1822674944;4283;10820;600;453;2143201962;103022592;28065147208
2019-03-01T20:00:00+01:00;24300000;238;3686;0;0;1822674944;1979;4915;311;231;2143184486;92606737;28065147208
2019-03-01T21:00:00+01:00;30433333;65570;78080;15;9;1822674944;2508;5802;327;251;2143236915;105871223;28065147208
2019-03-01T22:00:00+01:00;23533333;0;3037;0;0;1822674944;2065;13124;437;353;2142677674;97395234;28065147208
2019-03-01T23:00:00+01:00;114383333;13772;20343;3;2;1822674944;21674;43485;4323;5356;2142188339;110729625;28065147208
2019-03-02T00:00:00+01:00;24300000;0;2747;0;0;1822674944;1638;3242;287;180;2142188339;114259831;28065147208
2019-03-02T01:00:00+01:00;25450000;102;3464;0;0;1822674944;1570;6894;333;254;2142083481;107601373;28065147208
2019-03-02T02:00:00+01:00;23916666;0;3891;0;0;1822674944;1297;6024;280;220;2141279573;98688477;28065147208
2019-03-02T03:00:00+01:00;23916666;0;1979;0;0;1822674944;1092;5512;273;180;2141751432;92676642;28065147208
2019-03-02T04:00:00+01:00;23533333;0;3157;0;0;1822674944;1399;5785;312;239;2141227144;83519078;28065147208
2019-03-02T05:00:00+01:00;35416666;10240;16861;2;1;1822674944;2047;15752;342;341;2141873766;98199142;28065147208
2019-03-02T06:00:00+01:00;44233333;75400;78830;16;9;1822674944;2303;7287;367;291;2143009723;193200128;28065147208
2019-03-02T07:00:00+01:00;33500000;7560;11520;1;1;1822674944;2081;6689;352;300;2143044676;94144648;28065147208
2019-03-02T08:00:00+01:00;26600000;6434;10035;1;0;1822674944;2474;14437;422;374;2142398054;104455645;28065147208
2019-03-02T09:00:00+01:00;22383333;0;3191;0;0;1822674944;1996;7082;365;265;2141908718;87800763;28065147208
2019-03-02T10:00:00+01:00;54583333;36420;46523;8;4;1822674944;3635;20531;553;499;2142205815;112634538;28065147208
2019-03-02T11:00:00+01:00;31200000;0;3089;0;0;1822674944;2099;8140;385;321;2142205815;114626833;28065147208
2019-03-02T12:00:00+01:00;26216666;20087;26214;4;2;1822674944;2696;17134;368;352;2142048529;95175748;28065147208
2019-03-02T13:00:00+01:00;25450000;1314;3891;0;0;1822674944;1877;7782;351;275;2142100957;102253636;28065147208
2019-03-02T14:00:00+01:00;27366666;3413;7901;0;1;1822674944;2901;22391;588;553;2142135910;108352853;28065147208
2019-03-02T15:00:00+01:00;23150000;0;3430;0;0;1822674944;2679;12322;467;371;2142170862;105119744;28065147208
2019-03-02T16:00:00+01:00;23916666;0;3515;0;0;1822674944;2679;11554;479;363;2142083481;88185241;28065147208
2019-03-02T17:00:00+01:00;23916666;17;4334;0;0;1822674944;2218;5358;376;287;2141996100;94529126;28065147208
2019-03-02T18:00:00+01:00;60716666;31163;40448;7;4;1822674944;4044;15906;434;416;2141891242;123941683;28065147208
2019-03-02T19:00:00+01:00;24683333;648;3822;0;0;1822674944;2713;12441;461;381;2142135910;94057267;28065147208
2019-03-02T20:00:00+01:00;27366666;682;5376;0;0;1822674944;2730;20667;553;485;2142153386;105853747;28065147208
2019-03-02T21:00:00+01:00;29283333;1979;4864;0;0;1822674944;2338;14318;443;385;2141926195;114731690;28065147208
2019-03-02T22:00:00+01:00;25450000;0;3020;0;0;1822674944;2508;17032;514;422;2142013576;98758382;28065147208
2019-03-02T23:00:00+01:00;100200000;7628;16469;1;2;1822674944;23381;39065;4673;5196;2143114581;107636326;28065147208
2019-03-03T00:00:00+01:00;24683333;34;4300;0;0;1822674944;2525;24115;598;535;2142957294;106150843;28065147208
2019-03-03T01:00:00+01:00;27366666;34;2696;0;0;1822674944;1570;5154;426;338;2142520388;104018739;28065147208
2019-03-03T02:00:00+01:00;25450000;0;3293;0;0;1822674944;1723;4864;454;372;2143027200;105137220;28065147208
2019-03-03T03:00:00+01:00;23533333;273;3242;0;0;1822674944;1501;8499;394;331;2142135910;102620637;28065147208
2019-03-03T04:00:00+01:00;24683333;0;4522;0;0;1822674944;1536;12032;384;320;2142135910;97779712;28065147208
2019-03-03T05:00:00+01:00;37716666;57036;68864;13;8;1822674944;2713;15103;348;341;2142118434;122910583;28065147208
2019-03-03T06:00:00+01:00;48833333;69768;170444;15;12;1822674944;3020;11912;456;412;2142887389;183291084;28065147208
2019-03-03T07:00:00+01:00;23533333;0;3191;0;0;1822674944;1041;3191;272;180;2142205815;110450005;28065147208
2019-03-03T08:00:00+01:00;26983333;0;4078;0;0;1822674944;1501;11673;343;268;2143167010;105102267;28065147208
2019-03-03T09:00:00+01:00;23916666;0;3396;0;0;1822674944;1809;8448;366;291;2142275720;105783842;28065147208
2019-03-03T10:00:00+01:00;56116666;11571;31914;2;5;1822674944;2935;17782;554;569;2142502912;115098692;28065147208
2019-03-03T11:00:00+01:00;46150000;13824;19473;3;2;1822674944;3293;11775;486;429;2141489288;89198865;28065147208
2019-03-03T12:00:00+01:00;31583333;14062;21196;3;2;1822674944;2986;14011;406;359;2141838813;119275520;28065147208
2019-03-03T13:00:00+01:00;28516666;648;4078;0;0;1822674944;2218;9403;408;320;2142188339;92694118;28065147208
2019-03-03T14:00:00+01:00;27366666;3379;9113;0;0;1822674944;3276;23381;616;567;2142031052;97010756;28065147208
2019-03-03T15:00:00+01:00;23533333;238;3584;0;0;1822674944;1996;4625;343;254;2142066005;91261064;28065147208
2019-03-03T16:00:00+01:00;25450000;0;3942;0;0;1822674944;2440;11690;454;355;2141978624;99387528;28065147208
2019-03-03T17:00:00+01:00;25450000;0;3481;0;0;1822674944;2116;6092;351;270;2141856290;89198865;28065147208
2019-03-03T18:00:00+01:00;76050000;30600;36676;6;3;1822674944;3856;15410;420;361;2142066005;106185796;28065147208
2019-03-03T19:00:00+01:00;27366666;648;4164;0;0;1822674944;3054;8601;460;339;2142013576;112949111;28065147208
2019-03-03T20:00:00+01:00;26600000;307;4881;0;0;1822674944;2986;16435;535;451;2141996100;99806958;28065147208
2019-03-03T21:00:00+01:00;31966666;37410;47206;9;8;1797165465;2849;8498;391;323;2142083481;110362624;28065147208
2019-03-03T22:00:00+01:00;25066666;0;3345;0;0;1791438848;2645;15223;493;430;2142135910;105539174;28065147208
2019-03-03T23:00:00+01:00;76050000;0;4232;0;0;1791438848;21128;32563;4281;4808;2142555340;124273732;28065147208
2019-03-04T00:00:00+01:00;24300000;34;3498;0;0;1791438848;2440;21213;544;486;2142415530;99544814;28065147208
2019-03-04T01:00:00+01:00;26600000;0;4044;0;0;1791438848;1553;8942;343;271;2142677674;113333589;28065147208
2019-03-04T02:00:00+01:00;23533333;0;3840;0;0;1791438848;1160;6570;300;224;2143184486;105032362;28065147208
2019-03-04T03:00:00+01:00;23916666;0;3874;0;0;1791438848;1399;9472;345;267;2142415530;86752187;28065147208
2019-03-04T04:00:00+01:00;28133333;0;4403;0;0;1791438848;1638;9403;393;306;2141996100;88132812;28065147208
2019-03-04T05:00:00+01:00;33500000;18602;24081;4;1;1791438848;2201;17134;415;507;2142013576;93847552;28065147208
2019-03-04T06:00:00+01:00;55733333;64716;79206;15;8;1791438848;10581;27818;1360;1244;2142677674;189110681;28065147208
2019-03-04T07:00:00+01:00;49216666;10632;25565;2;4;1791438848;7133;26965;1031;926;2142625245;128555417;28065147208
2019-03-04T08:00:00+01:00;40400000;3942;8567;0;0;1791438848;10000;38194;919;834;2143289344;135633305;28065147208
2019-03-04T09:00:00+01:00;40783333;34;4061;0;0;1791438848;10240;35037;1081;992;2143271867;118925994;28065147208
2019-03-04T10:00:00+01:00;95216666;25207;36556;6;3;1791438848;10803;52923;1085;1160;2143289344;125357260;28065147208
2019-03-04T11:00:00+01:00;54583333;21657;29866;5;2;1791438848;10802;33672;1197;1068;2143254391;131753574;28065147208
2019-03-04T12:00:00+01:00;57266666;11298;19046;2;2;1791438848;11485;86715;1171;1409;2143289344;127157316;28065147208
2019-03-04T13:00:00+01:00;43466666;853;5939;0;0;1791438848;9147;20121;883;775;2143114581;107968375;28065147208
2019-03-04T14:00:00+01:00;54966666;52855;60569;12;6;1791438848;12680;38484;1194;1115;2143289344;121844531;28065147208
2019-03-04T15:00:00+01:00;41933333;68;3703;0;0;1791438848;9233;36488;1053;988;2143289344;127104887;28065147208
2019-03-04T16:00:00+01:00;36183333;0;4505;0;0;1791438848;9642;19660;916;741;2143201962;103634261;28065147208
2019-03-04T17:00:00+01:00;34266666;17;4693;0;0;1791438848;8823;26862;972;837;2143219438;120778478;28065147208
2019-03-04T18:00:00+01:00;96750000;8960;17578;2;2;1791438848;9710;84514;1263;1408;2143289344;113368541;28065147208
2019-03-04T19:00:00+01:00;29283333;0;4147;0;0;1791438848;4932;16384;613;509;2143132057;107706231;28065147208
2019-03-04T20:00:00+01:00;30433333;273;3925;0;0;1791438848;3737;17134;590;493;2143097105;108247995;28065147208
2019-03-04T21:00:00+01:00;36183333;37000;48571;9;8;1791438848;2934;5307;389;287;2142957294;133815773;28065147208
2019-03-04T22:00:00+01:00;29283333;0;3993;0;0;1791438848;1911;7833;351;292;2142188339;83221981;28065147208
2019-03-04T23:00:00+01:00;95983333;0;2560;0;0;1791438848;21162;31880;4269;4783;2142904866;114015163;28065147208
2019-03-05T00:00:00+01:00;25066666;0;3106;0;0;1791438848;1757;11298;405;327;2142205815;110065527;28065147208
2019-03-05T01:00:00+01:00;30816666;0;3771;0;0;1791438848;1126;6195;281;220;2142502912;94826222;28065147208
2019-03-05T02:00:00+01:00;22383333;0;4334;0;0;1791438848;1211;2611;260;174;2142048529;86629853;28065147208
2019-03-05T03:00:00+01:00;25568965;0;4184;0;0;1791438848;1783;15307;456;379;2141938635;90746255;28065147208
2019-03-05T04:00:00+01:00;23916666;0;3037;0;0;1791438848;1160;5256;272;207;2141978624;92379545;28065147208
2019-03-05T05:00:00+01:00;40016666;18944;23756;4;3;1791438848;3122;23824;496;604;2142590293;107863517;28065147208
2019-03-05T06:00:00+01:00;56116666;61917;80913;15;14;1791438848;8703;25036;944;1009;2142957294;198128435;28065147208
2019-03-05T07:00:00+01:00;38866666;7150;11059;1;0;1791438848;6246;21213;807;713;2143149533;131421525;28065147208
2019-03-05T08:00:00+01:00;33883333;5836;8430;1;0;1791438848;8669;30822;919;853;2143219438;117562845;28065147208
2019-03-05T09:00:00+01:00;33116666;0;3345;0;0;1791438848;9676;38997;1052;994;2143289344;111883059;28065147208
2019-03-05T10:00:00+01:00;96366666;17015;36283;7;4;1791438848;11366;63077;1260;1347;2143289344;137975125;28065147208
2019-03-05T11:00:00+01:00;37716666;25975;20599;6;3;1791438848;9864;25906;1045;923;2143289344;110432529;28065147208
2019-03-05T12:00:00+01:00;45000000;8618;15086;2;1;1791438848;9693;72191;1099;1249;2143289344;122858154;28065147208
2019-03-05T13:00:00+01:00;40400000;102;6314;0;0;1791438848;10257;25787;1003;897;2143289344;123871778;28065147208
2019-03-05T14:00:00+01:00;50750000;0;3822;0;0;1791438848;12851;35703;1094;1038;2143271867;117527893;28065147208
2019-03-05T15:00:00+01:00;42316666;0;4522;0;0;1791438848;9454;30651;914;855;2143271867;111201484;28065147208
2019-03-05T16:00:00+01:00;45000000;1928;6144;0;0;1791438848;9727;23824;1022;865;2143044676;108684902;28065147208
2019-03-05T17:00:00+01:00;31966666;0;4556;0;0;1791438848;8874;16366;868;698;2143114581;113648162;28065147208
2019-03-05T18:00:00+01:00;95983333;25412;34184;6;5;1791438848;10854;75946;1307;1426;2143271867;125392213;28065147208
2019-03-05T19:00:00+01:00;37716666;443;4932;0;0;1791438848;5870;14045;781;589;2143289344;129306897;28065147208
2019-03-05T20:00:00+01:00;29666666;0;2850;0;0;1791438848;3481;7765;552;414;2143097105;79674299;28065147208
2019-03-05T21:00:00+01:00;35416666;3413;8840;0;0;1791438848;3703;17561;683;540;2143201962;122893107;28065147208
2019-03-05T22:00:00+01:00;30050000;0;3362;0;0;1791438848;2747;11639;583;430;2143097105;101222536;28065147208
2019-03-05T23:00:00+01:00;81416666;12339;33962;6;4;1791438848;20035;45533;4152;5098;2143184486;111481105;28065147208
2019-03-06T00:00:00+01:00;27750000;0;4198;0;0;1791438848;2184;4386;475;324;2142974771;92431974;28065147208
2019-03-06T01:00:00+01:00;28516666;0;2833;0;0;1791438848;1774;5819;453;319;2142485435;110432529;28065147208
2019-03-06T02:00:00+01:00;27366666;0;3003;0;0;1791438848;2269;14353;567;476;2142817484;108719854;28065147208
2019-03-06T03:00:00+01:00;22383333;0;3328;0;0;1791438848;1774;7202;472;316;2141786385;88831863;28065147208
2019-03-06T04:00:00+01:00;23916666;0;3771;0;0;1791438848;2781;18858;660;493;2141699003;92327116;28065147208
2019-03-06T05:00:00+01:00;39633333;58658;67242;14;9;1791438848;4420;29985;747;827;2141908718;115046263;28065147208
2019-03-06T06:00:00+01:00;49983333;460;88166;0;0;1791438848;6468;39304;1060;1059;2142380578;208124859;28065147208
2019-03-06T07:00:00+01:00;33500000;3976;9301;0;0;1791438848;6963;13960;963;835;2143009723;123487300;28065147208
2019-03-06T08:00:00+01:00;35416666;4283;8328;1;0;1791438848;8208;26230;941;729;2143254391;118978423;28065147208
2019-03-06T09:00:00+01:00;43466666;0;4061;0;0;1791438848;7731;20445;946;761;2143271867;123662062;28065147208
2019-03-06T10:00:00+01:00;68383333;20616;29371;5;4;1791438848;9761;44304;1041;1069;2143236915;145210299;28065147208
2019-03-06T11:00:00+01:00;49216666;5307;17885;1;1;1791438848;8481;26913;958;860;2143201962;146888021;28065147208
2019-03-06T12:00:00+01:00;45766666;1058;8669;0;0;1791438848;9523;82175;1148;1329;2142502912;103372117;28065147208
2019-03-06T13:00:00+01:00;33883333;1211;5273;0;0;1791438848;8925;25105;877;814;2142642722;123260108;28065147208
2019-03-06T14:00:00+01:00;46916666;68096;83234;16;7;1791438848;10854;35583;1091;1039;2142258244;126073787;28065147208
2019-03-06T15:00:00+01:00;41166666;2884;11417;0;1;1791438848;9762;21606;973;870;2142433006;132837102;28065147208
2019-03-06T16:00:00+01:00;34650000;0;3840;0;0;1791438848;9830;26043;1018;868;2142293196;117545369;28065147208
2019-03-06T17:00:00+01:00;30433333;0;4539;0;0;1791438848;8755;30395;960;834;2142240768;119415330;28065147208
2019-03-06T18:00:00+01:00;44616666;5632;11127;1;1;1791438848;8600;68163;1034;1214;2142363101;120743526;28065147208
2019-03-06T19:00:00+01:00;29283333;648;4642;0;0;1791438848;5085;15479;658;533;2142240768;96975803;28065147208
2019-03-06T20:00:00+01:00;26983333;238;4061;0;0;1791438848;2884;5427;387;296;2142240768;112599586;28065147208
2019-03-06T21:00:00+01:00;33883333;63112;78848;15;9;1791438848;2798;5956;349;271;2142188339;99841911;28065147208
2019-03-06T22:00:00+01:00;25066666;0;3362;0;0;1791438848;1911;6161;329;249;2142380578;84550178;28065147208
2019-03-06T23:00:00+01:00;122433333;9864;15035;2;2;1791438848;17492;26572;2866;3348;2143132057;113351065;28065147208
2019-03-07T00:00:00+01:00;24300000;0;2986;0;0;1791438848;1723;8499;356;277;2142730103;102970163;28065147208
2019-03-07T01:00:00+01:00;26983333;0;3669;0;0;1791438848;1843;10188;394;323;2142258244;127768985;28065147208
2019-03-07T02:00:00+01:00;23533333;0;3481;0;0;1791438848;1877;13653;417;363;2141961147;92379545;28065147208
2019-03-07T03:00:00+01:00;23150000;0;4829;0;0;1791438848;1706;12168;404;329;2142013576;88884292;28065147208
2019-03-07T04:00:00+01:00;26216666;0;3669;0;0;1791438848;1655;11707;413;330;2141821337;92362069;28065147208
2019-03-07T05:00:00+01:00;38483333;55961;68300;13;8;1791438848;3685;25804;546;610;2142258244;114032640;28065147208
2019-03-07T06:00:00+01:00;54200000;3106;7953;0;1;1791438848;6092;37939;864;909;2142450483;202462549;28065147208
2019-03-07T07:00:00+01:00;32733333;3072;5529;0;0;1791438848;4966;10581;594;485;2142450483;133134199;28065147208
2019-03-07T08:00:00+01:00;40400000;4181;8140;0;0;1791438848;8447;20957;751;637;2143149533;128520465;28065147208
2019-03-07T09:00:00+01:00;35416666;631;5529;0;0;1791438848;9386;21111;955;887;2143254391;123190203;28065147208
2019-03-07T10:00:00+01:00;71066666;18978;25856;4;3;1791438848;10325;50448;1083;1289;2143271867;161777800;28065147208
2019-03-07T11:00:00+01:00;45000000;921;5614;0;0;1791438848;10137;22510;1011;932;2143271867;149736652;28065147208
2019-03-07T12:00:00+01:00;45383333;6570;11537;1;1;1791438848;10103;75929;1086;1273;2143219438;115448217;28065147208
2019-03-07T13:00:00+01:00;41550000;1092;5973;0;0;1791438848;8345;21060;876;713;2143289344;132120576;28065147208
2019-03-07T14:00:00+01:00;71450000;43315;39884;7;5;1791438848;8737;28278;960;854;2143236915;112914158;28065147208
2019-03-07T15:00:00+01:00;35033333;648;6417;0;0;1791438848;8072;32648;1030;974;2143289344;107880994;28065147208
2019-03-07T16:00:00+01:00;35033333;0;3310;0;0;1791438848;6826;10700;703;522;2143184486;124326161;28065147208
2019-03-07T17:00:00+01:00;30433333;1740;8977;0;0;1791438848;7099;15428;751;591;2143289344;94494173;28065147208
2019-03-07T18:00:00+01:00;67233333;8123;12868;1;0;1791438848;7440;62258;975;1159;2143149533;137363456;28065147208
2019-03-07T19:00:00+01:00;26600000;580;4881;0;0;1791438848;5154;15530;619;519;2143271867;103756595;28065147208
2019-03-07T20:00:00+01:00;26600000;12970;10990;2;0;1791438848;3156;5443;395;287;2143184486;98321476;28065147208
2019-03-07T21:00:00+01:00;28900000;60552;78967;14;10;1791438848;3003;10768;433;315;2143184486;89548390;28065147208
2019-03-07T22:00:00+01:00;25450000;0;4027;0;0;1791438848;2286;8789;401;274;2142869913;118960947;28065147208
2019-03-07T23:00:00+01:00;110933333;12083;17322;2;3;1791438848;20923;36385;4138;4173;2143079628;141645141;28065147208
2019-03-08T00:00:00+01:00;25066666;0;4096;0;0;1791438848;2508;19626;520;403;2142380578;98426333;28065147208
2019-03-08T01:00:00+01:00;24300000;0;3379;0;0;1791438848;1245;4983;271;185;2142607769;106937275;28065147208
2019-03-08T02:00:00+01:00;23533333;0;3345;0;0;1791438848;1399;8055;342;257;2142013576;102008968;28065147208
2019-03-08T03:00:00+01:00;25833333;0;3993;0;0;1791438848;1399;7577;335;215;2142048529;88464861;28065147208
2019-03-08T04:00:00+01:00;24300000;0;3140;0;0;1791438848;1228;5290;287;199;2141803861;96189371;28065147208
2019-03-08T05:00:00+01:00;41933333;19968;26504;4;3;1791438848;2712;25991;525;617;2141978624;100873011;28065147208
2019-03-08T06:00:00+01:00;49216666;2986;8243;0;0;1791438848;6297;35532;852;846;2142170862;187572770;28065147208
2019-03-08T07:00:00+01:00;33116666;170;3822;0;0;1791438848;6109;13465;682;575;2142153386;129586517;28065147208
2019-03-08T08:00:00+01:00;36566666;2423;9949;0;1;1791438848;7713;18038;705;581;2142380578;122805725;28065147208
2019-03-08T09:00:00+01:00;39250000;0;4437;0;0;1791438848;9386;45704;1071;1018;2142572817;133885678;28065147208
2019-03-08T10:00:00+01:00;93683333;37273;47257;9;6;1791438848;13431;77857;1600;1670;2142974771;146590924;28065147208
2019-03-08T11:00:00+01:00;41550000;4846;9915;1;0;1791438848;9369;25207;1001;893;2142240768;125514547;28065147208
2019-03-08T12:00:00+01:00;51516666;5888;12390;1;1;1791438848;10871;79103;1184;1398;2142485435;133903155;28065147208
2019-03-08T13:00:00+01:00;38483333;648;6382;0;0;1791438848;10734;39782;1136;1059;2142240768;122194056;28065147208
2019-03-08T14:00:00+01:00;47683333;25838;34884;6;3;1791438848;10512;28346;1006;923;2142240768;133868202;28065147208
2019-03-08T15:00:00+01:00;41166666;2065;8226;0;0;1791438848;10359;43963;1227;1185;2142240768;101205060;28065147208
2019-03-08T16:00:00+01:00;31200000;0;4300;0;0;1791438848;6656;17134;802;646;2142031052;113333589;28065147208
2019-03-08T17:00:00+01:00;25450000;0;3754;0;0;1791438848;6587;11554;672;532;2141192192;123102822;28065147208
2019-03-08T18:00:00+01:00;41550000;18602;28108;4;3;1791438848;7900;77311;1037;1224;2141052381;124588305;28065147208
2019-03-08T19:00:00+01:00;26600000;0;4710;0;0;1791438848;5546;32938;838;718;2141122286;121442577;28065147208
2019-03-08T20:00:00+01:00;27750000;2457;8140;0;0;1791438848;2388;8294;391;303;2141157239;107199419;28065147208
2019-03-08T21:00:00+01:00;31200000;20957;29730;5;5;1791438848;1808;6399;298;235;2141104810;112896682;28065147208
2019-03-08T22:00:00+01:00;24300000;0;3976;0;0;1791438848;1809;9250;358;283;2141139763;100506009;28065147208
2019-03-08T23:00:00+01:00;94450000;22050;28876;5;4;1791438848;22425;43604;4579;5252;2141034905;125304832;28065147208
2019-03-09T00:00:00+01:00;23533333;0;4198;0;0;1791438848;1723;7850;365;264;2140108663;109314048;28065147208
2019-03-09T01:00:00+01:00;23916666;68;4078;0;0;1791438848;1228;6280;297;246;2140528093;109401429;28065147208
2019-03-09T02:00:00+01:00;24300000;0;4334;0;0;1791438848;1160;3652;283;211;2140423236;88464861;28065147208
2019-03-09T03:00:00+01:00;24683333;648;5410;0;0;1791438848;1689;15547;441;365;2139968853;102306065;28065147208
2019-03-09T04:00:00+01:00;24683333;0;2594;0;0;1791438848;1314;7065;308;249;2140667904;96940851;28065147208
2019-03-09T05:00:00+01:00;26983333;5393;10513;1;1;1791438848;1484;14096;323;314;2140842666;108247995;28065147208
2019-03-09T06:00:00+01:00;32733333;18961;130304;0;0;1791438848;7782;16315;552;465;2141699003;175531622;28065147208
2019-03-09T07:00:00+01:00;26216666;7065;11144;1;0;1791438848;972;3362;250;171;2142083481;88097860;28065147208
2019-03-09T08:00:00+01:00;24683333;0;3259;0;0;1791438848;1331;8789;324;243;2142135910;113980211;28065147208
2019-03-09T09:00:00+01:00;24300000;0;3686;0;0;1791438848;2525;15650;498;382;2142345625;101572061;28065147208
2019-03-09T10:00:00+01:00;49983333;14233;24320;3;3;1791438848;2696;10444;385;343;2142363101;111516057;28065147208
2019-03-09T11:00:00+01:00;33883333;27955;37870;6;5;1791438848;2423;6074;372;292;2143254391;104385740;28065147208
2019-03-09T12:00:00+01:00;29666666;21691;28706;5;3;1791438848;4095;27784;637;583;2142363101;110817006;28065147208
2019-03-09T13:00:00+01:00;24683333;8430;13277;2;1;1791438848;2542;13943;459;378;2142345625;100907963;28065147208
2019-03-09T14:00:00+01:00;29283333;1809;6690;0;0;1791438848;2508;10256;407;349;2142100957;93795123;28065147208
2019-03-09T15:00:00+01:00;23533333;648;3908;0;0;1791438848;1911;6860;358;271;2142118434;99072955;28065147208
2019-03-09T16:00:00+01:00;23533333;0;3310;0;0;1791438848;2508;13738;471;372;2142083481;90299869;28065147208
2019-03-09T17:00:00+01:00;24300000;0;4505;0;0;1791438848;1962;6724;339;257;2141978624;92868881;28065147208
2019-03-09T18:00:00+01:00;50366666;40635;52736;9;5;1791438848;3139;20172;518;470;2142100957;102236160;28065147208
2019-03-09T19:00:00+01:00;25450000;0;3720;0;0;1791438848;1740;4352;303;220;2142118434;96661230;28065147208
2019-03-09T20:00:00+01:00;23916666;648;3822;0;0;1791438848;1843;11929;398;319;2141786385;92676642;28065147208
2019-03-09T21:00:00+01:00;30050000;61337;78353;14;9;1791438848;2303;6570;326;250;2141996100;117545369;28065147208
2019-03-09T22:00:00+01:00;22766666;0;3840;0;0;1791438848;2048;15854;453;389;2142031052;106867370;28065147208
2019-03-09T23:00:00+01:00;80266666;17288;23944;4;4;1791438848;22493;41676;4269;5286;2141401907;111201484;28065147208
2019-03-10T00:00:00+01:00;24683333;0;3447;0;0;1791438848;1979;15377;476;404;2139759138;98041856;28065147208
2019-03-10T01:00:00+01:00;25450000;0;4181;0;0;1791438848;1979;15138;433;374;2139409612;115395788;28065147208
2019-03-10T02:00:00+01:00;24683333;0;4454;0;0;1791438848;1365;7867;323;254;2139007658;106220748;28065147208
2019-03-10T03:00:00+01:00;26600000;0;4369;0;0;1791438848;1143;3618;259;178;2139042611;95857322;28065147208
2019-03-10T04:00:00+01:00;25066666;0;3515;0;0;1791438848;2491;36710;692;564;2139042611;104420693;28065147208
2019-03-10T05:00:00+01:00;28900000;23296;29952;5;2;1791438848;2200;12526;305;275;2139252326;109331524;28065147208
2019-03-10T06:00:00+01:00;56500000;6126;9984;0;1;1791438848;1535;11707;368;297;2140405760;191155404;28065147208
2019-03-10T07:00:00+01:00;25066666;1194;4693;0;0;1791438848;1792;8891;385;307;2142170862;102585685;28065147208
2019-03-10T08:00:00+01:00;25066666;1536;4932;0;0;1791438848;2047;11502;405;407;2142170862;92047496;28065147208
2019-03-10T09:00:00+01:00;25066666;0;2662;0;0;1791438848;1245;4300;294;209;2142188339;107216896;28065147208
2019-03-10T10:00:00+01:00;77583333;15889;21350;3;2;1791438848;2201;10888;367;328;2142240768;116444364;28065147208
2019-03-10T11:00:00+01:00;198716666;221115;243268;53;35;1791438848;3361;13601;517;441;2142223291;162074897;28065147208
2019-03-10T12:00:00+01:00;34266666;18790;26060;3;3;1791438848;2781;15615;354;330;2142205815;111970440;28065147208
2019-03-10T13:00:00+01:00;30433333;648;3840;0;0;1791438848;2235;9506;393;327;2142240768;114347212;28065147208
2019-03-10T14:00:00+01:00;29666666;3959;8465;0;0;1791438848;2969;17834;522;461;2142275720;106517845;28065147208
2019-03-10T15:00:00+01:00;25066666;0;2935;0;0;1791438848;2167;3106;333;230;2142205815;79342250;28065147208
2019-03-10T16:00:00+01:00;24300000;0;3328;0;0;1791438848;1945;3874;333;228;2142100957;90596966;28065147208
2019-03-10T17:00:00+01:00;25066666;0;2969;0;0;1791438848;2150;5870;366;282;2142223291;88831863;28065147208
2019-03-10T18:00:00+01:00;59183333;15581;36198;6;4;1791438848;3105;19746;520;449;2142328149;128765132;28065147208
2019-03-10T19:00:00+01:00;25450000;0;4522;0;0;1791438848;1962;6656;346;266;2142100957;102655590;28065147208
2019-03-10T20:00:00+01:00;26216666;0;5239;0;0;1791438848;2201;6775;390;322;2141908718;97674854;28065147208
2019-03-10T21:00:00+01:00;25450000;0;4454;0;0;1791438848;1996;5102;363;266;2142188339;96975803;28065147208
2019-03-10T22:00:00+01:00;25833333;0;4147;0;0;1791438848;2082;10717;405;330;2142066005;110799530;28065147208
2019-03-10T23:00:00+01:00;109016666;10513;17117;2;1;1791438848;18193;40174;3719;4593;2142712627;104665361;28065147208
2019-03-11T00:00:00+01:00;24683333;0;3276;0;0;1791438848;1416;3259;296;203;2141751432;97028232;28065147208
2019-03-11T01:00:00+01:00;26983333;0;4676;0;0;1791438848;1194;6894;300;231;2142363101;105084791;28065147208
2019-03-11T02:00:00+01:00;24300000;0;4096;0;0;1791438848;1638;12526;396;344;2142869913;114696738;28065147208
2019-03-11T03:00:00+01:00;23150000;0;4113;0;0;1791438848;1518;7475;341;249;2142013576;102026444;28065147208
2019-03-11T04:00:00+01:00;23533333;0;2798;0;0;1791438848;1143;6451;306;225;2141961147;113263684;28065147208
2019-03-11T05:00:00+01:00;31200000;7970;13516;1;1;1791438848;1774;15223;306;306;2142031052;113980211;28065147208
2019-03-11T06:00:00+01:00;57650000;58948;77465;12;11;1791438848;8925;25446;845;816;2142747579;197237145;28065147208
2019-03-11T07:00:00+01:00;32733333;153;3174;0;0;1791438848;4761;7748;536;411;2142415530;105154696;28065147208
2019-03-11T08:00:00+01:00;32733333;0;5290;0;0;1791438848;8584;29337;870;755;2141192192;129988471;28065147208
2019-03-11T09:00:00+01:00;41550000;0;3831;0;0;1791438848;11034;42973;1193;1330;2141087334;119327948;28065147208
2019-03-11T10:00:00+01:00;72216666;18500;29781;4;3;1791438848;9608;50567;998;1117;2141192192;155713536;28065147208
2019-03-11T11:00:00+01:00;45383333;51643;80861;11;10;1762126028;9830;22340;935;861;2141192192;132312814;28065147208
2019-03-11T12:00:00+01:00;48833333;8260;18858;2;2;1755545600;10341;78540;1080;1272;2141192192;125304832;28065147208
2019-03-11T13:00:00+01:00;30433333;10069;18176;2;1;1755545600;8908;21008;849;724;2141104810;114452070;28065147208
2019-03-11T14:00:00+01:00;41550000;55603;79940;12;7;1755545600;11212;35566;993;1000;2141174715;107915946;28065147208
2019-03-11T15:00:00+01:00;31966666;0;5137;0;0;1755545600;9079;25497;1018;874;2141192192;119939618;28065147208
2019-03-11T16:00:00+01:00;33500000;0;4488;0;0;1755545600;9454;19251;923;769;2141139763;134899302;28065147208
2019-03-11T17:00:00+01:00;30050000;614;5785;0;0;1755545600;8362;21094;840;699;2141122286;110065527;28065147208
2019-03-11T18:00:00+01:00;61100000;35754;49134;8;6;1755545600;9010;64972;1049;1165;2141192192;108457710;28065147208
2019-03-11T19:00:00+01:00;27366666;477;5171;0;0;1755545600;5034;23278;714;630;2141174715;87136665;28065147208
2019-03-11T20:00:00+01:00;27366666;648;3754;0;0;1755545600;3037;9506;421;338;2141157239;105801318;28065147208
2019-03-11T21:00:00+01:00;28900000;3379;8721;0;0;1755545600;3123;16537;523;436;2141174715;112197632;28065147208
2019-03-11T22:00:00+01:00;23533333;0;4266;0;0;1755545600;2628;17220;500;425;2141192192;98408857;28065147208
2019-03-11T23:00:00+01:00;100200000;12014;18261;2;1;1755545600;18431;39355;4113;4913;2141174715;122421248;28065147208
2019-03-12T00:00:00+01:00;23533333;0;2952;0;0;1755545600;1228;4317;287;209;2140615475;95542749;28065147208
2019-03-12T01:00:00+01:00;26216666;0;3891;0;0;1755545600;1877;15923;441;355;2140580522;119275520;28065147208
2019-03-12T02:00:00+01:00;23533333;0;3072;0;0;1755545600;1740;14694;425;336;2140510617;94564078;28065147208
2019-03-12T03:00:00+01:00;23559322;0;3230;0;0;1755545600;988;3672;251;170;2140730107;95402643;28065147208
2019-03-12T04:00:00+01:00;26216666;0;3857;0;0;1755545600;1860;15257;443;363;2141017429;92309640;28065147208
2019-03-12T05:00:00+01:00;30816666;30617;36215;7;5;1755545600;1945;9727;274;236;2140965000;106185796;28065147208
2019-03-12T06:00:00+01:00;34650000;28125;40652;6;5;1755545600;4932;19131;569;551;2141419383;186594099;28065147208
2019-03-12T07:00:00+01:00;28900000;1143;5102;0;0;1755545600;5461;14421;654;494;2142275720;103651737;28065147208
2019-03-12T08:00:00+01:00;27366666;0;3720;0;0;1755545600;6724;19234;683;552;2142852437;134217728;28065147208
2019-03-12T09:00:00+01:00;35416666;0;3447;0;0;1755545600;9164;26538;1077;873;2143289344;140544136;28065147208
2019-03-12T10:00:00+01:00;71066666;28706;38229;6;3;1755545600;12116;63214;1321;1424;2142747579;129219515;28065147208
2019-03-12T11:00:00+01:00;45383333;53230;71560;12;9;1755545600;10085;21076;920;788;2143079628;121058099;28065147208
2019-03-12T12:00:00+01:00;48450000;4778;11059;1;1;1755545600;10376;76082;1125;1296;2142223291;135231351;28065147208
2019-03-12T13:00:00+01:00;36566666;51;3379;0;0;1755545600;8908;17032;828;698;2142834961;126318455;28065147208
2019-03-12T14:00:00+01:00;42700000;3208;7765;0;0;1755545600;11946;52855;1261;1256;2143167010;124972782;28065147208
2019-03-12T15:00:00+01:00;33116666;102;3703;0;0;1755545600;9147;30890;1049;937;2143027200;101939063;28065147208
2019-03-12T16:00:00+01:00;34650000;1211;5973;0;0;1755545600;9096;16401;882;678;2142992247;111883059;28065147208
2019-03-12T17:00:00+01:00;28516666;0;4539;0;0;1755545600;7543;11622;749;576;2142328149;110013098;28065147208
2019-03-12T18:00:00+01:00;68383333;29269;38161;7;5;1755545600;9198;58043;995;1103;2143044676;120428953;28065147208
2019-03-12T19:00:00+01:00;27750000;614;5341;0;0;1755545600;4522;8311;547;411;2142415530;95944704;28065147208
2019-03-12T20:00:00+01:00;25066666;648;4010;0;0;1755545600;3259;18619;553;472;2142240768;98740906;28065147208
2019-03-12T21:00:00+01:00;38100000;53077;77329;12;13;1755545600;3549;12339;499;404;2142642722;98408857;28065147208
2019-03-12T22:00:00+01:00;24300000;0;3874;0;0;1755545600;2577;12373;486;365;2142957294;104018739;28065147208
2019-03-12T23:00:00+01:00;105183333;11520;17766;2;2;1755545600;18687;43382;3850;4557;2142310673;108737331;28065147208
2019-03-13T00:00:00+01:00;24683333;0;3293;0;0;1755545600;1809;12509;420;346;2142170862;89233817;28065147208
2019-03-13T01:00:00+01:00;24683333;614;6673;0;0;1755545600;1792;17220;426;353;2142660198;112267537;28065147208
2019-03-13T02:00:00+01:00;25066666;0;2764;0;0;1755545600;972;3208;243;167;2142730103;109733478;28065147208
2019-03-13T03:00:00+01:00;23533333;614;4164;0;0;1755545600;1536;11383;382;288;2142100957;86245376;28065147208
2019-03-13T04:00:00+01:00;24300000;0;4369;0;0;1755545600;1433;7987;329;250;2141891242;98723430;28065147208
2019-03-13T05:00:00+01:00;66850000;44049;54203;10;10;1755545600;2525;11229;322;282;2141978624;99457433;28065147208
2019-03-13T06:00:00+01:00;61100000;77175;88729;16;14;1755545600;8789;26811;831;778;2142467959;191784550;28065147208
2019-03-13T07:00:00+01:00;30433333;3669;7355;0;0;1755545600;5870;20957;757;612;2142293196;105853747;28065147208
2019-03-13T08:00:00+01:00;31583333;0;3225;0;0;1755545600;8601;24678;880;742;2142555340;119520187;28065147208
2019-03-13T09:00:00+01:00;37333333;7065;10513;1;1;1755545600;9318;26897;1037;887;2141541717;136681881;28065147208
2019-03-13T10:00:00+01:00;71833333;25070;30737;6;4;1755545600;9728;54732;995;1137;2142904866;135965354;28065147208
2019-03-13T11:00:00+01:00;45000000;59818;78796;14;11;1755545600;9472;24780;920;827;2143289344;121128004;28065147208
2019-03-13T12:00:00+01:00;47300000;11571;17134;2;1;1755545600;9863;77840;1127;1314;2143254391;125269879;28065147208
2019-03-13T13:00:00+01:00;33883333;2116;5683;0;0;1755545600;9045;28808;942;844;2143271867;115360836;28065147208
2019-03-13T14:00:00+01:00;41166666;3379;8635;0;0;1755545600;9301;31590;990;863;2143184486;121704721;28065147208
2019-03-13T15:00:00+01:00;38100000;6263;10001;1;0;1755545600;7782;25002;848;786;2142520388;120079428;28065147208
2019-03-13T16:00:00+01:00;33883333;0;4778;0;0;1755545600;10274;29252;993;872;2143289344;113945258;28065147208
2019-03-13T17:00:00+01:00;29666666;0;5000;0;0;1755545600;7816;15342;743;600;2143289344;104840123;28065147208
2019-03-13T18:00:00+01:00;200200000;23296;32290;5;3;1755545600;9369;71474;1169;1334;2143236915;116741461;28065147208
2019-03-13T19:00:00+01:00;27750000;0;3310;0;0;1755545600;4471;14779;533;437;2143219438;112250060;28065147208
2019-03-13T20:00:00+01:00;25833333;13004;13653;2;1;1755545600;3054;4795;362;250;2143184486;106465416;28065147208
2019-03-13T21:00:00+01:00;31200000;0;4300;0;0;1755545600;2338;9216;408;297;2143271867;117877418;28065147208
2019-03-13T22:00:00+01:00;23916666;0;3669;0;0;1755545600;2423;16759;522;416;2142380578;102970163;28065147208
2019-03-13T23:00:00+01:00;85250000;13875;18944;3;3;1755545600;15222;23243;2968;3295;2143201962;118908518;28065147208
2019-03-14T00:00:00+01:00;23916666;0;2577;0;0;1755545600;1365;3225;271;176;2142223291;102271112;28065147208
2019-03-14T01:00:00+01:00;24300000;750;11656;0;0;1755545600;2304;24115;531;477;2141069858;122456200;28065147208
2019-03-14T02:00:00+01:00;24300000;0;3720;0;0;1755545600;1689;10205;376;287;2141087334;91960115;28065147208
2019-03-14T03:00:00+01:00;24300000;0;2611;0;0;1755545600;1314;7168;328;239;2140982476;96241800;28065147208
2019-03-14T04:00:00+01:00;23533333;0;3737;0;0;1755545600;1365;5017;288;204;2140423236;104420693;28065147208
2019-03-14T05:00:00+01:00;37716666;5495;9984;1;1;1755545600;1484;8822;275;228;2140493141;110432529;28065147208
2019-03-14T06:00:00+01:00;58800000;1211;3208;0;0;1755545600;6434;31078;838;785;2141803861;171896558;28065147208
2019-03-14T07:00:00+01:00;32733333;3840;7543;0;0;1755545600;5375;10939;636;480;2142642722;100173960;28065147208
2019-03-14T08:00:00+01:00;33500000;1740;6024;0;0;1755545600;10496;37939;1125;975;2143236915;131334144;28065147208
2019-03-14T09:00:00+01:00;31966666;68;5120;0;0;1755545600;8584;31522;1111;918;2143289344;132487577;28065147208
2019-03-14T10:00:00+01:00;64166666;20684;28569;5;2;1755545600;10615;52974;1099;1150;2143236915;153965909;28065147208
2019-03-14T11:00:00+01:00;40783333;0;4198;0;0;1755545600;8226;15581;901;751;2143271867;142326715;28065147208
2019-03-14T12:00:00+01:00;41933333;8123;13858;1;1;1755545600;9881;67685;1046;1238;2143167010;129236992;28065147208
2019-03-14T13:00:00+01:00;34650000;4061;7884;0;0;1755545600;8226;17015;859;740;2142345625;120621192;28065147208
2019-03-14T14:00:00+01:00;36950000;44612;57617;10;7;1755545600;10120;24302;939;838;2143201962;130635093;28065147208
2019-03-14T15:00:00+01:00;32733333;2116;5768;0;0;1755545600;7918;20292;897;829;2143201962;109244142;28065147208
2019-03-14T16:00:00+01:00;32733333;750;6212;0;0;1755545600;8123;26248;942;810;2143271867;115500646;28065147208
2019-03-14T17:00:00+01:00;28133333;273;5034;0;0;1755545600;7441;18534;808;641;2142904866;114364689;28065147208
2019-03-14T18:00:00+01:00;40016666;14711;18824;2;2;1755545600;8105;70126;1001;1220;2143289344;123242632;28065147208
2019-03-14T19:00:00+01:00;29283333;0;4334;0;0;1755545600;5632;25907;793;666;2143219438;108317900;28065147208
2019-03-14T20:00:00+01:00;25833333;0;3106;0;0;1755545600;2491;12680;437;337;2142992247;106919799;28065147208
2019-03-14T21:00:00+01:00;23916666;5802;7662;0;0;1755545600;2918;16912;522;432;2143114581;112232584;28065147208
2019-03-14T22:00:00+01:00;24300000;0;3908;0;0;1755545600;1911;3959;324;224;2143236915;99859387;28065147208
2019-03-14T23:00:00+01:00;96750000;0;3208;0;0;1755545600;15650;28723;3161;3503;2142887389;122561058;28065147208
2019-03-15T00:00:00+01:00;23916666;0;3225;0;0;1755545600;1894;14199;446;372;2142922342;96259276;28065147208
2019-03-15T01:00:00+01:00;26216666;0;3840;0;0;1755545600;1331;4181;280;190;2142642722;95944704;28065147208
2019-03-15T02:00:00+01:00;23150000;0;3089;0;0;1755545600;1024;3481;253;172;2141996100;89862963;28065147208
2019-03-15T03:00:00+01:00;23916666;0;3447;0;0;1755545600;1006;2372;242;148;2141751432;88499814;28065147208
2019-03-15T04:00:00+01:00;23916666;0;3054;0;0;1755545600;1382;11212;374;289;2141751432;91995067;28065147208
2019-03-15T05:00:00+01:00;39250000;4044;9830;0;0;1755545600;1842;19352;420;386;2141821337;107723707;28065147208
2019-03-15T06:00:00+01:00;62250000;46711;75195;11;13;1755545600;6997;22886;740;730;2141366954;174552951;28065147208
2019-03-15T07:00:00+01:00;36183333;5956;9710;1;0;1755545600;4880;12287;611;496;2141034905;118960947;28065147208
2019-03-15T08:00:00+01:00;35033333;9898;15155;2;1;1755545600;8669;24472;851;674;2141104810;127734033;28065147208
2019-03-15T09:00:00+01:00;37333333;204;4181;0;0;1755545600;8601;35515;1080;894;2141087334;124308684;28065147208
2019-03-15T10:00:00+01:00;74133333;27648;38382;6;4;1755545600;10546;60825;1151;1282;2141122286;151868757;28065147208
2019-03-15T11:00:00+01:00;54966666;1467;5563;0;0;1755545600;7270;14148;807;733;2141192192;140981043;28065147208
2019-03-15T12:00:00+01:00;44616666;1945;6041;0;0;1755545600;8959;70365;1145;1176;2141192192;117108462;28065147208
2019-03-15T13:00:00+01:00;32733333;682;5529;0;0;1755545600;7884;24166;891;857;2141192192;123522252;28065147208
2019-03-15T14:00:00+01:00;43466666;63266;78506;15;11;1755545600;7901;30054;865;795;2141192192;108335377;28065147208
2019-03-15T15:00:00+01:00;29283333;0;5307;0;0;1755545600;7287;40243;974;908;2141192192;108317900;28065147208
2019-03-15T16:00:00+01:00;27366666;0;5034;0;0;1755545600;6536;17288;786;594;2141174715;107321753;28065147208
2019-03-15T17:00:00+01:00;25450000;546;4539;0;0;1755545600;6007;8345;621;443;2141192192;97395234;28065147208
2019-03-15T18:00:00+01:00;71066666;17544;30583;3;5;1755545600;6808;65843;988;1159;2141139763;106150843;28065147208
2019-03-15T19:00:00+01:00;26216666;0;3379;0;0;1755545600;4812;26094;729;609;2140720332;121040622;28065147208
2019-03-15T20:00:00+01:00;25066666;85;3771;0;0;1755545600;2559;15923;472;376;2139042611;106552797;28065147208
2019-03-15T21:00:00+01:00;28133333;12919;19046;3;2;1755545600;2167;8890;376;289;2140353331;108981998;28065147208
2019-03-15T22:00:00+01:00;22766666;0;3089;0;0;1755545600;1672;7782;358;262;2140755285;86315281;28065147208
2019-03-15T23:00:00+01:00;84483333;10325;14830;2;1;1755545600;15616;26162;3149;3445;2140895095;110397576;28065147208
2019-03-16T00:00:00+01:00;24683333;0;2713;0;0;1755545600;1723;14643;421;337;2140737809;97045708;28065147208
2019-03-16T01:00:00+01:00;24300000;341;2781;0;0;1755545600;1826;13892;403;302;2140178568;123801873;28065147208
2019-03-16T02:00:00+01:00;23916666;0;2645;0;0;1755545600;1416;7441;312;235;2140737809;91680494;28065147208
2019-03-16T03:00:00+01:00;23916666;614;4352;0;0;1755545600;1826;14284;439;350;2140493141;84864750;28065147208
2019-03-16T04:00:00+01:00;24683333;0;3140;0;0;1755545600;2286;30617;617;471;2140493141;90229964;28065147208
2019-03-16T05:00:00+01:00;29283333;4659;9898;1;0;1755545600;1689;9574;278;240;2140353331;100453580;28065147208
2019-03-16T06:00:00+01:00;24300000;5939;6894;0;0;1755545600;1450;10871;352;283;2140737809;166339106;28065147208
2019-03-16T07:00:00+01:00;27366666;2013;5734;0;0;1755545600;1279;6485;296;210;2140772761;99125384;28065147208
2019-03-16T08:00:00+01:00;23916666;0;2867;0;0;1755545600;1280;4215;274;193;2140965000;89828010;28065147208
2019-03-16T09:00:00+01:00;24300000;0;2372;0;0;1755545600;1826;3242;304;198;2140982476;98041856;28065147208
2019-03-16T10:00:00+01:00;30050000;16605;23176;4;2;1755545600;3088;7525;352;285;2141052381;110450005;28065147208
2019-03-16T11:00:00+01:00;34266666;4283;7355;1;0;1755545600;2679;7099;378;288;2141122286;114382165;28065147208
2019-03-16T12:00:00+01:00;26983333;16896;22835;4;1;1755545600;3583;14335;410;344;2140877619;118943470;28065147208
2019-03-16T13:00:00+01:00;26983333;12629;18056;3;1;1755545600;2337;3600;291;197;2141192192;98478762;28065147208
2019-03-16T14:00:00+01:00;27750000;0;2850;0;0;1755545600;3515;6451;371;297;2141104810;96259276;28065147208
2019-03-16T15:00:00+01:00;24683333;580;2764;0;0;1755545600;2747;7799;371;276;2141034905;102690542;28065147208
2019-03-16T16:00:00+01:00;25833333;0;4488;0;0;1755545600;2901;4300;344;233;2140895095;97307852;28065147208
2019-03-16T17:00:00+01:00;25066666;0;4113;0;0;1755545600;2884;4829;368;271;2141069858;98006903;28065147208
2019-03-16T18:00:00+01:00;32350000;6604;12253;1;1;1755545600;2661;16878;435;379;2140912571;105853747;28065147208
2019-03-16T19:00:00+01:00;23150000;0;3532;0;0;1755545600;2201;10496;407;314;2140965000;112582109;28065147208
2019-03-16T20:00:00+01:00;25066666;307;3293;0;0;1755545600;1809;14847;427;358;2140405760;102987639;28065147208
2019-03-16T21:00:00+01:00;26216666;3413;6758;0;0;1755545600;2320;17203;482;414;2140178568;109349000;28065147208
2019-03-16T22:00:00+01:00;23533333;0;3413;0;0;1755545600;1484;8277;338;254;2140685380;97954474;28065147208
2019-03-16T23:00:00+01:00;58033333;34;3737;0;0;1755545600;13243;28586;2737;3407;2141139763;120394001;28065147208
2019-03-17T00:00:00+01:00;26216666;34;2679;0;0;1755545600;1484;11417;369;319;2140999953;104036215;28065147208
2019-03-17T01:00:00+01:00;23150000;0;3328;0;0;1755545600;1160;3618;275;182;2141087334;112547157;28065147208
2019-03-17T02:00:00+01:00;25450000;0;1843;0;0;1755545600;887;3498;240;164;2140685380;106133367;28065147208
2019-03-17T03:00:00+01:00;23150000;614;4078;0;0;1755545600;1382;12526;358;298;2140126139;110817006;28065147208
2019-03-17T04:00:00+01:00;23916666;0;3396;0;0;1755545600;1092;3805;271;180;2140073710;102603161;28065147208
2019-03-17T05:00:00+01:00;34266666;19165;26129;4;2;1755545600;2013;9864;297;249;2140265949;104036215;28065147208
2019-03-17T06:00:00+01:00;47683333;11963;10325;1;0;1755545600;1092;3174;260;180;2140895095;174046139;28065147208
2019-03-17T07:00:00+01:00;24683333;409;3447;0;0;1755545600;1143;3737;257;179;2141069858;114696738;28065147208
2019-03-17T08:00:00+01:00;24683333;0;2850;0;0;1755545600;2440;12168;499;412;2140877619;112931635;28065147208
2019-03-17T09:00:00+01:00;23533333;0;2713;0;0;1755545600;1262;4164;299;203;2140930048;104385740;28065147208
2019-03-17T10:00:00+01:00;53816666;29832;42103;7;6;1755545600;3088;19967;525;477;2141052381;113298636;28065147208
2019-03-17T11:00:00+01:00;30433333;0;3771;0;0;1755545600;2406;9369;435;322;2140772761;108649949;28065147208
2019-03-17T12:00:00+01:00;32350000;13260;17851;3;1;1755545600;3088;16110;404;354;2141087334;105871223;28065147208
2019-03-17T13:00:00+01:00;26600000;512;3840;0;0;1755545600;1826;7901;356;269;2140702856;118541516;28065147208
2019-03-17T14:00:00+01:00;41550000;61064;77363;14;9;1755545600;7099;36420;855;907;2141139763;108649949;28065147208
2019-03-17T15:00:00+01:00;29666666;0;5410;0;0;1755545600;3925;10086;555;432;2141104810;105521698;28065147208
2019-03-17T16:00:00+01:00;29283333;0;3805;0;0;1755545600;4130;11741;565;423;2141157239;89932868;28065147208
2019-03-17T17:00:00+01:00;30816666;0;3754;0;0;1755545600;4915;30395;816;790;2141192192;102987639;28065147208
2019-03-17T18:00:00+01:00;40783333;8635;14626;2;1;1755545600;5921;64357;781;897;2141174715;120324096;28065147208
2019-03-17T19:00:00+01:00;28133333;0;3788;0;0;1755545600;3140;5768;457;323;2141104810;108265472;28065147208
2019-03-17T20:00:00+01:00;25066666;580;4010;0;0;1755545600;2918;19592;578;496;2141122286;86053137;28065147208
2019-03-17T21:00:00+01:00;46916666;40994;56098;9;11;1755545600;2901;7048;395;312;2141139763;112197632;28065147208
2019-03-17T22:00:00+01:00;25066666;0;3532;0;0;1755545600;2321;12390;461;374;2141192192;89513437;28065147208
2019-03-17T23:00:00+01:00;53433333;27101;33638;6;4;1755545600;13823;28193;2850;3270;2140965000;109768430;28065147208
2019-03-18T00:00:00+01:00;24683333;0;2730;0;0;1755545600;1314;4573;304;224;2141052381;89181388;28065147208
2019-03-18T01:00:00+01:00;25066666;102;2816;0;0;1755545600;1177;8413;312;248;2141052381;97290376;28065147208
2019-03-18T02:00:00+01:00;23150000;0;3925;0;0;1755545600;2099;18432;505;427;2140965000;93463074;28065147208
2019-03-18T03:00:00+01:00;23150000;0;2781;0;0;1755545600;938;3396;239;165;2140720332;100121531;28065147208
2019-03-18T04:00:00+01:00;24300000;0;3123;0;0;1755545600;1518;10427;369;256;2140842666;85301657;28065147208
2019-03-18T05:00:00+01:00;32733333;19592;20548;4;2;1755545600;1536;8822;285;235;2140790237;117160891;28065147208
2019-03-18T06:00:00+01:00;44616666;44544;219665;7;5;1755545600;7611;27323;965;883;2141087334;189390301;28065147208
2019-03-18T07:00:00+01:00;29666666;170;3345;0;0;1755545600;5324;8311;604;450;2141104810;125566976;28065147208
2019-03-18T08:00:00+01:00;40400000;273;3976;0;0;1755545600;8891;33774;963;842;2141192192;131736098;28065147208
2019-03-18T09:00:00+01:00;47683333;1245;4454;0;0;1755545600;9540;36932;1058;1067;2141192192;150523084;28065147208
2019-03-18T10:00:00+01:00;56500000;23159;35089;5;4;1755545600;10956;52394;1096;1214;2141052381;132854579;28065147208
2019-03-18T11:00:00+01:00;45766666;62771;83831;15;9;1755545600;9215;17612;911;775;2141139763;133833250;28065147208
2019-03-18T12:00:00+01:00;48833333;11400;17595;2;1;1755545600;12151;91869;1349;1507;2141192192;123941683;28065147208
2019-03-18T13:00:00+01:00;44616666;0;4471;0;0;1755545600;9028;27118;981;877;2141192192;116776413;28065147208
2019-03-18T14:00:00+01:00;43466666;3225;8123;0;0;1755545600;10035;32306;1057;981;2141192192;100051626;28065147208
2019-03-18T15:00:00+01:00;35800000;358;3652;0;0;1755545600;9198;38365;1044;1043;2141192192;110869435;28065147208
2019-03-18T16:00:00+01:00;36566666;0;5205;0;0;1755545600;10581;25582;1022;826;2141192192;110834483;28065147208
2019-03-18T17:00:00+01:00;30816666;4300;6656;0;0;1755545600;7526;12356;670;524;2141192192;110851959;28065147208
2019-03-18T18:00:00+01:00;46916666;36740;46503;8;4;1755545600;9198;66386;1112;1230;2142170862;121075575;28065147208
2019-03-18T19:00:00+01:00;29283333;0;3891;0;0;1755545600;5427;19473;690;577;2143289344;119205614;28065147208
2019-03-18T20:00:00+01:00;29283333;0;2747;0;0;1755545600;2304;4078;335;241;2143236915;93760170;28065147208
2019-03-18T21:00:00+01:00;25066666;3447;7389;0;0;1755545600;2696;16844;500;423;2143097105;108387805;28065147208
2019-03-18T22:00:00+01:00;25450000;0;3054;0;0;1755545600;2286;13312;446;370;2143219438;105451793;28065147208
2019-03-18T23:00:00+01:00;94066666;2628;4249;0;0;1755545600;18722;33638;3825;4424;2143114581;119642521;28065147208
2019-03-19T00:00:00+01:00;25066666;0;3515;0;0;1755545600;1092;2372;242;151;2143009723;81788928;28065147208
2019-03-19T01:00:00+01:00;25450000;477;11008;0;0;1755545600;1740;17493;446;344;2142887389;121809578;28065147208
2019-03-19T02:00:00+01:00;23533333;0;3242;0;0;1755545600;1092;6519;303;218;2142904866;86664806;28065147208
2019-03-19T03:00:00+01:00;23916666;0;3840;0;0;1755545600;1194;3054;275;174;2142852437;85633706;28065147208
2019-03-19T04:00:00+01:00;23916666;0;2867;0;0;1755545600;2286;31197;630;483;2142887389;83851127;28065147208
2019-03-19T05:00:00+01:00;33116666;22749;29166;5;3;1739653120;2491;14557;401;438;2142939818;116496793;28065147208
2019-03-19T06:00:00+01:00;43083333;5376;7645;0;0;1715814400;6843;40499;976;979;2143114581;208177288;28065147208
2019-03-19T07:00:00+01:00;33116666;5666;9335;1;0;1715814400;6075;16486;771;616;2143271867;103389593;28065147208
2019-03-19T08:00:00+01:00;31966666;341;5717;0;0;1715814400;7799;28569;908;820;2143289344;134986683;28065147208
2019-03-19T09:00:00+01:00;40783333;4710;8004;1;0;1715814400;8789;26333;994;884;2143271867;114382165;28065147208
2019-03-19T10:00:00+01:00;51900000;14762;23125;3;1;1715814400;8635;43639;929;1018;2143289344;129638946;28065147208
2019-03-19T11:00:00+01:00;35800000;35686;47974;8;7;1715814400;9317;17151;865;778;2143289344;121827054;28065147208
2019-03-19T12:00:00+01:00;41550000;14882;20633;3;1;1715814400;9283;63163;1025;1161;2143289344;124291208;28065147208
2019-03-19T13:00:00+01:00;37333333;3054;8209;0;0;1715814400;8703;27920;942;839;2143289344;128101034;28065147208
2019-03-19T14:00:00+01:00;61866666;55193;53794;13;5;1715814400;11263;30105;1131;1161;2143289344;117195844;28065147208
2019-03-19T15:00:00+01:00;58033333;580;5137;0;0;1715814400;9318;36010;1133;1069;2143167010;103057544;28065147208
2019-03-19T16:00:00+01:00;45766666;0;5290;0;0;1715814400;8908;16349;834;686;2143289344;137363456;28065147208
2019-03-19T17:00:00+01:00;31966666;102;3157;0;0;1715814400;8362;16128;893;696;2143184486;116828842;28065147208
2019-03-19T18:00:00+01:00;45766666;26077;36078;6;4;1715814400;8942;62787;998;1137;2143184486;124972782;28065147208
2019-03-19T19:00:00+01:00;26983333;0;4437;0;0;1715814400;5461;18722;651;569;2143289344;110152908;28065147208
2019-03-19T20:00:00+01:00;27366666;0;3498;0;0;1715814400;2918;13277;475;363;2143236915;98024379;28065147208
2019-03-19T21:00:00+01:00;25833333;36932;48793;9;7;1715814400;2593;5136;345;256;2143289344;114277307;28065147208
2019-03-19T22:00:00+01:00;24683333;0;4386;0;0;1715814400;3447;22186;672;538;2143289344;113246208;28065147208
2019-03-19T23:00:00+01:00;102883333;12288;19797;2;2;1715814400;18431;37955;3616;4562;2141436859;112145203;28065147208
2019-03-20T00:00:00+01:00;24300000;0;3276;0;0;1715814400;1433;6877;313;223;2141401907;104787694;28065147208
2019-03-20T01:00:00+01:00;27750000;307;3584;0;0;1715814400;1877;18978;454;354;2141699003;119712426;28065147208
2019-03-20T02:00:00+01:00;23916666;0;3737;0;0;1715814400;1280;9472;322;275;2141559193;104106120;28065147208
2019-03-20T03:00:00+01:00;23916666;512;4044;0;0;1715814400;1348;6519;313;220;2140982476;99142860;28065147208
2019-03-20T04:00:00+01:00;24300000;0;3106;0;0;1715814400;2167;27255;571;447;2141034905;98705954;28065147208
2019-03-20T05:00:00+01:00;28900000;57463;48230;13;4;1715814400;3088;15667;379;353;2141139763;110415052;28065147208
2019-03-20T06:00:00+01:00;35800000;46865;163959;9;4;1715814400;7474;18636;835;697;2141961147;198215816;28065147208
2019-03-20T07:00:00+01:00;31583333;307;5137;0;0;1715814400;6468;12987;802;641;2143289344;129936042;28065147208
2019-03-20T08:00:00+01:00;40783333;5341;9676;1;1;1715814400;8891;29353;879;732;2143289344;139478084;28065147208
2019-03-20T09:00:00+01:00;34266666;0;4846;0;0;1715814400;8755;30361;950;879;2143289344;107234372;28065147208
2019-03-20T10:00:00+01:00;83716666;24661;31692;6;4;1715814400;10820;59476;1237;1341;2143167010;144790869;28065147208
2019-03-20T11:00:00+01:00;42316666;443;5068;0;0;1715814400;9420;28791;955;887;2143254391;130600140;28065147208
2019-03-20T12:00:00+01:00;43083333;7492;13687;1;1;1715814400;9898;72857;1080;1210;2143289344;129936042;28065147208
2019-03-20T13:00:00+01:00;35033333;12885;19165;3;2;1715814400;8703;24080;916;800;2143289344;123906730;28065147208
2019-03-20T14:00:00+01:00;54583333;3942;10154;0;0;1715814400;9949;20855;1022;844;2143289344;129936042;28065147208
2019-03-20T15:00:00+01:00;49983333;204;3942;0;0;1715814400;13977;38877;1986;2110;2143289344;122875630;28065147208
2019-03-20T16:00:00+01:00;32733333;0;5017;0;0;1715814400;8567;12834;823;650;2143289344;100575914;28065147208
2019-03-20T17:00:00+01:00;31200000;170;5222;0;0;1715814400;7236;12236;707;560;2143289344;93096072;28065147208
2019-03-20T18:00:00+01:00;50750000;13100;20780;2;2;1715814400;8139;64841;910;1096;2143132057;111481105;28065147208
2019-03-20T19:00:00+01:00;26983333;0;3652;0;0;1715814400;4608;17152;566;483;2143289344;108003328;28065147208
2019-03-20T20:00:00+01:00;27750000;0;4215;0;0;1715814400;2628;5239;368;281;2143254391;101921587;28065147208
2019-03-20T21:00:00+01:00;31583333;2184;7014;0;0;1715814400;3106;10358;433;343;2143289344;99492386;28065147208
2019-03-20T22:00:00+01:00;23533333;0;3174;0;0;1715814400;1962;7782;342;248;2143201962;95245653;28065147208
2019-03-20T23:00:00+01:00;89850000;24712;32716;6;3;1715814400;21333;42887;4339;4753;2143289344;105067315;28065147208
2019-03-21T00:00:00+01:00;23916666;0;3754;0;0;1715814400;1843;17544;448;398;2142170862;104700313;28065147208
2019-03-21T01:00:00+01:00;28133333;0;3345;0;0;1715814400;1143;4454;288;195;2142467959;125968930;28065147208
2019-03-21T02:00:00+01:00;24300000;0;2645;0;0;1715814400;1075;3686;250;173;2142013576;88150289;28065147208
2019-03-21T03:00:00+01:00;23916666;0;3293;0;0;1715814400;1024;2696;240;154;2141926195;95525273;28065147208
2019-03-21T04:00:00+01:00;25450000;0;2952;0;0;1715814400;1433;10956;363;288;2142205815;102026444;28065147208
2019-03-21T05:00:00+01:00;40400000;6451;11997;1;1;1715814400;2150;22629;486;464;2142310673;86385186;28065147208
2019-03-21T06:00:00+01:00;47300000;29269;44663;1;1;1715814400;11997;35396;978;831;2143044676;169956693;28065147208
2019-03-21T07:00:00+01:00;38100000;3003;8772;0;0;1715814400;5905;12134;661;544;2142992247;138114935;28065147208
2019-03-21T08:00:00+01:00;35800000;10376;15581;2;2;1715814400;8550;35788;896;780;2143271867;115815219;28065147208
2019-03-21T09:00:00+01:00;39250000;785;5922;0;0;1715814400;9864;38604;1160;1117;2143289344;115395788;28065147208
2019-03-21T10:00:00+01:00;48833333;24285;31010;5;4;1715814400;12952;154606;1507;1797;2143289344;131141905;28065147208
2019-03-21T11:00:00+01:00;36950000;3737;8533;0;0;1715814400;10171;24524;1009;890;2143289344;128135987;28065147208
2019-03-21T12:00:00+01:00;43466666;7492;12936;1;0;1715814400;9846;71525;1107;1234;2143289344;118244420;28065147208
2019-03-21T13:00:00+01:00;33500000;324;5068;0;0;1715814400;10325;33365;1065;965;2143289344;112250060;28065147208
2019-03-21T14:00:00+01:00;38483333;45568;57565;11;6;1715814400;9488;29269;971;879;2143289344;110904388;28065147208
2019-03-21T15:00:00+01:00;45000000;8925;13619;2;0;1715814400;7970;25019;1030;919;2143289344;118593945;28065147208
2019-03-21T16:00:00+01:00;29666666;1792;8550;0;0;1715814400;8106;30071;953;832;2143289344;116549222;28065147208
2019-03-21T17:00:00+01:00;26983333;0;3925;0;0;1715814400;6621;9045;682;511;2143289344;101641966;28065147208
2019-03-21T18:00:00+01:00;82183333;13568;21128;3;2;1715814400;7286;45499;806;905;2143289344;112162679;28065147208
2019-03-21T19:00:00+01:00;25833333;0;4096;0;0;1715814400;5017;24371;728;627;2143254391;105504221;28065147208
2019-03-21T20:00:00+01:00;24683333;12270;17749;2;1;1715814400;2149;6126;319;224;2143219438;96608802;28065147208
2019-03-21T21:00:00+01:00;24683333;31232;40243;7;4;1715814400;3123;16861;453;390;2143201962;113927782;28065147208
2019-03-21T22:00:00+01:00;23150000;0;4386;0;0;1715814400;1979;4915;336;222;2143271867;98548667;28065147208
2019-03-21T23:00:00+01:00;82183333;13260;19131;3;1;1715814400;23432;36931;4618;5108;2142869913;104053691;28065147208
2019-03-22T00:00:00+01:00;23916666;0;2833;0;0;1715814400;1262;4761;279;193;2140825190;107653802;28065147208
2019-03-22T01:00:00+01:00;28900000;34;4113;0;0;1715814400;1194;9642;267;155;2141227144;106220748;28065147208
2019-03-22T02:00:00+01:00;22383333;0;3345;0;0;1715814400;836;2764;230;143;2140825190;90666871;28065147208
2019-03-22T03:00:00+01:00;24300000;0;3959;0;0;1715814400;1501;11264;397;294;2140545570;93498026;28065147208
2019-03-22T04:00:00+01:00;24300000;0;4437;0;0;1715814400;1109;3140;281;176;2141174715;121407624;28065147208
2019-03-22T05:00:00+01:00;30433333;16196;21043;3;2;1715814400;1194;8617;259;190;2141122286;116828842;28065147208
2019-03-22T06:00:00+01:00;45766666;53572;97962;7;5;1715814400;14335;31863;1065;931;2141192192;184863948;28065147208
2019-03-22T07:00:00+01:00;34650000;136;4812;0;0;1715814400;6451;15342;726;621;2141122286;122770773;28065147208
2019-03-22T08:00:00+01:00;35800000;12834;16366;3;1;1715814400;9488;31333;872;786;2141192192;133553629;28065147208
2019-03-22T09:00:00+01:00;36183333;290;4010;0;0;1715814400;9164;26948;944;844;2141192192;122456200;28065147208
2019-03-22T10:00:00+01:00;62633333;37051;47360;9;5;1715814400;9505;53913;1161;1266;2141139763;132837102;28065147208
2019-03-22T11:00:00+01:00;43466666;32000;41608;7;6;1715814400;8686;19643;860;790;2141192192;118524040;28065147208
2019-03-22T12:00:00+01:00;48066666;9796;21828;2;2;1715814400;10393;81988;1180;1296;2141192192;132767197;28065147208
2019-03-22T13:00:00+01:00;39633333;221;4573;0;0;1715814400;9318;24883;978;867;2141192192;123190203;28065147208
2019-03-22T14:00:00+01:00;46916666;3481;8430;0;0;1715814400;11212;49715;1221;1217;2141157239;129691374;28065147208
2019-03-22T15:00:00+01:00;35800000;102;3515;0;0;1715814400;9011;31795;942;911;2141192192;117912371;28065147208
2019-03-22T16:00:00+01:00;31200000;17;5085;0;0;1715814400;7202;11656;716;555;2141192192;107898470;28065147208
2019-03-22T17:00:00+01:00;26983333;0;4522;0;0;1715814400;7953;14438;785;609;2141192192;110519910;28065147208
2019-03-22T18:00:00+01:00;48450000;16640;22937;4;1;1715814400;7577;56285;893;1045;2141069858;130407901;28065147208
2019-03-22T19:00:00+01:00;25066666;0;3976;0;0;1715814400;3464;10086;473;351;2141157239;100838058;28065147208
2019-03-22T20:00:00+01:00;24683333;0;3891;0;0;1715814400;1365;5427;282;196;2141122286;98426333;28065147208
2019-03-22T21:00:00+01:00;27750000;13021;19541;3;1;1715814400;1860;8942;352;273;2141139763;123906730;28065147208
2019-03-22T22:00:00+01:00;25066666;0;3413;0;0;1715814400;1280;4608;268;184;2141069858;99055479;28065147208
2019-03-22T23:00:00+01:00;97516666;9847;15121;2;1;1715814400;17305;26213;3460;3827;2140965000;102603161;28065147208
2019-03-23T00:00:00+01:00;24300000;0;3396;0;0;1715814400;955;7099;285;211;2140563046;103354641;28065147208
2019-03-23T01:00:00+01:00;28133333;0;3652;0;0;1715814400;1280;6877;317;233;2140196044;111498581;28065147208
2019-03-23T02:00:00+01:00;22383333;0;2525;0;0;1715814400;836;3379;250;159;2139794090;88464861;28065147208
2019-03-23T03:00:00+01:00;23150000;290;2713;0;0;1715814400;1297;11229;345;270;2139986329;77909196;28065147208
2019-03-23T04:00:00+01:00;24300000;0;4659;0;0;1715814400;1109;6451;306;212;2140982476;101240012;28065147208
2019-03-23T05:00:00+01:00;30816666;1262;3771;0;0;1715814400;853;6485;241;181;2140877619;102987639;28065147208
2019-03-23T06:00:00+01:00;59183333;3345;5222;0;0;1715814400;1672;15752;435;376;2141262097;153633860;28065147208
2019-03-23T07:00:00+01:00;26600000;2491;6758;0;0;1715814400;1399;6468;322;225;2143097105;139495560;28065147208
2019-03-23T08:00:00+01:00;24300000;819;5222;0;0;1715814400;1399;3685;248;156;2143009723;98513715;28065147208
2019-03-23T09:00:00+01:00;23533333;546;3396;0;0;1715814400;2082;8669;362;279;2143132057;108352853;28065147208
2019-03-23T10:00:00+01:00;55350000;32307;39953;7;5;1715814400;2371;8515;352;297;2143289344;127017506;28065147208
2019-03-23T11:00:00+01:00;34650000;1706;4915;0;0;1715814400;2064;8294;355;273;2143289344;113228731;28065147208
2019-03-23T12:00:00+01:00;29283333;13277;16076;2;2;1715814400;3224;11007;325;275;2142992247;110030574;28065147208
2019-03-23T13:00:00+01:00;26983333;1792;6826;0;0;1715814400;2047;4897;307;217;2142450483;100890487;28065147208
2019-03-23T14:00:00+01:00;25066666;28484;39901;6;5;1715814400;2764;5683;335;266;2142188339;105084791;28065147208
2019-03-23T15:00:00+01:00;22766666;0;3532;0;0;1715814400;1774;3754;282;191;2142170862;99457433;28065147208
2019-03-23T16:00:00+01:00;22766666;0;3140;0;0;1715814400;2116;12509;425;341;2142205815;98408857;28065147208
2019-03-23T17:00:00+01:00;24300000;0;2252;0;0;1715814400;2116;6826;361;260;2142939818;94511650;28065147208
2019-03-23T18:00:00+01:00;45766666;6843;10461;1;1;1715814400;1774;9419;296;241;2143097105;99806958;28065147208
2019-03-23T19:00:00+01:00;22766666;0;3106;0;0;1715814400;1621;5512;297;216;2142922342;88115336;28065147208
2019-03-23T20:00:00+01:00;25066666;238;2747;0;0;1715814400;1587;7048;331;244;2143062152;98618572;28065147208
2019-03-23T21:00:00+01:00;30050000;34952;48179;8;8;1715814400;2115;3344;275;174;2142782532;103739118;28065147208
2019-03-23T22:00:00+01:00;23916666;0;3054;0;0;1715814400;1962;13550;412;342;2142922342;99055479;28065147208
2019-03-23T23:00:00+01:00;87933333;9898;15001;2;2;1715814400;21145;36027;4291;4729;2142922342;113246208;28065147208
2019-03-24T00:00:00+01:00;22383333;0;2645;0;0;1715814400;1092;6434;305;233;2142013576;90160059;28065147208
2019-03-24T01:00:00+01:00;28133333;0;3788;0;0;1715814400;1536;12373;390;321;2142398054;115413265;28065147208
2019-03-24T02:00:00+01:00;23916666;0;3054;0;0;1715814400;904;3123;235;152;2141908718;99160337;28065147208
2019-03-24T03:00:00+01:00;25066666;0;3037;0;0;1715814400;887;2833;257;180;2141978624;90229964;28065147208
2019-03-24T04:00:00+01:00;23533333;0;2645;0;0;1715814400;1774;24285;540;373;2141838813;87783287;28065147208
2019-03-24T05:00:00+01:00;33500000;48691;61081;11;9;1715814400;2883;13840;353;306;2141699003;104106120;28065147208
2019-03-24T06:00:00+01:00;42316666;14643;93934;1;0;1715814400;1774;7901;357;378;2142537864;157443686;28065147208
2019-03-24T07:00:00+01:00;24300000;0;3054;0;0;1715814400;1587;12800;395;330;2143062152;128170939;28065147208
2019-03-24T08:00:00+01:00;23533333;0;3054;0;0;1715814400;1006;3652;259;161;2143132057;104106120;28065147208
2019-03-24T09:00:00+01:00;22766666;0;2696;0;0;1715814400;1416;3106;281;192;2142922342;114644309;28065147208
2019-03-24T10:00:00+01:00;49216666;22954;28774;5;2;1715814400;2712;12065;421;363;2142625245;126405836;28065147208
2019-03-24T11:00:00+01:00;35416666;57139;77909;13;14;1715814400;2628;9147;395;320;2142852437;98373905;28065147208
2019-03-24T12:00:00+01:00;31583333;1501;4539;0;0;1715814400;2099;16145;438;370;2142258244;119292996;28065147208
2019-03-24T13:00:00+01:00;23533333;290;3276;0;0;1715814400;2440;16110;479;403;2142398054;103704166;28065147208
2019-03-24T14:00:00+01:00;30433333;18312;24849;4;2;1715814400;2303;6655;328;259;2142118434;99422481;28065147208
2019-03-24T15:00:00+01:00;23533333;614;4573;0;0;1715814400;1877;2662;297;196;2141996100;92694118;28065147208
2019-03-24T16:00:00+01:00;23533333;0;2406;0;0;1715814400;1501;3106;274;172;2142450483;89565866;28065147208
2019-03-24T17:00:00+01:00;24300000;0;2304;0;0;1715814400;2048;8430;379;289;2143184486;96206848;28065147208
2019-03-24T18:00:00+01:00;26983333;11229;13875;2;1;1715814400;2593;9147;328;270;2143254391;93078596;28065147208
2019-03-24T19:00:00+01:00;23916666;0;1792;0;0;1715814400;2167;8994;383;355;2142712627;107286801;28065147208
2019-03-24T20:00:00+01:00;23533333;0;3362;0;0;1715814400;1928;8106;375;283;2142100957;89915392;28065147208
2019-03-24T21:00:00+01:00;26600000;0;3225;0;0;1715814400;1399;3396;293;200;2142502912;116409412;28065147208
2019-03-24T22:00:00+01:00;24300000;0;2491;0;0;1715814400;1774;11895;405;330;2142782532;84882227;28065147208
2019-03-24T23:00:00+01:00;81800000;21538;28057;5;2;1715814400;22033;47905;4641;5715;2143132057;115762790;28065147208
2019-03-25T00:00:00+01:00;23150000;0;1877;0;0;1715814400;972;2355;245;155;2142170862;102306065;28065147208
2019-03-25T01:00:00+01:00;28516666;273;3635;0;0;1715814400;1877;19712;451;385;2142485435;112145203;28065147208
2019-03-25T02:00:00+01:00;23150000;0;3037;0;0;1715814400;938;3225;256;174;2141996100;98024379;28065147208
2019-03-25T03:00:00+01:00;23916666;0;2696;0;0;1715814400;938;2781;247;153;2141978624;101537109;28065147208
2019-03-25T04:00:00+01:00;24683333;0;2372;0;0;1715814400;870;3942;242;166;2142066005;110712149;28065147208
2019-03-25T05:00:00+01:00;30050000;28313;34048;6;3;1715814400;2064;15240;366;385;2142275720;120009523;28065147208
2019-03-25T06:00:00+01:00;66083333;76731;223095;1;1;1715814400;8328;30139;981;903;2142730103;212791022;28065147208
2019-03-25T07:00:00+01:00;29283333;0;3106;0;0;1715814400;5512;9062;558;457;2143254391;102271112;28065147208
2019-03-25T08:00:00+01:00;31583333;17;4078;0;0;1715814400;9267;24661;902;779;2143289344;132767197;28065147208
2019-03-25T09:00:00+01:00;34650000;0;4608;0;0;1715814400;10359;28893;1115;868;2143289344;141645141;28065147208
2019-03-25T10:00:00+01:00;90616666;19865;28791;4;3;1715814400;10034;57565;1050;1176;2143289344;135266304;28065147208
2019-03-25T11:00:00+01:00;46916666;4420;11776;1;0;1715814400;10102;32170;1012;960;2143289344;123539729;28065147208
2019-03-25T12:00:00+01:00;49216666;16110;16588;2;1;1715814400;10393;66798;1053;1261;2143236915;149387127;28065147208
2019-03-25T13:00:00+01:00;38100000;20343;25548;4;1;1715814400;10409;34457;1031;910;2143289344;136367308;28065147208
2019-03-25T14:00:00+01:00;48066666;802;6656;0;0;1715814400;15462;44185;1346;1347;2143254391;138883891;28065147208
2019-03-25T15:00:00+01:00;39633333;0;3515;0;0;1715814400;10393;26606;1049;956;2143289344;126388360;28065147208
2019-03-25T16:00:00+01:00;33883333;0;4693;0;0;1715814400;8601;16674;882;701;2143184486;117842466;28065147208
2019-03-25T17:00:00+01:00;31966666;0;4556;0;0;1715814400;7680;17066;808;755;2143271867;112896682;28065147208
2019-03-25T18:00:00+01:00;84483333;23210;31658;5;5;1715814400;9710;76833;1181;1431;2143271867;111551010;28065147208
2019-03-25T19:00:00+01:00;28133333;0;3174;0;0;1715814400;5188;20087;698;688;2143289344;120026999;28065147208
2019-03-25T20:00:00+01:00;27750000;0;3566;0;0;1715814400;3259;14762;510;446;2143289344;101152631;28065147208
2019-03-25T21:00:00+01:00;31966666;3242;8174;0;0;1715814400;3088;18534;554;454;2143289344;101205060;28065147208
2019-03-25T22:00:00+01:00;27366666;0;3054;0;0;1715814400;1979;7611;343;263;2143289344;101240012;28065147208
2019-03-25T23:00:00+01:00;105183333;11400;19592;2;2;1715814400;23824;32903;4755;4737;2143254391;118017228;28065147208
2019-03-26T00:00:00+01:00;23150000;0;2918;0;0;1715814400;1467;8021;333;266;2142520388;81474355;28065147208
2019-03-26T01:00:00+01:00;25833333;0;11110;0;0;1715814400;1433;8652;355;282;2142660198;124570828;28065147208
2019-03-26T02:00:00+01:00;24300000;0;3413;0;0;1715814400;1501;11332;378;377;2142834961;91680494;28065147208
2019-03-26T03:00:00+01:00;23533333;0;3362;0;0;1715814400;1109;4232;291;211;2142922342;102690542;28065147208
2019-03-26T04:00:00+01:00;23916666;0;2747;0;0;1715814400;2013;23449;531;652;2142485435;105189649;28065147208
2019-03-26T05:00:00+01:00;35800000;46950;56593;11;4;1715814400;2969;18772;447;436;2142904866;99806958;28065147208
2019-03-26T06:00:00+01:00;56116666;28996;288887;1;1;1715814400;12287;45431;952;944;2143289344;187240721;28065147208
2019-03-26T07:00:00+01:00;31200000;7219;9591;1;0;1715814400;5120;13636;626;538;2143289344;128135987;28065147208
2019-03-26T08:00:00+01:00;31200000;0;3549;0;0;1715814400;7662;23808;745;688;2143289344;133850726;28065147208
2019-03-26T09:00:00+01:00;32733333;102;4078;0;0;1715814400;8772;20514;922;781;2143289344;126528170;28065147208
2019-03-26T10:00:00+01:00;65700000;22220;18824;5;1;1715814400;12509;66986;1366;1565;2143289344;122823202;28065147208
2019-03-26T11:00:00+01:00;45000000;443;3669;0;0;1715814400;9045;29252;969;954;2143289344;135982830;28065147208
2019-03-26T12:00:00+01:00;45766666;9437;15308;2;1;1715814400;10512;77550;1192;1384;2143254391;124640733;28065147208
2019-03-26T13:00:00+01:00;54583333;682;4812;0;0;1715814400;18397;57617;3106;2737;2143201962;135615829;28065147208
2019-03-26T14:00:00+01:00;53816666;32870;42871;7;5;1715814400;21589;70433;2604;2422;2143254391;130914713;28065147208
2019-03-26T15:00:00+01:00;35800000;17;3754;0;0;1715814400;10052;47121;1133;1125;2141611622;128153463;28065147208
2019-03-26T16:00:00+01:00;38100000;3498;8089;0;1;1715814400;12868;33570;1118;1018;2141733956;113316113;28065147208
2019-03-26T17:00:00+01:00;33116666;119;3430;0;0;1715814400;9011;19217;855;691;2142240768;118209467;28065147208
2019-03-26T18:00:00+01:00;82183333;16435;24814;4;2;1701591176;8873;56353;928;1039;2142240768;128485512;28065147208
2019-03-26T19:00:00+01:00;29283333;0;3413;0;0;1685336064;5666;26299;721;701;2142240768;107915946;28065147208
2019-03-26T20:00:00+01:00;23916666;8960;13158;2;1;1685336064;3276;13396;491;401;2142240768;92729070;28065147208
2019-03-26T21:00:00+01:00;26983333;1058;4334;0;0;1685336064;2389;5904;355;263;2142170862;113945258;28065147208
2019-03-26T22:00:00+01:00;24300000;0;2679;0;0;1685336064;1962;5290;332;251;2142240768;100173960;28065147208
2019-03-26T23:00:00+01:00;74133333;0;2491;0;0;1685336064;18944;35003;3881;4437;2142485435;123889254;28065147208
2019-03-27T00:00:00+01:00;23150000;0;2560;0;0;1685336064;1911;12800;421;506;2142118434;90229964;28065147208
2019-03-27T01:00:00+01:00;28133333;136;11025;0;0;1685336064;1314;12424;321;258;2142485435;125287355;28065147208
2019-03-27T02:00:00+01:00;24683333;0;1774;0;0;1685336064;1109;4420;270;201;2142170862;93131025;28065147208
2019-03-27T03:00:00+01:00;23916666;0;2474;0;0;1685336064;1075;4130;268;188;2142135910;96556373;28065147208
2019-03-27T04:00:00+01:00;23533333;0;3532;0;0;1685336064;1570;10581;377;285;2142170862;89618295;28065147208
2019-03-27T05:00:00+01:00;35416666;7799;12458;1;1;1685336064;1501;12441;300;310;2141873766;101816729;28065147208
2019-03-27T06:00:00+01:00;45766666;12800;19268;3;2;1685336064;9932;30889;952;918;2141926195;190054400;28065147208
2019-03-27T07:00:00+01:00;29283333;170;3106;0;0;1685336064;4966;11008;615;498;2141821337;107216896;28065147208
2019-03-27T08:00:00+01:00;30433333;34;3857;0;0;1685336064;8669;24064;879;723;2142118434;119625045;28065147208
2019-03-27T09:00:00+01:00;33883333;0;3515;0;0;1685336064;8960;17783;994;852;2142240768;123539729;28065147208
2019-03-27T10:00:00+01:00;78350000;12168;19097;2;2;1685336064;11417;58077;1130;1152;2142240768;144161723;28065147208
2019-03-27T11:00:00+01:00;40783333;1655;7304;0;0;1685336064;9591;28313;969;971;2142240768;128572893;28065147208
2019-03-27T12:00:00+01:00;52666666;15462;20804;3;2;1685336064;9983;68505;1097;1304;2142240768;130704998;28065147208
2019-03-27T13:00:00+01:00;37333333;2218;7372;0;0;1685336064;7986;24132;841;750;2142240768;115413265;28065147208
2019-03-27T14:00:00+01:00;46916666;3993;9079;0;0;1685336064;9403;44236;1003;1038;2142240768;117859942;28065147208
2019-03-27T15:00:00+01:00;32733333;221;4864;0;0;1685336064;10513;28501;1057;994;2142240768;104770218;28065147208
2019-03-27T16:00:00+01:00;37333333;34;3942;0;0;1685336064;10786;25019;1100;894;2142240768;139845085;28065147208
2019-03-27T17:00:00+01:00;31966666;546;5239;0;0;1685336064;8243;18688;797;713;2142240768;131718621;28065147208
2019-03-27T18:00:00+01:00;67233333;30805;43707;7;6;1685336064;9573;65876;1064;1331;2142223291;132749721;28065147208
2019-03-27T19:00:00+01:00;26216666;290;3976;0;0;1685336064;5512;18278;667;633;2142240768;104071168;28065147208
2019-03-27T20:00:00+01:00;26600000;648;2696;0;0;1685336064;3242;13158;490;468;2142188339;104875076;28065147208
2019-03-27T21:00:00+01:00;28133333;3208;5683;0;0;1685336064;3310;17510;558;470;2142135910;101572061;28065147208
2019-03-27T22:00:00+01:00;24683333;0;4232;0;0;1685336064;2252;11861;432;413;2142153386;104298359;28065147208
2019-03-27T23:00:00+01:00;81800000;23961;33143;5;3;1685336064;22801;54083;4649;5979;2142852437;105469269;28065147208
2019-03-28T00:00:00+01:00;25450000;0;3037;0;0;1685336064;1484;4334;305;239;2141873766;107618850;28065147208
2019-03-28T01:00:00+01:00;25450000;0;10171;0;0;1685336064;1228;5683;305;241;2141961147;115133644;28065147208
2019-03-28T02:00:00+01:00;24300000;0;2048;0;0;1685336064;1536;14796;425;366;2142380578;98828288;28065147208
2019-03-28T03:00:00+01:00;22000000;0;3054;0;0;1685336064;1996;19046;519;444;2142100957;111900535;28065147208
2019-03-28T04:00:00+01:00;24300000;0;2730;0;0;1685336064;1143;4881;300;210;2142135910;99457433;28065147208
2019-03-28T05:00:00+01:00;38100000;8686;12936;2;1;1685336064;1842;11058;301;273;2142135910;96870946;28065147208
2019-03-28T06:00:00+01:00;52666666;50500;67566;6;3;1685336064;15035;31555;994;1019;2142153386;189477683;28065147208
2019-03-28T07:00:00+01:00;34266666;3174;5171;0;0;1685336064;6092;13243;725;602;2142240768;97587473;28065147208
2019-03-28T08:00:00+01:00;32350000;17;3447;0;0;1685336064;10325;34781;1023;924;2142240768;126807790;28065147208
2019-03-28T09:00:00+01:00;33883333;68;3174;0;0;1685336064;9693;42461;1059;1071;2142240768;129254468;28065147208
2019-03-28T10:00:00+01:00;102116666;36471;41079;8;6;1685336064;12491;61558;1246;1454;2142240768;126353408;28065147208
2019-03-28T11:00:00+01:00;53050000;3259;6946;0;0;1685336064;10649;19660;1050;874;2142223291;121827054;28065147208
2019-03-28T12:00:00+01:00;50750000;614;4369;0;0;1685336064;10700;76219;1108;1252;2142205815;123295061;28065147208
2019-03-28T13:00:00+01:00;33116666;6468;11451;1;1;1685336064;8788;31691;917;898;2142066005;136314880;28065147208
2019-03-28T14:00:00+01:00;43850000;3259;8021;0;0;1685336064;8140;22425;843;721;2142240768;140701422;28065147208
2019-03-28T15:00:00+01:00;35033333;34;3669;0;0;1685336064;7850;28552;871;848;2142240768;139845085;28065147208
2019-03-28T16:00:00+01:00;33116666;648;4829;0;0;1685336064;7901;17544;773;656;2142240768;116461841;28065147208
2019-03-28T17:00:00+01:00;28133333;512;4676;0;0;1685336064;6894;14045;755;588;2142240768;91610589;28065147208
2019-03-28T18:00:00+01:00;66850000;22050;32238;5;4;1685336064;8328;70433;1112;1373;2142240768;134392490;28065147208
2019-03-28T19:00:00+01:00;28900000;0;2901;0;0;1685336064;4727;10871;574;455;2142240768;127803938;28065147208
2019-03-28T20:00:00+01:00;28516666;0;3276;0;0;1685336064;2167;4027;315;300;2142240768;99352576;28065147208
2019-03-28T21:00:00+01:00;25066666;0;3020;0;0;1685336064;2662;10956;422;368;2142170862;115116168;28065147208
2019-03-28T22:00:00+01:00;24300000;0;3805;0;0;1685336064;2099;4608;326;230;2142240768;121774626;28065147208
2019-03-28T23:00:00+01:00;76433333;0;2747;0;0;1685336064;22630;45056;4382;4893;2143201962;152235758;28065147208
2019-03-29T00:00:00+01:00;28133333;0;3788;0;0;1685336064;2713;8260;441;408;2143009723;106937275;28065147208
2019-03-29T01:00:00+01:00;27750000;68;2406;0;0;1685336064;1979;8072;349;247;2142450483;108614997;28065147208
2019-03-29T02:00:00+01:00;26983333;0;3976;0;0;1685336064;2474;8533;422;446;2143027200;92781499;28065147208
2019-03-29T03:00:00+01:00;30050000;0;3037;0;0;1685336064;2662;15121;522;522;2142205815;95193224;28065147208
2019-03-29T04:00:00+01:00;26216666;0;3413;0;0;1685336064;2150;5068;379;264;2142170862;90579490;28065147208
2019-03-29T05:00:00+01:00;40016666;1928;6092;0;0;1685336064;2423;31572;438;665;2142153386;116881271;28065147208
2019-03-29T06:00:00+01:00;35416666;14745;13175;1;0;1685336064;2611;13926;505;559;2142100957;183395942;28065147208
2019-03-29T07:00:00+01:00;33500000;341;4249;0;0;1685336064;4744;23517;726;672;2142170862;84183176;28065147208
2019-03-29T08:00:00+01:00;40400000;0;4369;0;0;1685336064;10803;39304;1066;1097;2142240768;111498581;28065147208
2019-03-29T09:00:00+01:00;32733333;546;5376;0;0;1685336064;10683;42683;1081;1082;2142240768;117178368;28065147208
2019-03-29T10:00:00+01:00;57266666;21179;29166;5;4;1685336064;10836;44918;1133;1143;2142135910;152655189;28065147208
2019-03-29T11:00:00+01:00;41933333;45704;56832;11;6;1685336064;12407;29866;1259;1156;2141996100;132015718;28065147208
2019-03-29T12:00:00+01:00;40783333;18636;29081;4;4;1685336064;9727;78472;1008;1308;2142223291;139827609;28065147208
2019-03-29T13:00:00+01:00;35033333;682;4710;0;0;1685336064;8499;27869;825;755;2142153386;128468036;28065147208
2019-03-29T14:00:00+01:00;45766666;43537;55278;10;6;1685336064;11604;45841;1244;1282;2142310673;143375291;28065147208
2019-03-29T15:00:00+01:00;30816666;0;4249;0;0;1685336064;9762;30361;1007;862;2142240768;125287355;28065147208
2019-03-29T16:00:00+01:00;28133333;0;4727;0;0;1685336064;7901;11315;719;583;2142240768;107321753;28065147208
2019-03-29T17:00:00+01:00;30816666;0;4078;0;0;1685336064;7850;19114;805;691;2142240768;101921587;28065147208
2019-03-29T18:00:00+01:00;58033333;34577;44885;8;4;1685336064;8242;64904;952;1155;2142240768;109034427;28065147208
2019-03-29T19:00:00+01:00;29283333;170;4676;0;0;1685336064;5256;24456;686;684;2142240768;106552797;28065147208
2019-03-29T20:00:00+01:00;24683333;4369;6434;0;0;1685336064;2269;6502;377;305;2142205815;94826222;28065147208
2019-03-29T21:00:00+01:00;28900000;3345;6502;0;0;1685336064;2286;6194;349;283;2142240768;132312814;28065147208
2019-03-29T22:00:00+01:00;25450000;0;3703;0;0;1685336064;1962;5990;360;260;2142205815;103756595;28065147208
2019-03-29T23:00:00+01:00;77583333;0;3020;0;0;1685336064;19609;30122;3937;4418;2143044676;104700313;28065147208
2019-03-30T00:00:00+01:00;24300000;2474;4812;0;0;1685336064;1501;3498;281;191;2142135910;101187584;28065147208
2019-03-30T01:00:00+01:00;23150000;17;7509;0;0;1685336064;2013;19968;458;387;2142328149;119659997;28065147208
2019-03-30T02:00:00+01:00;24300000;0;4778;0;0;1685336064;1518;7082;350;261;2142066005;96626278;28065147208
2019-03-30T03:00:00+01:00;22383333;307;3259;0;0;1685336064;1826;14472;441;358;2142066005;89530914;28065147208
2019-03-30T04:00:00+01:00;26600000;0;3413;0;0;1685336064;1467;11741;354;332;2142048529;94808746;28065147208
2019-03-30T05:00:00+01:00;22766666;85;3942;0;0;1685336064;2184;16435;516;539;2142031052;93725218;28065147208
2019-03-30T06:00:00+01:00;50750000;5290;184490;0;0;1685336064;1996;4130;358;288;2142048529;180442453;28065147208
2019-03-30T07:00:00+01:00;25066666;546;3840;0;0;1685336064;1757;10291;394;326;2142223291;105154696;28065147208
2019-03-30T08:00:00+01:00;25833333;580;2935;0;0;1685336064;2150;10153;337;260;2142205815;118157038;28065147208
2019-03-30T09:00:00+01:00;24300000;0;2918;0;0;1685336064;2713;19404;504;497;2142153386;108282948;28065147208
2019-03-30T10:00:00+01:00;27366666;17;3601;0;0;1685336064;2355;4983;378;287;2142205815;107251848;28065147208
2019-03-30T11:00:00+01:00;25833333;2150;4181;0;0;1685336064;3328;16145;546;455;2142205815;100121531;28065147208
2019-03-30T12:00:00+01:00;25066666;0;2901;0;0;1685336064;2423;7953;357;252;2142205815;102375970;28065147208
2019-03-30T13:00:00+01:00;22766666;0;1962;0;0;1685336064;2884;12236;475;389;2142205815;100785629;28065147208
2019-03-30T14:00:00+01:00;26216666;0;3037;0;0;1685336064;2816;11349;419;354;2142240768;102970163;28065147208
2019-03-30T15:00:00+01:00;25066666;0;2833;0;0;1685336064;3276;8840;472;388;2142223291;109698525;28065147208
2019-03-30T16:00:00+01:00;25450000;0;2457;0;0;1685336064;3140;5905;432;341;2142205815;101869158;28065147208
2019-03-30T17:00:00+01:00;25066666;0;3584;0;0;1685336064;3003;18670;516;466;2142170862;99387528;28065147208
2019-03-30T18:00:00+01:00;25450000;0;3566;0;0;1685336064;2713;9540;412;313;2142240768;110065527;28065147208
2019-03-30T19:00:00+01:00;26216666;0;3805;0;0;1685336064;2628;10188;454;368;2142240768;93096072;28065147208
2019-03-30T20:00:00+01:00;24300000;0;3464;0;0;1685336064;1553;3805;299;213;2142223291;99142860;28065147208
2019-03-30T21:00:00+01:00;22383333;0;3686;0;0;1685336064;1877;3515;327;223;2142188339;96661230;28065147208
2019-03-30T22:00:00+01:00;24300000;0;3276;0;0;1685336064;2184;25446;428;1295;2142223291;109663573;28065147208
2019-03-30T23:00:00+01:00;74900000;0;2781;0;0;1685336064;20684;39253;4289;4915;2142433006;125706786;28065147208
2019-03-31T00:00:00+01:00;22383333;0;3464;0;0;1685336064;2389;15104;494;413;2142205815;106535321;28065147208
2019-03-31T01:00:00+01:00;26216666;0;3788;0;0;1685336064;1450;11315;301;236;2142712627;96958327;28065147208
2019-03-31T03:00:00+02:00;24683333;0;2867;0;0;1685336064;1314;2696;265;172;2143271867;106482892;28065147208
2019-03-31T04:00:00+02:00;23916666;0;2952;0;0;1685336064;1331;7509;335;258;2142590293;95542749;28065147208
2019-03-31T05:00:00+02:00;23150000;0;3310;0;0;1685336064;1979;16520;493;530;2142205815;96224324;28065147208
2019-03-31T06:00:00+02:00;36950000;9659;13004;0;0;1685336064;1092;3601;277;191;2142170862;178677350;28065147208
2019-03-31T07:00:00+02:00;23916666;0;3037;0;0;1685336064;853;2833;232;152;2142240768;124203827;28065147208
2019-03-31T08:00:00+02:00;23916666;0;2850;0;0;1685336064;2235;18534;473;416;2142153386;103057544;28065147208
2019-03-31T09:00:00+02:00;24683333;290;3123;0;0;1685336064;1826;15820;458;385;2142205815;114679261;28065147208
2019-03-31T10:00:00+02:00;23533333;0;4215;0;0;1685336064;3293;20667;651;588;2142205815;100855534;28065147208
2019-03-31T11:00:00+02:00;26983333;0;4266;0;0;1685336064;2252;4932;374;283;2142223291;123155251;28065147208
2019-03-31T12:00:00+02:00;28516666;0;1962;0;0;1685336064;2286;8499;369;278;2142240768;104717789;28065147208
2019-03-31T13:00:00+02:00;25450000;0;2696;0;0;1685336064;2065;3737;328;229;2142153386;106867370;28065147208
2019-03-31T14:00:00+02:00;26983333;0;2952;0;0;1685336064;2389;4915;373;275;2142188339;95874798;28065147208
2019-03-31T15:00:00+02:00;29283333;0;3566;0;0;1685336064;3208;18244;492;541;2142153386;106570274;28065147208
2019-03-31T16:00:00+02:00;26600000;0;3993;0;0;1685336064;3242;12936;547;449;2142205815;110799530;28065147208
2019-03-31T17:00:00+02:00;29283333;0;3532;0;0;1685336064;2423;4915;389;294;2142153386;90212488;28065147208
2019-03-31T18:00:00+02:00;27366666;1058;5888;0;0;1685336064;3054;9266;449;353;2142013576;110886912;28065147208
2019-03-31T19:00:00+02:00;28900000;0;2201;0;0;1685336064;2508;5956;404;294;2142188339;103634261;28065147208
2019-03-31T20:00:00+02:00;26600000;0;3396;0;0;1685336064;2218;3976;355;249;2142240768;107968375;28065147208
2019-03-31T21:00:00+02:00;26600000;0;3106;0;0;1685336064;2423;4864;404;302;2142223291;100069102;28065147208
2019-03-31T22:00:00+02:00;26600000;0;2935;0;0;1685336064;2252;5410;397;313;2142205815;100873011;28065147208
2019-03-31T23:00:00+02:00;76433333;0;2645;0;0;1685336064;17237;31180;3528;3992;2143167010;116007458;28065147208
2019-04-01T00:00:00+02:00;23916666;0;4266;0;0;1685336064;2116;11912;448;365;2142240768;105189649;28065147208
