Time;CPU usage;Used memory;Number of bytes received;Number of bytes transmitted;RLATE;WLATE
2019-07-22T00:00:00+02:00;3551000000;1,34807E+11;1045504;43984896;7,5;4
2019-07-22T00:02:00+02:00;8268500000;1,3475E+11;341504;15440896;15;85,5
2019-07-22T00:04:00+02:00;4251500000;1,34748E+11;167424;1941504;15,5;144
2019-07-22T00:06:00+02:00;4952500000;1,34789E+11;167424;736768;62,5;104,5
2019-07-22T00:08:00+02:00;5339500000;1,34762E+11;206848;2638848;15;73
2019-07-22T00:10:00+02:00;5608000000;1,34762E+11;175104;489472;35;64,5
2019-07-22T00:12:00+02:00;6179000000;1,34792E+11;172544;336896;15,5;81,5
2019-07-22T00:14:00+02:00;4355000000;1,34678E+11;236544;443392;15;87
2019-07-22T00:16:00+02:00;5946500000;1,34665E+11;164864;741376;28;104
2019-07-22T00:18:00+02:00;5540000000;1,34665E+11;164352;377856;21;31
2019-07-22T00:20:00+02:00;5485500000;1,34652E+11;206336;377344;6,5;10
2019-07-22T00:22:00+02:00;5459500000;1,34652E+11;181248;516608;4;4
2019-07-22T00:24:00+02:00;5867000000;1,34653E+11;468992;488448;5;6,5
2019-07-22T00:26:00+02:00;7814500000;1,34653E+11;210944;305664;6;6,5
2019-07-22T00:28:00+02:00;7081000000;1,34654E+11;373248;433152;5;4,5
2019-07-22T00:30:00+02:00;8658000000;1,34653E+11;211456;354304;3;12,5
2019-07-22T00:32:00+02:00;10697000000;1,34651E+11;390144;513024;4,5;4,5
2019-07-22T00:34:00+02:00;5274500000;1,3465E+11;238080;307200;1,5;4,5
2019-07-22T00:36:00+02:00;5099500000;1,3465E+11;128512;226816;4;4,5
2019-07-22T00:38:00+02:00;6366500000;1,34651E+11;195584;359424;4,5;4,5
2019-07-22T00:40:00+02:00;4700000000;1,34652E+11;185344;196608;1,5;5
2019-07-22T00:42:00+02:00;5239000000;1,34652E+11;177152;397312;5;4
2019-07-22T00:44:00+02:00;5502500000;1,34652E+11;196096;270848;4;3,5
2019-07-22T00:46:00+02:00;6895500000;1,34652E+11;189952;257024;5;9
2019-07-22T00:48:00+02:00;6006500000;1,34652E+11;166912;345600;4;8,5
2019-07-22T00:50:00+02:00;6015000000;1,34653E+11;155648;327680;4;8
2019-07-22T00:52:00+02:00;6584500000;1,34653E+11;187392;515584;4;3
2019-07-22T00:54:00+02:00;6749500000;1,34664E+11;134144;283648;4,5;3,5
2019-07-22T00:56:00+02:00;6269000000;1,34654E+11;182272;242176;8;4
2019-07-22T00:58:00+02:00;5509000000;1,3466E+11;226816;329728;6,5;6
2019-07-22T01:00:00+02:00;6670500000;1,34663E+11;613376;43258880;7,5;5
2019-07-22T01:02:00+02:00;7663500000;1,34661E+11;445952;29001216;17,5;11
2019-07-22T01:04:00+02:00;7585000000;1,34662E+11;644096;45916672;19;7
2019-07-22T01:06:00+02:00;3768500000;1,34652E+11;498688;48684032;14,5;7
2019-07-22T01:08:00+02:00;4418500000;1,34624E+11;547328;37013504;13,5;8
2019-07-22T01:10:00+02:00;3990000000;1,34587E+11;601600;45103104;15;15
2019-07-22T01:12:00+02:00;4522000000;1,3456E+11;637440;42713088;15,5;8
2019-07-22T01:14:00+02:00;4893500000;1,34544E+11;615424;50166784;11,5;7
2019-07-22T01:16:00+02:00;5112000000;1,34524E+11;634368;44879872;16;10,5
2019-07-22T01:18:00+02:00;5223500000;1,34539E+11;1354240;43915776;19,5;7,5
2019-07-22T01:20:00+02:00;3227000000;1,34506E+11;739840;54968832;22,5;9,5
2019-07-22T01:22:00+02:00;4299500000;1,34508E+11;475136;40076288;11;7,5
2019-07-22T01:24:00+02:00;3653000000;1,34498E+11;833024;58313216;9,5;12
2019-07-22T01:26:00+02:00;3292000000;1,34466E+11;631808;45715456;9;20,5
2019-07-22T01:28:00+02:00;3794500000;1,3443E+11;633856;55056384;8,5;13
2019-07-22T01:30:00+02:00;2989000000;1,34421E+11;581120;48115712;6,5;10
2019-07-22T01:32:00+02:00;6508000000;1,3443E+11;440832;29618176;10;21
2019-07-22T01:34:00+02:00;5223500000;1,34443E+11;714240;58103808;10,5;18,5
2019-07-22T01:36:00+02:00;5176500000;1,34427E+11;618496;45786112;20,5;10,5
2019-07-22T01:38:00+02:00;6693500000;1,34426E+11;1396224;35032064;6,5;6,5
2019-07-22T01:40:00+02:00;5274000000;1,3443E+11;385024;16123392;14;12
2019-07-22T01:42:00+02:00;5679500000;1,34422E+11;515072;19427840;22,5;6
2019-07-22T01:44:00+02:00;6471500000;1,34421E+11;331264;13103104;15;5
2019-07-22T01:46:00+02:00;6074500000;1,34419E+11;486912;25351680;11;7,5
2019-07-22T01:48:00+02:00;5690500000;1,34427E+11;562688;25180160;4,5;8
2019-07-22T01:50:00+02:00;5945500000;1,3444E+11;667648;22446080;25;27,5
2019-07-22T01:52:00+02:00;7276500000;1,34418E+11;532992;15570432;4;7
2019-07-22T01:54:00+02:00;8653500000;1,34417E+11;673280;28741120;4,5;4,5
2019-07-22T01:56:00+02:00;5148000000;1,34409E+11;147456;414720;8,5;5
2019-07-22T01:58:00+02:00;4808000000;1,34389E+11;388096;10539008;4,5;5
2019-07-22T02:00:00+02:00;5055000000;1,34366E+11;343040;8364544;10,5;5
2019-07-22T02:02:00+02:00;7793000000;1,34362E+11;581120;20641792;8,5;7,5
2019-07-22T02:04:00+02:00;8560000000;1,34363E+11;834048;41381888;19;45,5
2019-07-22T02:06:00+02:00;6179500000;1,34366E+11;604160;23769088;7;7
2019-07-22T02:08:00+02:00;5144000000;1,34366E+11;560128;19683328;72,5;8
2019-07-22T02:10:00+02:00;4517000000;1,34362E+11;633344;24649216;9,5;13,5
2019-07-22T02:12:00+02:00;5914000000;1,34363E+11;578560;25092608;9,5;20
2019-07-22T02:14:00+02:00;4028000000;1,34367E+11;742400;32620032;6,5;9,5
2019-07-22T02:16:00+02:00;3839500000;1,34369E+11;810496;37355520;10;9
2019-07-22T02:18:00+02:00;5295000000;1,34368E+11;700416;34255872;13;7,5
2019-07-22T02:20:00+02:00;4771000000;1,34368E+11;1576448;32877568;7,5;6,5
2019-07-22T02:22:00+02:00;5348500000;1,3437E+11;573440;24580608;7,5;10
2019-07-22T02:24:00+02:00;4354000000;1,3437E+11;805888;43344896;7;6
2019-07-22T02:26:00+02:00;5983500000;1,34403E+11;708096;32421888;3,5;5,5
2019-07-22T02:28:00+02:00;5489000000;1,34391E+11;1122304;25493504;6;2
2019-07-22T02:30:00+02:00;5587500000;1,3438E+11;606720;34370560;12,5;6,5
2019-07-22T02:32:00+02:00;3795000000;1,34367E+11;452608;16724992;12;5,5
2019-07-22T02:34:00+02:00;5892500000;1,3437E+11;649216;31409664;10,5;5
2019-07-22T02:36:00+02:00;4494500000;1,34363E+11;657920;30634496;13,5;9,5
2019-07-22T02:38:00+02:00;3791000000;1,34361E+11;665600;28338688;8,5;43,5
2019-07-22T02:40:00+02:00;3981500000;1,34361E+11;741376;34572288;5;8
2019-07-22T02:42:00+02:00;5746500000;1,34401E+11;11343872;32496640;6,5;6
2019-07-22T02:44:00+02:00;5153500000;1,34418E+11;25359872;44520960;6,5;21
2019-07-22T02:46:00+02:00;4458500000;1,34409E+11;630784;21340160;12;9
2019-07-22T02:48:00+02:00;5448500000;1,3436E+11;472576;14218752;7;8
2019-07-22T02:50:00+02:00;5233000000;1,34362E+11;623616;24351232;10,5;10,5
2019-07-22T02:52:00+02:00;5216000000;1,34364E+11;509440;13251584;6;15
2019-07-22T02:54:00+02:00;4591500000;1,34362E+11;484352;17256960;3,5;15,5
2019-07-22T02:56:00+02:00;4164500000;1,34364E+11;612352;22529024;11,5;9,5
2019-07-22T02:58:00+02:00;5742500000;1,34366E+11;649728;23497728;9;7,5
2019-07-22T03:00:00+02:00;4123500000;1,34366E+11;812032;34568704;11,5;6
2019-07-22T03:02:00+02:00;5477500000;1,34377E+11;711680;27222016;9;10
2019-07-22T03:04:00+02:00;7956000000;1,34373E+11;707072;27261952;9;4
2019-07-22T03:06:00+02:00;6684500000;1,34381E+11;1038336;56293888;25;5,5
2019-07-22T03:08:00+02:00;5132000000;1,34387E+11;1034240;50369536;15;11,5
2019-07-22T03:10:00+02:00;5184500000;1,34388E+11;696832;26108928;18;9
2019-07-22T03:12:00+02:00;4378000000;1,34383E+11;696320;26931712;11,5;5
2019-07-22T03:14:00+02:00;4554000000;1,34387E+11;882688;35989504;15;8
2019-07-22T03:16:00+02:00;5270000000;1,34393E+11;701952;31361536;10,5;8
2019-07-22T03:18:00+02:00;7079500000;1,34399E+11;1048064;52858880;21;36
2019-07-22T03:20:00+02:00;7701500000;1,34383E+11;999936;49033216;11;18
2019-07-22T03:22:00+02:00;7335000000;1,34405E+11;879616;35435520;4;11
2019-07-22T03:24:00+02:00;7546500000;1,34401E+11;1005568;51264512;7;4
2019-07-22T03:26:00+02:00;5248000000;1,34386E+11;931328;45129216;9;6,5
2019-07-22T03:28:00+02:00;6326500000;1,3438E+11;976896;48446976;9;9,5
2019-07-22T03:30:00+02:00;4188000000;1,34376E+11;838656;40355840;14;14,5
2019-07-22T03:32:00+02:00;5486000000;1,34382E+11;913920;45114368;15,5;64
2019-07-22T03:34:00+02:00;5414000000;1,34377E+11;765952;38708736;11;11,5
2019-07-22T03:36:00+02:00;5254500000;1,34378E+11;869376;43133952;12,5;19,5
2019-07-22T03:38:00+02:00;6714000000;1,34412E+11;808448;40489472;12;18,5
2019-07-22T03:40:00+02:00;5160500000;1,34392E+11;982016;46449664;25,5;200,5
2019-07-22T03:42:00+02:00;5496500000;1,34393E+11;998400;56061952;8;55
2019-07-22T03:44:00+02:00;5741500000;1,34376E+11;953344;51343872;9,5;5
2019-07-22T03:46:00+02:00;4649000000;1,34376E+11;757248;37677056;35;21,5
2019-07-22T03:48:00+02:00;5693000000;1,34377E+11;784896;39136256;9;16
2019-07-22T03:50:00+02:00;5205000000;1,34377E+11;1854976;50806272;7;10
2019-07-22T03:52:00+02:00;4463000000;1,34377E+11;923136;46503424;8;4,5
2019-07-22T03:54:00+02:00;4894500000;1,34377E+11;940544;52243968;6,5;5,5
2019-07-22T03:56:00+02:00;4233000000;1,34377E+11;647680;27602432;10;5,5
2019-07-22T03:58:00+02:00;5486000000;1,34378E+11;873984;42998784;13;7
2019-07-22T04:00:00+02:00;4931000000;1,34377E+11;1117184;66738688;15,5;6,5
2019-07-22T04:02:00+02:00;14741500000;1,34381E+11;825856;43121152;8;7,5
2019-07-22T04:04:00+02:00;11371500000;1,34381E+11;650240;33444864;14;9,5
2019-07-22T04:06:00+02:00;13159500000;1,34382E+11;580608;26185728;11,5;5
2019-07-22T04:08:00+02:00;7045000000;1,34415E+11;1590272;170710528;13;3,5
2019-07-22T04:10:00+02:00;12188500000;1,17217E+11;720896;46143488;9;8,5
2019-07-22T04:12:00+02:00;6113500000;1,17209E+11;559104;21088768;11;8
2019-07-22T04:14:00+02:00;5144500000;1,17211E+11;647680;41733120;18;6
2019-07-22T04:16:00+02:00;4076000000;1,17208E+11;644608;40361984;22,5;8
2019-07-22T04:18:00+02:00;5445500000;1,17209E+11;580096;27835904;27;6,5
2019-07-22T04:20:00+02:00;4649000000;1,17208E+11;600064;33371648;12;5
2019-07-22T04:22:00+02:00;3954000000;1,17211E+11;648192;37316608;9;11
2019-07-22T04:24:00+02:00;4561000000;1,17209E+11;778752;48498688;9;6
2019-07-22T04:26:00+02:00;5195500000;1,17209E+11;842752;52235264;15,5;5
2019-07-22T04:28:00+02:00;3902000000;1,1721E+11;643072;33743360;9;6
2019-07-22T04:30:00+02:00;5498000000;1,17211E+11;686592;45755904;12,5;4
2019-07-22T04:32:00+02:00;5375000000;1,17212E+11;789504;44660736;7,5;11,5
2019-07-22T04:34:00+02:00;7903000000;1,17208E+11;604672;40440320;12;5,5
2019-07-22T04:36:00+02:00;4542500000;1,17209E+11;830976;40758784;12,5;8,5
2019-07-22T04:38:00+02:00;4508000000;1,17211E+11;770048;34552832;7;5
2019-07-22T04:40:00+02:00;6936000000;1,17214E+11;2660352;48379392;15,5;84,5
2019-07-22T04:42:00+02:00;6302500000;1,17212E+11;179200;248832;16;7,5
2019-07-22T04:44:00+02:00;5091500000;1,1721E+11;196608;301568;9;6,5
2019-07-22T04:46:00+02:00;7207500000;1,17212E+11;2000384;291840;21;7,5
2019-07-22T04:48:00+02:00;8129500000;1,17212E+11;803840;256000;8,5;5,5
2019-07-22T04:50:00+02:00;7342500000;1,17224E+11;163328;238080;13;5
2019-07-22T04:52:00+02:00;7038000000;1,1724E+11;1102336;476160;3,5;3
2019-07-22T04:54:00+02:00;5182000000;1,17239E+11;6014464;632320;8;3,5
2019-07-22T04:56:00+02:00;2828500000;1,17218E+11;9121792;515072;14;7
2019-07-22T04:58:00+02:00;4157500000;1,1722E+11;143360;235520;37;5
2019-07-22T05:00:00+02:00;4314500000;1,17212E+11;167936;244224;9,5;4,5
2019-07-22T05:02:00+02:00;7399000000;1,17223E+11;149504;171008;7,5;8,5
2019-07-22T05:04:00+02:00;7838500000;1,17221E+11;156672;382976;8,5;5,5
2019-07-22T05:06:00+02:00;6191500000;1,17217E+11;151040;268800;12;5
2019-07-22T05:08:00+02:00;5705000000;1,17221E+11;140800;157696;10;5
2019-07-22T05:10:00+02:00;5600000000;1,17221E+11;168960;214016;11;4,5
2019-07-22T05:12:00+02:00;5572000000;1,17222E+11;143360;402944;10;8
2019-07-22T05:14:00+02:00;6416500000;1,17223E+11;1084416;397824;14;4
2019-07-22T05:16:00+02:00;3080000000;1,1722E+11;193536;326656;15;3,5
2019-07-22T05:18:00+02:00;4564000000;1,1722E+11;175616;798720;34;3,5
2019-07-22T05:20:00+02:00;4388500000;1,17225E+11;129536;184320;4,5;1,5
2019-07-22T05:22:00+02:00;4453500000;1,17222E+11;165376;307712;6,5;14,5
2019-07-22T05:24:00+02:00;3691500000;1,17223E+11;166912;337920;8;6,5
2019-07-22T05:26:00+02:00;3372500000;1,17225E+11;112640;157696;13;4
2019-07-22T05:28:00+02:00;3647500000;1,17228E+11;153600;239104;18,5;45,5
2019-07-22T05:30:00+02:00;3089000000;1,17228E+11;122880;160256;4;2
2019-07-22T05:32:00+02:00;5868500000;1,17231E+11;106496;122880;8;4,5
2019-07-22T05:34:00+02:00;4193000000;1,1723E+11;145920;276480;7,5;3
2019-07-22T05:36:00+02:00;3247500000;1,1723E+11;158720;320512;5,5;2,5
2019-07-22T05:38:00+02:00;4388000000;1,17233E+11;182784;294400;5,5;4,5
2019-07-22T05:40:00+02:00;3512500000;1,17279E+11;287232;331776;2;4,5
2019-07-22T05:42:00+02:00;3653000000;1,17342E+11;160256;244736;10,5;2
2019-07-22T05:44:00+02:00;4117000000;1,17338E+11;248832;292864;7;6
2019-07-22T05:46:00+02:00;4217000000;1,17346E+11;133120;245760;9,5;6
2019-07-22T05:48:00+02:00;2975000000;1,17344E+11;179200;266240;12;6,5
2019-07-22T05:50:00+02:00;3973000000;1,1735E+11;145408;224256;11,5;78
2019-07-22T05:52:00+02:00;2820000000;1,17343E+11;120832;212992;5;5,5
2019-07-22T05:54:00+02:00;5949500000;1,17342E+11;207872;343040;5,5;19
2019-07-22T05:56:00+02:00;3881500000;1,17341E+11;143872;291840;3,5;4
2019-07-22T05:58:00+02:00;2311000000;1,17346E+11;159744;236032;4;7,5
2019-07-22T06:00:00+02:00;3226000000;1,1734E+11;188416;320512;11,5;7
2019-07-22T06:02:00+02:00;5828000000;1,17354E+11;144384;180736;6;5
2019-07-22T06:04:00+02:00;3518000000;1,17345E+11;195072;349184;8;7
2019-07-22T06:06:00+02:00;4778500000;1,17353E+11;163328;297472;7,5;11,5
2019-07-22T06:08:00+02:00;3969500000;1,17356E+11;200704;302592;17;5
2019-07-22T06:10:00+02:00;4082500000;1,1735E+11;130048;163840;8;5
2019-07-22T06:12:00+02:00;4185000000;1,17358E+11;116224;193024;10,5;5,5
2019-07-22T06:14:00+02:00;4053000000;1,17346E+11;177152;331264;7,5;8
2019-07-22T06:16:00+02:00;3667000000;1,17345E+11;120832;271360;20,5;2,5
2019-07-22T06:18:00+02:00;3563500000;1,17349E+11;362496;267776;8;3
2019-07-22T06:20:00+02:00;2689000000;1,17352E+11;144896;222720;9,5;5
2019-07-22T06:22:00+02:00;3368000000;1,17349E+11;157696;463872;13;4
2019-07-22T06:24:00+02:00;3664500000;1,17351E+11;135168;214528;12;5
2019-07-22T06:26:00+02:00;4071000000;1,17344E+11;126464;98304;4;7,5
2019-07-22T06:28:00+02:00;3715500000;1,17339E+11;153600;630784;5;7
2019-07-22T06:30:00+02:00;4671500000;1,17334E+11;244224;573440;7;14
2019-07-22T06:32:00+02:00;8081500000;1,17342E+11;621568;1119744;7,5;5,5
2019-07-22T06:34:00+02:00;12993500000;1,17332E+11;605184;1099264;11;10
2019-07-22T06:36:00+02:00;7663000000;1,1733E+11;516608;1291264;13;24
2019-07-22T06:38:00+02:00;10439000000;1,17338E+11;415744;581120;11;6
2019-07-22T06:40:00+02:00;10019000000;1,1734E+11;1261056;508928;11,5;24
2019-07-22T06:42:00+02:00;6927500000;1,17353E+11;204288;375808;9;10,5
2019-07-22T06:44:00+02:00;7468500000;1,17347E+11;449536;652288;5,5;8,5
2019-07-22T06:46:00+02:00;7934000000;1,17348E+11;166912;184832;8;9
2019-07-22T06:48:00+02:00;6028000000;1,17349E+11;147456;198144;4,5;6
2019-07-22T06:50:00+02:00;6178000000;1,17355E+11;182272;369664;7;22,5
2019-07-22T06:52:00+02:00;6390000000;1,17348E+11;181760;489472;6,5;5
2019-07-22T06:54:00+02:00;5830000000;1,17336E+11;141312;249856;7;7
2019-07-22T06:56:00+02:00;6308500000;1,1734E+11;188416;1004544;7,5;3,5
2019-07-22T06:58:00+02:00;5822500000;1,17334E+11;147456;232448;7,5;4
2019-07-22T07:00:00+02:00;5401000000;1,17333E+11;143360;230912;55;150
2019-07-22T07:02:00+02:00;5898500000;1,17319E+11;160768;287744;7;8
2019-07-22T07:04:00+02:00;6129000000;1,1729E+11;223232;309248;10;7
2019-07-22T07:06:00+02:00;6954500000;1,17289E+11;165376;456704;14,5;9,5
2019-07-22T07:08:00+02:00;6211500000;1,17291E+11;440832;303104;9,5;4
2019-07-22T07:10:00+02:00;6477500000;1,17292E+11;224768;346624;5,5;3
2019-07-22T07:12:00+02:00;7053000000;1,17284E+11;221696;280576;8;4
2019-07-22T07:14:00+02:00;7581000000;1,17275E+11;199680;347136;9,5;5,5
2019-07-22T07:16:00+02:00;5438500000;1,17259E+11;178688;436224;8,5;6,5
2019-07-22T07:18:00+02:00;5600500000;1,1725E+11;156672;567296;8,5;3
2019-07-22T07:20:00+02:00;7523000000;1,17242E+11;177664;304640;6;4,5
2019-07-22T07:22:00+02:00;6619000000;1,17241E+11;229888;452608;11,5;5,5
2019-07-22T07:24:00+02:00;8939500000;1,1724E+11;275456;364544;10,5;3
2019-07-22T07:26:00+02:00;6644000000;1,17239E+11;1102848;334336;8,5;4
2019-07-22T07:28:00+02:00;6677000000;1,17239E+11;196096;342528;13;4
2019-07-22T07:30:00+02:00;7755000000;1,17239E+11;275456;458752;7,5;7,5
2019-07-22T07:32:00+02:00;5759000000;1,17239E+11;209408;264704;8;7
2019-07-22T07:34:00+02:00;6391000000;1,1724E+11;172032;368640;7;6,5
2019-07-22T07:36:00+02:00;5135000000;1,1724E+11;219648;271872;8;5,5
2019-07-22T07:38:00+02:00;4760000000;1,17242E+11;203264;4844032;9;7
2019-07-22T07:40:00+02:00;5985000000;1,17246E+11;259072;418816;12;3,5
2019-07-22T07:42:00+02:00;4110000000;1,17258E+11;186368;342528;7;7
2019-07-22T07:44:00+02:00;4190500000;1,17245E+11;315904;331776;6;4
2019-07-22T07:46:00+02:00;7147500000;1,17251E+11;317952;384512;13;4,5
2019-07-22T07:48:00+02:00;5247000000;1,17246E+11;827904;377344;6;5,5
2019-07-22T07:50:00+02:00;6202000000;1,17244E+11;206848;274432;12,5;6
2019-07-22T07:52:00+02:00;8683000000;1,17244E+11;179712;385536;7;5
2019-07-22T07:54:00+02:00;4860000000;1,17237E+11;225280;336896;7,5;2,5
2019-07-22T07:56:00+02:00;5074000000;1,17232E+11;143360;214016;10;1
2019-07-22T07:58:00+02:00;5359500000;1,17233E+11;207360;314368;13,5;5
2019-07-22T08:00:00+02:00;4099000000;1,17234E+11;254976;393216;15;6
2019-07-22T08:02:00+02:00;6201500000;1,17237E+11;177152;272384;15;5,5
2019-07-22T08:04:00+02:00;5147000000;1,17236E+11;165888;376832;11,5;4,5
2019-07-22T08:06:00+02:00;5158000000;1,17237E+11;231424;410624;12,5;5
2019-07-22T08:08:00+02:00;7003500000;1,17239E+11;223232;365056;18,5;6,5
2019-07-22T08:10:00+02:00;5810500000;1,17257E+11;302080;438272;17;10
2019-07-22T08:12:00+02:00;7866000000;1,17255E+11;4937216;453632;13;3,5
2019-07-22T08:14:00+02:00;4540500000;1,17274E+11;266752;326144;14;6,5
2019-07-22T08:16:00+02:00;5156000000;1,17272E+11;872960;376832;8;6,5
2019-07-22T08:18:00+02:00;4461500000;1,17275E+11;1029120;1252352;12;5,5
2019-07-22T08:20:00+02:00;3167000000;1,17275E+11;205312;358400;6,5;4
2019-07-22T08:22:00+02:00;4473500000;1,17284E+11;175616;290816;11,5;3,5
2019-07-22T08:24:00+02:00;5957000000;1,17275E+11;328704;433152;8;3,5
2019-07-22T08:26:00+02:00;5654500000;1,17272E+11;226816;286720;7,5;5,5
2019-07-22T08:28:00+02:00;3384500000;1,17276E+11;247296;456192;9;7
2019-07-22T08:30:00+02:00;4262500000;1,17283E+11;311296;786432;15;8,5
2019-07-22T08:32:00+02:00;5560500000;1,17276E+11;386048;535040;9;6
2019-07-22T08:34:00+02:00;6406000000;1,17274E+11;279040;502784;13;11,5
2019-07-22T08:36:00+02:00;3430000000;1,17276E+11;249344;560128;11,5;5
2019-07-22T08:38:00+02:00;4324500000;1,17278E+11;397824;512512;20,5;3,5
2019-07-22T08:40:00+02:00;4952000000;1,17281E+11;148480;468480;18,5;3
2019-07-22T08:42:00+02:00;4281000000;1,17281E+11;316416;607232;10,5;5
2019-07-22T08:44:00+02:00;4009000000;1,17241E+11;282624;451072;14;4
2019-07-22T08:46:00+02:00;4320000000;1,17239E+11;330752;477184;12;3,5
2019-07-22T08:48:00+02:00;5053000000;1,17241E+11;305664;498176;16;4
2019-07-22T08:50:00+02:00;5133500000;1,1725E+11;373248;483328;10;4
2019-07-22T08:52:00+02:00;6640000000;1,17251E+11;377856;850944;11;5,5
2019-07-22T08:54:00+02:00;5323000000;1,17243E+11;334336;1422336;12,5;6
2019-07-22T08:56:00+02:00;4669500000;1,17234E+11;1216000;502272;9,5;4
2019-07-22T08:58:00+02:00;4783500000;1,17236E+11;332800;499712;16,5;4
2019-07-22T09:00:00+02:00;9375000000;1,17236E+11;903168;670208;9,5;4,5
2019-07-22T09:02:00+02:00;10039000000;1,17283E+11;743424;8361984;15,5;2,5
2019-07-22T09:04:00+02:00;7336000000;1,1726E+11;3023360;114344960;16,5;10
2019-07-22T09:06:00+02:00;6492000000;1,17263E+11;3012096;114348544;20;5,5
2019-07-22T09:08:00+02:00;7199000000;1,13541E+11;514048;623616;16,5;9,5
2019-07-22T09:10:00+02:00;3609500000;1,13541E+11;224768;488960;10;8,5
2019-07-22T09:12:00+02:00;4968500000;1,13544E+11;276992;440832;13;12
2019-07-22T09:14:00+02:00;4770000000;1,13545E+11;275456;914944;9,5;5
2019-07-22T09:16:00+02:00;5928500000;1,1354E+11;363008;677888;26,5;3
2019-07-22T09:18:00+02:00;4241000000;1,13541E+11;372736;683008;13;163
2019-07-22T09:20:00+02:00;6908500000;1,13542E+11;1012736;883712;10;5
2019-07-22T09:22:00+02:00;8280000000;1,13542E+11;692736;817664;10,5;5
2019-07-22T09:24:00+02:00;5036000000;1,13551E+11;244736;404480;11,5;13,5
2019-07-22T09:26:00+02:00;4218500000;1,13558E+11;281088;523776;14;22
2019-07-22T09:28:00+02:00;5141000000;1,1355E+11;327680;557056;10,5;5
2019-07-22T09:30:00+02:00;4065000000;1,13549E+11;356352;574464;11,5;5
2019-07-22T09:32:00+02:00;4496500000;1,13549E+11;323072;690688;11;5
2019-07-22T09:34:00+02:00;5436500000;1,13552E+11;353792;413184;9;4
2019-07-22T09:36:00+02:00;4683000000;1,13553E+11;339456;452096;12;4,5
2019-07-22T09:38:00+02:00;4421500000;1,13554E+11;227840;565760;14;14
2019-07-22T09:40:00+02:00;4375500000;1,13556E+11;230912;594432;16;10
2019-07-22T09:42:00+02:00;4643000000;1,13553E+11;267264;576512;11,5;8,5
2019-07-22T09:44:00+02:00;4313500000;1,13554E+11;257024;569856;12,5;6
2019-07-22T09:46:00+02:00;4781000000;1,13557E+11;197632;395264;13;5
2019-07-22T09:48:00+02:00;3802000000;1,13565E+11;245248;450560;16;7,5
2019-07-22T09:50:00+02:00;5094500000;1,13567E+11;394752;530944;17;4
2019-07-22T09:52:00+02:00;4423000000;1,13565E+11;368640;520192;10;6
2019-07-22T09:54:00+02:00;5998000000;1,13561E+11;441856;745472;13,5;4
2019-07-22T09:56:00+02:00;9201500000;1,13557E+11;322048;598016;14;4
2019-07-22T09:58:00+02:00;5711000000;1,13557E+11;318976;576512;12,5;5,5
2019-07-22T10:00:00+02:00;5657000000;1,1356E+11;290816;562176;11;5,5
2019-07-22T10:02:00+02:00;8377500000;1,1356E+11;null;null;14;6
2019-07-22T10:04:00+02:00;7292500000;1,13559E+11;350720;405504;12,5;12,5
2019-07-22T10:06:00+02:00;5940500000;1,13559E+11;1311744;432128;12,5;5
2019-07-22T10:08:00+02:00;6334000000;1,13559E+11;308224;745472;13;7
2019-07-22T10:10:00+02:00;6559000000;1,1356E+11;332288;627712;13;8
2019-07-22T10:12:00+02:00;5951000000;1,1356E+11;252416;445440;17;85,5
2019-07-22T10:14:00+02:00;7222500000;1,1356E+11;204800;442880;13;7,5
2019-07-22T10:16:00+02:00;6153500000;1,13559E+11;259584;393216;13,5;10
2019-07-22T10:18:00+02:00;7030500000;1,13562E+11;295936;16202752;28;6,5
2019-07-22T10:20:00+02:00;6573500000;1,1356E+11;243712;926208;12;7
2019-07-22T10:22:00+02:00;7197000000;1,1356E+11;255488;596992;17,5;8,5
2019-07-22T10:24:00+02:00;7091500000;1,1356E+11;269312;351232;16;11,5
2019-07-22T10:26:00+02:00;8045000000;1,13561E+11;215552;521216;19,5;10
2019-07-22T10:28:00+02:00;7003500000;1,13562E+11;266240;3145216;15,5;10,5
2019-07-22T10:30:00+02:00;5810500000;1,13564E+11;293888;3101696;19,5;12
2019-07-22T10:32:00+02:00;6879000000;1,13563E+11;1124352;508416;11,5;5,5
2019-07-22T10:34:00+02:00;6686000000;1,13562E+11;207872;346624;13,5;6,5
2019-07-22T10:36:00+02:00;5073000000;1,13562E+11;236032;377856;48,5;23,5
2019-07-22T10:38:00+02:00;8835500000;1,13562E+11;672256;823808;13;23
2019-07-22T10:40:00+02:00;7822500000;1,13562E+11;354304;539648;12,5;50,5
2019-07-22T10:42:00+02:00;5433500000;1,13561E+11;382464;625664;7;4
2019-07-22T10:44:00+02:00;6784000000;1,13561E+11;300032;572416;8,5;8,5
2019-07-22T10:46:00+02:00;6779000000;1,13561E+11;516096;1410048;7,5;5,5
2019-07-22T10:48:00+02:00;5491500000;1,13562E+11;293888;995840;6,5;7,5
2019-07-22T10:50:00+02:00;4816000000;1,13562E+11;544768;472064;13;7
2019-07-22T10:52:00+02:00;4394000000;1,13562E+11;464896;472064;12;36
2019-07-22T10:54:00+02:00;4822500000;1,13562E+11;260096;481280;7;13
2019-07-22T10:56:00+02:00;4229000000;1,13562E+11;334848;499712;6;5
2019-07-22T10:58:00+02:00;4454500000;1,13563E+11;775168;574464;7;6,5
2019-07-22T11:00:00+02:00;4603000000;1,13564E+11;286208;660992;8;5
2019-07-22T11:02:00+02:00;4591500000;1,13567E+11;239616;477184;11;130
2019-07-22T11:04:00+02:00;4145000000;1,1357E+11;232448;364032;9;6,5
2019-07-22T11:06:00+02:00;4544000000;1,13569E+11;258048;558080;9;10
2019-07-22T11:08:00+02:00;6702000000;1,13569E+11;405504;901120;12,5;9
2019-07-22T11:10:00+02:00;7352500000;1,13573E+11;305152;533504;14,5;31
2019-07-22T11:12:00+02:00;7287000000;1,13577E+11;295936;3728896;16,5;4,5
2019-07-22T11:14:00+02:00;4904000000;1,13578E+11;335872;2578432;11;25
2019-07-22T11:16:00+02:00;5567500000;1,13579E+11;247296;565248;15;9,5
2019-07-22T11:18:00+02:00;4985500000;1,1358E+11;278016;980992;20,5;9
2019-07-22T11:20:00+02:00;5623000000;1,13583E+11;230912;808448;10,5;9
2019-07-22T11:22:00+02:00;4748500000;1,13583E+11;315904;628736;7,5;7,5
2019-07-22T11:24:00+02:00;6416500000;1,13583E+11;624640;525312;10;74,5
2019-07-22T11:26:00+02:00;5637500000;1,13583E+11;287744;591360;16,5;8
2019-07-22T11:28:00+02:00;5529000000;1,13583E+11;311808;637952;14;6
2019-07-22T11:30:00+02:00;6276000000;1,13583E+11;244736;535552;9,5;7
2019-07-22T11:32:00+02:00;5075500000;1,13587E+11;274944;369664;10,5;8,5
2019-07-22T11:34:00+02:00;3687000000;1,13584E+11;273408;571392;7,5;9,5
2019-07-22T11:36:00+02:00;3740000000;1,13585E+11;286208;580096;10;9,5
2019-07-22T11:38:00+02:00;5190500000;1,13587E+11;243200;518144;6;17
2019-07-22T11:40:00+02:00;3196000000;1,13588E+11;912384;482304;7,5;17,5
2019-07-22T11:42:00+02:00;4406500000;1,13589E+11;943104;609792;17;7
2019-07-22T11:44:00+02:00;3770500000;1,13586E+11;274944;365568;13;6,5
2019-07-22T11:46:00+02:00;5740500000;1,13587E+11;359424;727040;8;8
2019-07-22T11:48:00+02:00;5054500000;1,13588E+11;306176;653824;9,5;6
2019-07-22T11:50:00+02:00;3429500000;1,13591E+11;1129984;393216;7;5,5
2019-07-22T11:52:00+02:00;4921000000;1,13592E+11;293888;439296;8;3,5
2019-07-22T11:54:00+02:00;3948000000;1,13593E+11;250368;833024;7,5;7,5
2019-07-22T11:56:00+02:00;3988500000;1,13593E+11;338944;464384;8;4
2019-07-22T11:58:00+02:00;3693000000;1,13592E+11;309248;465408;9,5;3,5
2019-07-22T12:00:00+02:00;4263000000;1,13593E+11;227840;486400;8,5;12
2019-07-22T12:02:00+02:00;7250500000;1,13621E+11;272384;492032;8,5;10,5
2019-07-22T12:04:00+02:00;3183500000;1,13613E+11;271360;354304;9,5;7
2019-07-22T12:06:00+02:00;3994500000;1,13611E+11;261120;381952;12;4,5
2019-07-22T12:08:00+02:00;3751000000;1,13601E+11;393216;701440;13,5;3,5
2019-07-22T12:10:00+02:00;7699000000;1,13626E+11;365056;607744;11,5;5
2019-07-22T12:12:00+02:00;6240000000;1,13684E+11;256000;4493824;9;2
2019-07-22T12:14:00+02:00;4754500000;1,13688E+11;241664;502784;8,5;5,5
2019-07-22T12:16:00+02:00;4639000000;1,13682E+11;340480;774144;22,5;5
2019-07-22T12:18:00+02:00;4893000000;1,13681E+11;1153024;480768;9,5;7
2019-07-22T12:20:00+02:00;3604000000;1,13682E+11;246272;525824;11;8,5
2019-07-22T12:22:00+02:00;4466000000;1,13687E+11;204800;494080;15,5;5
2019-07-22T12:24:00+02:00;3603500000;1,13682E+11;248832;444416;8;5
2019-07-22T12:26:00+02:00;5742500000;1,13683E+11;278528;425984;7,5;6
2019-07-22T12:28:00+02:00;5558500000;1,13685E+11;256512;367616;7,5;3
2019-07-22T12:30:00+02:00;5138500000;1,13686E+11;402432;398336;9,5;5,5
2019-07-22T12:32:00+02:00;7911000000;1,13688E+11;300032;540160;9;13
2019-07-22T12:34:00+02:00;4054000000;1,13687E+11;375808;672768;9,5;13
2019-07-22T12:36:00+02:00;4867000000;1,13685E+11;348160;606720;8,5;5,5
2019-07-22T12:38:00+02:00;5249000000;1,13682E+11;198656;440832;8,5;7,5
2019-07-22T12:40:00+02:00;4242500000;1,13685E+11;384000;812032;8,5;4,5
2019-07-22T12:42:00+02:00;4903000000;1,137E+11;269312;514560;5;5,5
2019-07-22T12:44:00+02:00;4113500000;1,13688E+11;289280;363008;10,5;6
2019-07-22T12:46:00+02:00;3695000000;1,13686E+11;269824;465920;18;7
2019-07-22T12:48:00+02:00;2514000000;1,13689E+11;247296;424960;8;6,5
2019-07-22T12:50:00+02:00;3156000000;1,1369E+11;269312;396288;7,5;7,5
2019-07-22T12:52:00+02:00;5437000000;1,13696E+11;324608;390144;11;10
2019-07-22T12:54:00+02:00;6032000000;1,13686E+11;369152;609280;8,5;12,5
2019-07-22T12:56:00+02:00;5622500000;1,13692E+11;267264;620544;13;15,5
2019-07-22T12:58:00+02:00;5569500000;1,13691E+11;421888;423424;7,5;23,5
2019-07-22T13:00:00+02:00;3666500000;1,13692E+11;283648;364544;12;6
2019-07-22T13:02:00+02:00;5404000000;1,13694E+11;277504;950272;11;3
2019-07-22T13:04:00+02:00;5130000000;1,13692E+11;300032;425984;14;6
2019-07-22T13:06:00+02:00;3913500000;1,13695E+11;553984;419328;10;3
2019-07-22T13:08:00+02:00;4042500000;1,13693E+11;602112;656896;12,5;7
2019-07-22T13:10:00+02:00;5305500000;1,13693E+11;1125888;402944;10,5;4
2019-07-22T13:12:00+02:00;3338500000;1,13708E+11;227840;420864;9;5
2019-07-22T13:14:00+02:00;5269500000;1,13707E+11;227328;673792;7,5;5
2019-07-22T13:16:00+02:00;5189500000;1,13699E+11;244736;505344;7,5;5
2019-07-22T13:18:00+02:00;5259000000;1,13704E+11;1021952;123556864;7,5;6
2019-07-22T13:20:00+02:00;3855500000;1,09865E+11;306688;403968;8,5;5
2019-07-22T13:22:00+02:00;5016000000;1,09876E+11;326144;12886016;9,5;6
2019-07-22T13:24:00+02:00;3940000000;1,05773E+11;247808;474112;8,5;4,5
2019-07-22T13:26:00+02:00;3707000000;1,05763E+11;388608;700928;11,5;12
2019-07-22T13:28:00+02:00;3836000000;1,0576E+11;207872;405504;15;11
2019-07-22T13:30:00+02:00;5182000000;1,05764E+11;304640;450048;7,5;8
2019-07-22T13:32:00+02:00;6896500000;1,0577E+11;303616;713728;6,5;22,5
2019-07-22T13:34:00+02:00;4094000000;1,05759E+11;403456;537600;11,5;18,5
2019-07-22T13:36:00+02:00;5419500000;1,05762E+11;403968;784896;11,5;18,5
2019-07-22T13:38:00+02:00;4420500000;1,05769E+11;1113600;628736;17;10,5
2019-07-22T13:40:00+02:00;4334000000;1,05764E+11;276480;428032;15,5;20
2019-07-22T13:42:00+02:00;4573000000;1,05771E+11;391680;518656;13;5
2019-07-22T13:44:00+02:00;4247000000;1,05754E+11;301056;609792;12,5;10
2019-07-22T13:46:00+02:00;6306500000;1,05725E+11;238592;446464;13,5;9,5
2019-07-22T13:48:00+02:00;3800000000;1,05703E+11;447488;1505792;14,5;5,5
2019-07-22T13:50:00+02:00;4265000000;1,05696E+11;1104384;1233408;17,5;6
2019-07-22T13:52:00+02:00;5757500000;1,05704E+11;1088000;2214400;7,5;12
2019-07-22T13:54:00+02:00;5709500000;1,05702E+11;962048;1237504;16,5;4
2019-07-22T13:56:00+02:00;6622000000;1,05704E+11;1204224;1183744;11,5;3
2019-07-22T13:58:00+02:00;5492000000;1,05703E+11;877056;1213952;10,5;4,5
2019-07-22T14:00:00+02:00;4304500000;1,05702E+11;806400;1035264;9;4
2019-07-22T14:02:00+02:00;6061500000;1,057E+11;1022976;1523712;16,5;7
2019-07-22T14:04:00+02:00;6948500000;1,05702E+11;643072;1368576;11;4,5
2019-07-22T14:06:00+02:00;5375500000;1,05698E+11;782336;1061376;12,5;4,5
2019-07-22T14:08:00+02:00;5825000000;1,05698E+11;899072;1099776;12,5;7
2019-07-22T14:10:00+02:00;5533500000;1,05703E+11;830976;973312;7,5;4,5
2019-07-22T14:12:00+02:00;4342500000;1,05703E+11;602112;764928;15;4
2019-07-22T14:14:00+02:00;5439000000;1,05711E+11;542720;699904;74;15,5
2019-07-22T14:16:00+02:00;3850500000;1,0571E+11;243712;589312;28;8,5
2019-07-22T14:18:00+02:00;5568500000;1,05711E+11;16979968;16582656;9;4
2019-07-22T14:20:00+02:00;2807000000;1,0571E+11;294400;526336;10;5,5
2019-07-22T14:22:00+02:00;4637500000;1,05711E+11;220160;318976;13,5;6
2019-07-22T14:24:00+02:00;4400500000;1,0571E+11;296960;962560;9;4
2019-07-22T14:26:00+02:00;4413500000;1,05712E+11;282624;485376;13;5,5
2019-07-22T14:28:00+02:00;3572000000;1,05712E+11;210432;451072;18;6,5
2019-07-22T14:30:00+02:00;3875500000;1,05712E+11;219136;432128;10,5;5
2019-07-22T14:32:00+02:00;5014500000;1,05722E+11;258560;385024;14;3,5
2019-07-22T14:34:00+02:00;4503000000;1,05712E+11;489984;654848;9,5;2,5
2019-07-22T14:36:00+02:00;3249500000;1,05712E+11;241152;817664;14,5;6,5
2019-07-22T14:38:00+02:00;6162500000;1,05713E+11;302592;747008;5,5;4
2019-07-22T14:40:00+02:00;3178000000;1,05713E+11;228352;295936;7;3,5
2019-07-22T14:42:00+02:00;5088500000;1,05711E+11;294400;381440;6,5;6,5
2019-07-22T14:44:00+02:00;4849000000;1,05709E+11;411136;756736;14,5;4,5
2019-07-22T14:46:00+02:00;6584500000;1,0571E+11;279552;452608;7;5
2019-07-22T14:48:00+02:00;4831500000;1,05714E+11;318976;635392;16;5,5
2019-07-22T14:50:00+02:00;4683000000;1,05705E+11;323072;798208;9,5;4
2019-07-22T14:52:00+02:00;4160500000;1,0574E+11;257024;1091584;12;5
2019-07-22T14:54:00+02:00;4559500000;1,0142E+11;488960;24829952;11;6
2019-07-22T14:56:00+02:00;3810500000;1,0141E+11;256000;469504;11,5;7
2019-07-22T14:58:00+02:00;4836500000;1,01407E+11;317952;603136;13;13
2019-07-22T15:00:00+02:00;2617000000;1,01407E+11;214528;328192;11;4,5
2019-07-22T15:02:00+02:00;4313500000;1,01405E+11;486400;660480;7;6,5
2019-07-22T15:04:00+02:00;3210500000;1,01406E+11;455168;1462272;21;14
2019-07-22T15:06:00+02:00;5467000000;1,01407E+11;292864;482304;18,5;6
2019-07-22T15:08:00+02:00;2867500000;1,01403E+11;367616;9782272;14;17
2019-07-22T15:10:00+02:00;3562500000;1,01398E+11;279040;528384;20;12
2019-07-22T15:12:00+02:00;3938000000;1,01398E+11;262656;531968;18;11
2019-07-22T15:14:00+02:00;4091000000;1,01403E+11;231936;942592;12,5;10,5
2019-07-22T15:16:00+02:00;4361500000;1,014E+11;279552;718336;10,5;5
2019-07-22T15:18:00+02:00;3453500000;1,01404E+11;1453056;415744;11,5;6
2019-07-22T15:20:00+02:00;2623500000;1,01403E+11;205824;641536;17,5;34
2019-07-22T15:22:00+02:00;3914000000;1,01404E+11;223744;570880;10,5;6
2019-07-22T15:24:00+02:00;3026000000;1,01407E+11;1123840;586752;10,5;7
2019-07-22T15:26:00+02:00;4292000000;1,01404E+11;305152;475136;11;7,5
2019-07-22T15:28:00+02:00;3495500000;1,01407E+11;297984;626688;17;7
2019-07-22T15:30:00+02:00;6278000000;1,01404E+11;518144;1158656;11;10,5
2019-07-22T15:32:00+02:00;6340500000;1,01409E+11;551936;3064832;9;4
2019-07-22T15:34:00+02:00;4718000000;1,01408E+11;268288;545792;11,5;5
2019-07-22T15:36:00+02:00;5092500000;1,01408E+11;376832;524800;15,5;10
2019-07-22T15:38:00+02:00;5583500000;1,01427E+11;348672;495104;11;4,5
2019-07-22T15:40:00+02:00;3028000000;1,01418E+11;286720;472064;10,5;6
2019-07-22T15:42:00+02:00;4320000000;1,01408E+11;335360;412672;69;8,5
2019-07-22T15:44:00+02:00;3163500000;1,01408E+11;307200;6783488;9;4,5
2019-07-22T15:46:00+02:00;4162500000;1,01408E+11;318464;6813184;46,5;7
2019-07-22T15:48:00+02:00;3700000000;1,0141E+11;225792;381440;9,5;4
2019-07-22T15:50:00+02:00;3041500000;1,01408E+11;207872;377856;9;4,5
2019-07-22T15:52:00+02:00;3981000000;1,01409E+11;311808;492544;7,5;5,5
2019-07-22T15:54:00+02:00;4648500000;1,01411E+11;403456;865792;7;5
2019-07-22T15:56:00+02:00;4460500000;1,01412E+11;225280;549888;5,5;7
2019-07-22T15:58:00+02:00;2819000000;1,01411E+11;241664;569856;19,5;3,5
2019-07-22T16:00:00+02:00;6426000000;99328458752;714752;17398784;18;4
2019-07-22T16:02:00+02:00;7206500000;96074727424;719872;15744000;11,5;4,5
2019-07-22T16:04:00+02:00;4865500000;96055853056;297472;609280;11,5;4
2019-07-22T16:06:00+02:00;3790000000;96056901632;236544;4829184;9,5;9
2019-07-22T16:08:00+02:00;3553500000;96506740736;433152;4933120;12;10,5
2019-07-22T16:10:00+02:00;5915000000;96509362176;320000;426496;28;6,5
2019-07-22T16:12:00+02:00;4294500000;96517226496;217088;498688;14,5;8
2019-07-22T16:14:00+02:00;4249000000;96519847936;248832;525312;8,5;17,5
2019-07-22T16:16:00+02:00;3700500000;96516702208;270336;520192;16,5;3,5
2019-07-22T16:18:00+02:00;5022000000;96520372224;307200;501760;14,5;12,5
2019-07-22T16:20:00+02:00;4683500000;96515653632;217600;487936;17,5;6,5
2019-07-22T16:22:00+02:00;3720000000;96516702208;267264;465408;8;11,5
2019-07-22T16:24:00+02:00;4241000000;96519323648;260096;628224;12;13,5
2019-07-22T16:26:00+02:00;4515500000;96516177920;279552;471040;12;10
2019-07-22T16:28:00+02:00;4606500000;96519323648;1608704;378880;10;5,5
2019-07-22T16:30:00+02:00;3712000000;96522993664;274944;536576;6;11
2019-07-22T16:32:00+02:00;5457500000;96528236544;289280;542208;13,5;4,5
2019-07-22T16:34:00+02:00;4925000000;96524042240;317440;606208;8,5;10
2019-07-22T16:36:00+02:00;3721500000;96522469376;277504;501760;9;5,5
2019-07-22T16:38:00+02:00;4002000000;94903468032;282624;683008;9,5;4
2019-07-22T16:40:00+02:00;5033000000;93269786624;269312;421376;3,5;5
2019-07-22T16:42:00+02:00;3661000000;93267689472;233472;443392;54;7
2019-07-22T16:44:00+02:00;4441500000;93271883776;1117696;394752;6;4
2019-07-22T16:46:00+02:00;4509500000;93270310912;262656;327168;2,5;4
2019-07-22T16:48:00+02:00;3777500000;93272408064;224256;428544;15;8,5
2019-07-22T16:50:00+02:00;3408500000;93270310912;212992;2012160;5;7,5
2019-07-22T16:52:00+02:00;5856500000;93271359488;339968;435712;7;11
2019-07-22T16:54:00+02:00;3603000000;93272932352;275456;664576;4;6
2019-07-22T16:56:00+02:00;4422500000;93271883776;259072;568320;6,5;11
2019-07-22T16:58:00+02:00;4697500000;93297573888;11556864;18840576;9;19,5
2019-07-22T17:00:00+02:00;3933500000;93276078080;11104256;11006976;8,5;4
2019-07-22T17:02:00+02:00;5241500000;93283942400;380928;430080;10,5;6
2019-07-22T17:04:00+02:00;4478500000;93281320960;230400;600064;2;2
2019-07-22T17:06:00+02:00;4085000000;93280796672;736768;462336;4;5,5
2019-07-22T17:08:00+02:00;4320000000;93280796672;314368;598528;3;3,5
2019-07-22T17:10:00+02:00;4269500000;93281320960;450560;573952;2,5;3,5
2019-07-22T17:12:00+02:00;3720500000;95493816320;97900544;1230848;3;3,5
2019-07-22T17:14:00+02:00;4683000000;1,06332E+11;97441792;7075328;5;11,5
2019-07-22T17:16:00+02:00;4471500000;1,18016E+11;104036352;2059776;3;70,5
2019-07-22T17:18:00+02:00;5640500000;1,2932E+11;68533248;1137664;3,5;70,5
2019-07-22T17:20:00+02:00;6989500000;1,37736E+11;73490432;1300480;13;4
2019-07-22T17:22:00+02:00;3286000000;1,46242E+11;null;null;0;0
2019-07-22T17:24:00+02:00;7397500000;1,48615E+11;997376;862208;6;3
2019-07-22T17:26:00+02:00;7035500000;1,48637E+11;322560;536064;3,5;2,5
2019-07-22T17:28:00+02:00;6855000000;1,48674E+11;303104;458752;4,5;4
2019-07-22T17:30:00+02:00;5923000000;1,48695E+11;709120;636928;4,5;5,5
2019-07-22T17:32:00+02:00;6972500000;1,48671E+11;2045952;1841664;5,5;43
2019-07-22T17:34:00+02:00;6743000000;1,48677E+11;1020928;1255936;4;6,5
2019-07-22T17:36:00+02:00;6393500000;1,48681E+11;519168;904192;2;6,5
2019-07-22T17:38:00+02:00;7640500000;1,48675E+11;849920;605184;3;4,5
2019-07-22T17:40:00+02:00;6925500000;1,48672E+11;731136;785408;3;3
2019-07-22T17:42:00+02:00;6447500000;1,4867E+11;719872;1568768;6,5;6
2019-07-22T17:44:00+02:00;5263000000;1,48687E+11;802816;1920000;3,5;18
2019-07-22T17:46:00+02:00;6047500000;1,48682E+11;415232;645632;2,5;6
2019-07-22T17:48:00+02:00;6875500000;1,48681E+11;732160;721920;5,5;6,5
2019-07-22T17:50:00+02:00;6894000000;1,48682E+11;322048;668672;12;16,5
2019-07-22T17:52:00+02:00;6802000000;1,4867E+11;367616;910336;14,5;5
2019-07-22T17:54:00+02:00;6602500000;1,48662E+11;267776;543744;6;5
2019-07-22T17:56:00+02:00;7142500000;1,48658E+11;511488;1400320;5,5;3,5
2019-07-22T17:58:00+02:00;8848000000;1,48641E+11;357376;541184;10;3
2019-07-22T18:00:00+02:00;6742500000;1,48648E+11;1825792;8012288;5,5;5
2019-07-22T18:02:00+02:00;4491500000;1,48649E+11;240128;626688;5;7
2019-07-22T18:04:00+02:00;6990500000;1,48648E+11;380928;563200;3;5,5
2019-07-22T18:06:00+02:00;6568000000;1,48646E+11;460800;622080;5,5;3,5
2019-07-22T18:08:00+02:00;7702000000;1,48649E+11;420864;870912;3,5;2,5
2019-07-22T18:10:00+02:00;6958000000;1,48659E+11;458752;701440;3;7,5
2019-07-22T18:12:00+02:00;3990500000;1,48668E+11;412672;606208;2;3,5
2019-07-22T18:14:00+02:00;6680000000;1,48656E+11;275968;748032;10;3,5
2019-07-22T18:16:00+02:00;9744000000;1,48658E+11;364544;529920;4,5;3,5
2019-07-22T18:18:00+02:00;9309000000;1,48654E+11;577536;762880;4;3,5
2019-07-22T18:20:00+02:00;6965000000;1,48657E+11;455680;541184;4,5;3
2019-07-22T18:22:00+02:00;7594000000;1,48654E+11;369664;707072;6,5;2
2019-07-22T18:24:00+02:00;6741000000;1,48667E+11;953856;581632;6,5;4
2019-07-22T18:26:00+02:00;6444500000;1,48656E+11;440320;560640;4,5;3,5
2019-07-22T18:28:00+02:00;6599500000;1,48661E+11;329728;681984;7,5;2,5
2019-07-22T18:30:00+02:00;7419000000;1,48663E+11;518144;665088;13;10,5
2019-07-22T18:32:00+02:00;9652000000;1,48657E+11;973312;937984;11,5;3
2019-07-22T18:34:00+02:00;7630500000;1,48669E+11;881664;820736;11,5;5,5
2019-07-22T18:36:00+02:00;5622000000;1,4866E+11;260096;396800;4,5;2,5
2019-07-22T18:38:00+02:00;7757500000;1,48664E+11;737280;1060864;3,5;2,5
2019-07-22T18:40:00+02:00;8013500000;1,48661E+11;737280;863744;4;6,5
2019-07-22T18:42:00+02:00;8593000000;1,48673E+11;643072;702464;3,5;8,5
2019-07-22T18:44:00+02:00;8642500000;1,48667E+11;544256;670208;5,5;2,5
2019-07-22T18:46:00+02:00;5156500000;1,48666E+11;361984;662016;13,5;4
2019-07-22T18:48:00+02:00;5315500000;1,48668E+11;320512;545792;8;4,5
2019-07-22T18:50:00+02:00;5030500000;1,48665E+11;313344;538624;4;5
2019-07-22T18:52:00+02:00;5410500000;1,48669E+11;633344;794624;4;7,5
2019-07-22T18:54:00+02:00;7986500000;1,48671E+11;307200;565248;6,5;4
2019-07-22T18:56:00+02:00;6014500000;1,48629E+11;287232;659968;2,5;4,5
2019-07-22T18:58:00+02:00;7019000000;1,48629E+11;259072;454656;1,5;4
2019-07-22T19:00:00+02:00;7130000000;1,48626E+11;313344;560128;3,5;5,5
2019-07-22T19:02:00+02:00;7789500000;1,48628E+11;268800;652288;2,5;3
2019-07-22T19:04:00+02:00;7517500000;1,48626E+11;292352;681984;13,5;4,5
2019-07-22T19:06:00+02:00;6007000000;1,48624E+11;261120;729600;9,5;6
2019-07-22T19:08:00+02:00;7137500000;1,48625E+11;265216;616448;5;2,5
2019-07-22T19:10:00+02:00;6333000000;1,48626E+11;309248;663552;6,5;4,5
2019-07-22T19:12:00+02:00;6760000000;1,48625E+11;607744;830464;5,5;5
2019-07-22T19:14:00+02:00;6361000000;1,48626E+11;701440;596992;7,5;3,5
2019-07-22T19:16:00+02:00;5902000000;1,48629E+11;274944;552448;5;5,5
2019-07-22T19:18:00+02:00;6911000000;1,48627E+11;373760;555008;5,5;5
2019-07-22T19:20:00+02:00;4869500000;1,48627E+11;280576;878080;5,5;4,5
2019-07-22T19:22:00+02:00;5696000000;1,48626E+11;507392;3038208;4,5;3,5
2019-07-22T19:24:00+02:00;5826000000;1,48628E+11;262656;450048;7,5;1,5
2019-07-22T19:26:00+02:00;6153000000;1,48628E+11;252928;445952;5;3
2019-07-22T19:28:00+02:00;6907500000;1,48627E+11;324608;658432;5;3,5
2019-07-22T19:30:00+02:00;8313500000;1,48627E+11;391168;647680;5,5;4
2019-07-22T19:32:00+02:00;9713000000;1,48626E+11;424960;563200;4,5;6
2019-07-22T19:34:00+02:00;5973000000;1,48627E+11;424960;420864;7;5
2019-07-22T19:36:00+02:00;7009500000;1,48629E+11;312320;1058816;4,5;7,5
2019-07-22T19:38:00+02:00;6267500000;1,48631E+11;893952;514560;13;2,5
2019-07-22T19:40:00+02:00;6382500000;1,48629E+11;300032;560640;3,5;6
2019-07-22T19:42:00+02:00;6654500000;1,48628E+11;288256;538624;2;3,5
2019-07-22T19:44:00+02:00;6353000000;1,48628E+11;315392;557056;6,5;3
2019-07-22T19:46:00+02:00;5771000000;1,48629E+11;174080;945152;4,5;3,5
2019-07-22T19:48:00+02:00;5756000000;1,4863E+11;169984;411648;11;1,5
2019-07-22T19:50:00+02:00;6281000000;1,48631E+11;319488;580096;4;5
2019-07-22T19:52:00+02:00;5916000000;1,4863E+11;239104;359936;4;5
2019-07-22T19:54:00+02:00;6172500000;1,48629E+11;220672;877568;2,5;3,5
2019-07-22T19:56:00+02:00;7718500000;1,48628E+11;228352;399360;1,5;4
2019-07-22T19:58:00+02:00;6703500000;1,48631E+11;1020928;512000;3;3,5
2019-07-22T20:00:00+02:00;6708500000;1,48632E+11;242688;402432;7,5;4
2019-07-22T20:02:00+02:00;10011000000;1,48638E+11;343552;1407488;4;3
2019-07-22T20:04:00+02:00;7831500000;1,48638E+11;454144;16515584;13;7,5
2019-07-22T20:06:00+02:00;7231500000;1,48631E+11;298496;541696;8;11
2019-07-22T20:08:00+02:00;7754000000;1,48631E+11;293888;607232;10;4,5
2019-07-22T20:10:00+02:00;9423500000;1,48632E+11;287744;1235456;14;10
2019-07-22T20:12:00+02:00;8464000000;1,48628E+11;392192;625152;3,5;150,5
2019-07-22T20:14:00+02:00;7947500000;1,4863E+11;348160;473600;5,5;7,5
2019-07-22T20:16:00+02:00;6959500000;1,48641E+11;279040;404992;7,5;3,5
2019-07-22T20:18:00+02:00;6882000000;1,48632E+11;260608;663040;6,5;6,5
2019-07-22T20:20:00+02:00;6130000000;1,48636E+11;205824;425984;4;2,5
2019-07-22T20:22:00+02:00;6855500000;1,48634E+11;272384;670720;9;2
2019-07-22T20:24:00+02:00;5959000000;1,48632E+11;316928;514560;27,5;3,5
2019-07-22T20:26:00+02:00;6258000000;1,48629E+11;409600;555008;16,5;6
2019-07-22T20:28:00+02:00;6900500000;1,48642E+11;398336;809984;18;4
2019-07-22T20:30:00+02:00;8515500000;1,48631E+11;237568;351232;13;5,5
2019-07-22T20:32:00+02:00;8313000000;1,4863E+11;596992;903168;3;4,5
2019-07-22T20:34:00+02:00;7813000000;1,4863E+11;311296;434688;6,5;2
2019-07-22T20:36:00+02:00;8174500000;1,4863E+11;300544;535552;4;4
2019-07-22T20:38:00+02:00;7393000000;1,48631E+11;322560;457216;5;5,5
2019-07-22T20:40:00+02:00;7084000000;1,48629E+11;529920;673280;4;5
2019-07-22T20:42:00+02:00;8300000000;1,48629E+11;165888;375808;3;4
2019-07-22T20:44:00+02:00;8848500000;1,4863E+11;353792;388096;5;4,5
2019-07-22T20:46:00+02:00;6567500000;1,4863E+11;263680;504832;3;4,5
2019-07-22T20:48:00+02:00;6511000000;1,48631E+11;819712;666112;4,5;4
2019-07-22T20:50:00+02:00;6483500000;1,4863E+11;229888;388608;5;3
2019-07-22T20:52:00+02:00;7668000000;1,48629E+11;287744;580608;2;3,5
2019-07-22T20:54:00+02:00;8696000000;1,4863E+11;270336;558592;1;3
2019-07-22T20:56:00+02:00;9533000000;1,48632E+11;296960;450560;5,5;6
2019-07-22T20:58:00+02:00;8519500000;1,48631E+11;322048;601088;14;2,5
2019-07-22T21:00:00+02:00;11217500000;1,48638E+11;331264;593920;13;3,5
2019-07-22T21:02:00+02:00;10423000000;1,48644E+11;375808;15381504;11;3,5
2019-07-22T21:04:00+02:00;7777000000;1,48629E+11;313344;4395520;3;5,5
2019-07-22T21:06:00+02:00;4804500000;1,48631E+11;301568;2871808;5,5;8
2019-07-22T21:08:00+02:00;6294000000;1,48635E+11;935424;2690560;6,5;7,5
2019-07-22T21:10:00+02:00;7393000000;1,48638E+11;241664;3248128;7;5,5
2019-07-22T21:12:00+02:00;3275000000;1,48637E+11;204800;1641472;4,5;3,5
2019-07-22T21:14:00+02:00;5299500000;1,4864E+11;328704;2712576;9;2,5
2019-07-22T21:16:00+02:00;4648000000;1,48639E+11;202752;2430464;6;3
2019-07-22T21:18:00+02:00;5147500000;1,4864E+11;324608;2961408;8,5;3
2019-07-22T21:20:00+02:00;6740000000;1,48638E+11;568832;2329600;4;2,5
2019-07-22T21:22:00+02:00;7067000000;1,48651E+11;168960;2534400;5;3
2019-07-22T21:24:00+02:00;6497500000;1,48653E+11;336384;5082624;6;5
2019-07-22T21:26:00+02:00;3823000000;1,48653E+11;295424;8293888;12;3,5
2019-07-22T21:28:00+02:00;4107500000;1,48657E+11;267776;985088;9;6,5
2019-07-22T21:30:00+02:00;5998500000;1,48652E+11;370176;7838720;10;3
2019-07-22T21:32:00+02:00;7827500000;1,48656E+11;239616;356352;4;4
2019-07-22T21:34:00+02:00;6181500000;1,48652E+11;664576;591360;4,5;4
2019-07-22T21:36:00+02:00;5635000000;1,4865E+11;289280;427008;6;4
2019-07-22T21:38:00+02:00;6294000000;1,4865E+11;279040;495616;4;2,5
2019-07-22T21:40:00+02:00;6242000000;1,48649E+11;248832;337920;5,5;3
2019-07-22T21:42:00+02:00;4970500000;1,48651E+11;365568;1082368;6,5;4,5
2019-07-22T21:44:00+02:00;5295500000;1,48651E+11;269312;733184;4;7,5
2019-07-22T21:46:00+02:00;5624500000;1,48651E+11;184832;329216;4,5;8
2019-07-22T21:48:00+02:00;4056000000;1,4865E+11;288768;529408;9,5;3,5
2019-07-22T21:50:00+02:00;3369000000;1,4865E+11;296448;897536;2,5;30,5
2019-07-22T21:52:00+02:00;4291000000;1,48691E+11;321536;482304;15,5;30
2019-07-22T21:54:00+02:00;4539000000;1,48659E+11;209920;456704;3;47,5
2019-07-22T21:56:00+02:00;3572500000;1,48651E+11;270336;525312;5;3
2019-07-22T21:58:00+02:00;4015500000;1,48653E+11;798208;799232;4,5;5,5
2019-07-22T22:00:00+02:00;3565000000;1,48653E+11;317952;414720;5,5;4
2019-07-22T22:02:00+02:00;8080000000;1,48655E+11;257024;509952;10;4,5
2019-07-22T22:04:00+02:00;6344500000;1,4866E+11;541696;697344;3,5;4,5
2019-07-22T22:06:00+02:00;7902500000;1,48659E+11;289280;398336;6;4,5
2019-07-22T22:08:00+02:00;6267000000;1,48648E+11;301056;470016;5;5,5
2019-07-22T22:10:00+02:00;8152000000;1,48653E+11;347648;642560;3,5;4,5
2019-07-22T22:12:00+02:00;7129000000;1,4865E+11;160768;353280;6,5;4
2019-07-22T22:14:00+02:00;7805500000;1,48654E+11;327680;452608;7,5;4,5
2019-07-22T22:16:00+02:00;8301500000;1,48656E+11;449536;683008;8,5;2
2019-07-22T22:18:00+02:00;11677500000;1,48664E+11;1221632;813056;10,5;5
2019-07-22T22:20:00+02:00;9115500000;1,48657E+11;267264;479232;4;3,5
2019-07-22T22:22:00+02:00;8706000000;1,48666E+11;308224;573440;6,5;4
2019-07-22T22:24:00+02:00;8729500000;1,48667E+11;266240;597504;10;6
2019-07-22T22:26:00+02:00;8069000000;1,4865E+11;229376;665600;6,5;3,5
2019-07-22T22:28:00+02:00;10687500000;1,48652E+11;271360;808960;4,5;2,5
2019-07-22T22:30:00+02:00;9524000000;1,48666E+11;310784;411648;4;3,5
2019-07-22T22:32:00+02:00;8748000000;1,48671E+11;289792;342016;4,5;4,5
2019-07-22T22:34:00+02:00;7118500000;1,48665E+11;372224;730112;10;5,5
2019-07-22T22:36:00+02:00;6546500000;1,48661E+11;275456;593408;7,5;2,5
2019-07-22T22:38:00+02:00;7610500000;1,48654E+11;304128;797696;6,5;4,5
2019-07-22T22:40:00+02:00;6739000000;1,48638E+11;197632;526848;3,5;4,5
2019-07-22T22:42:00+02:00;7103000000;1,48643E+11;345088;545792;3,5;2,5
2019-07-22T22:44:00+02:00;7897500000;1,4865E+11;570368;359936;3;12,5
2019-07-22T22:46:00+02:00;7082000000;1,48646E+11;212992;409600;3;2
2019-07-22T22:48:00+02:00;7528000000;1,48648E+11;274432;514560;2,5;6
2019-07-22T22:50:00+02:00;6890000000;1,48649E+11;268288;398336;1;3,5
2019-07-22T22:52:00+02:00;6189000000;1,48647E+11;217088;261120;5;3,5
2019-07-22T22:54:00+02:00;8806000000;1,48654E+11;277504;948736;6;5
2019-07-22T22:56:00+02:00;7751500000;1,48648E+11;201728;303104;5;4,5
2019-07-22T22:58:00+02:00;7850000000;1,48649E+11;204800;365568;6,5;6
2019-07-22T23:00:00+02:00;6619500000;1,48653E+11;229888;432128;5;5,5
2019-07-22T23:02:00+02:00;4812000000;1,48655E+11;256000;355328;2,5;6
2019-07-22T23:04:00+02:00;4368500000;1,48662E+11;275968;537600;3,5;46,5
2019-07-22T23:06:00+02:00;4942000000;1,48655E+11;299520;496640;5;1
2019-07-22T23:08:00+02:00;7570000000;1,48655E+11;795136;535552;8;8
2019-07-22T23:10:00+02:00;5476000000;1,48656E+11;247808;431104;3;2
2019-07-22T23:12:00+02:00;5528000000;1,48656E+11;248832;631808;3,5;2,5
2019-07-22T23:14:00+02:00;5779000000;1,48667E+11;259072;515584;5;3
2019-07-22T23:16:00+02:00;7427000000;1,48656E+11;248320;435712;5,5;2,5
2019-07-22T23:18:00+02:00;5374500000;1,48658E+11;207872;335872;4;1,5
2019-07-22T23:20:00+02:00;6480000000;1,48659E+11;406528;477696;5,5;4
2019-07-22T23:22:00+02:00;6982500000;1,48659E+11;197120;958976;14;6
2019-07-22T23:24:00+02:00;8370500000;1,48668E+11;274944;840704;5;4
2019-07-22T23:26:00+02:00;6589500000;1,4866E+11;380416;459776;3,5;5
2019-07-22T23:28:00+02:00;7343000000;1,48661E+11;1646592;539648;3;7
2019-07-22T23:30:00+02:00;7002000000;1,4866E+11;263168;701440;4,5;4
2019-07-22T23:32:00+02:00;8761000000;1,48659E+11;235520;617472;3,5;2
2019-07-22T23:34:00+02:00;9177500000;1,48669E+11;265216;508928;3;2
2019-07-22T23:36:00+02:00;8317500000;1,48668E+11;261120;505344;7,5;3
2019-07-22T23:38:00+02:00;8743500000;1,48663E+11;181248;353280;7;3
2019-07-22T23:40:00+02:00;7605500000;1,48663E+11;219136;428544;7,5;7
2019-07-22T23:42:00+02:00;7437000000;1,48666E+11;175104;309248;4,5;2,5
2019-07-22T23:44:00+02:00;8834500000;1,48681E+11;199680;360960;5;5
2019-07-22T23:46:00+02:00;9030000000;1,48668E+11;290304;547328;3;3
2019-07-22T23:48:00+02:00;8033000000;1,48674E+11;188416;262144;8;2,5
2019-07-22T23:50:00+02:00;8893000000;1,48674E+11;251392;2162688;4,5;4
2019-07-22T23:52:00+02:00;8983000000;1,48673E+11;201216;3653632;2;3
2019-07-22T23:54:00+02:00;9251500000;1,48679E+11;230400;3564544;2;4,5
2019-07-22T23:56:00+02:00;10403500000;1,48646E+11;233984;417792;14;5,5
2019-07-22T23:58:00+02:00;10675000000;1,48636E+11;470016;25176064;4,5;6,5
