Time;CPU usage;Ntwk_bytes receiv;Ntwk_bytes transmitted;Number of VMs;Used memory;Aver write latency LUN_080;Average read latency LUN_080;Average write latency  LUN_081;Average read latency LUN_081;Average write latency LUN_082;Average read latency LUN_082;Average write latency LUN_083;Average read latency LUN_083;Average write latency LUN_084;Average read latency LUN_084;Average write latency LUN_085;Average read latency LUN_085;Average read latency LUN_086;Average read latency LUN_086
2019-03-01T00:00:00+01:00;10144100000;13583547;13138858;76;2.35E+11;2;2;4;2;1;3;3;1;1;1;1;8;2;2
2019-03-01T01:00:00+01:00;10260416666;7147963;32474009;76;2.35E+11;2;1;6;0;2;2;3;0;2;1;2;6;5;5
2019-03-01T02:00:00+01:00;8396933333;4062600;15103385;76;2.35E+11;2;2;2;0;2;3;2;0;3;1;2;6;2;2
2019-03-01T03:00:00+01:00;8504783333;2821495;12728473;76;2.37E+11;3;2;1;1;2;4;2;0;3;3;2;6;4;4
2019-03-01T04:00:00+01:00;8670983333;1757201;3101781;77;2.40E+11;5;5;1;0;8;2;1;0;10;0;2;5;3;3
2019-03-01T05:00:00+01:00;8188816666;1752849;2684996;77;2.40E+11;1;3;24;0;1;2;22;0;1;0;1;5;1;1
2019-03-01T06:00:00+01:00;8215350000;2011904;1782903;77;2.40E+11;2;3;3;0;4;2;1;0;5;1;1;4;0;0
2019-03-01T07:00:00+01:00;10024166666;7245636;6865134;77;2.40E+11;1;6;2;1;1;3;2;5;1;0;1;6;1;1
2019-03-01T08:00:00+01:00;10538533333;5600392;5446809;77;2.40E+11;1;6;1;3;1;2;1;5;1;0;1;6;2;2
2019-03-01T09:00:00+01:00;10420433333;6508356;5964919;78;2.41E+11;2;10;1;1;1;2;0;4;1;1;1;7;2;2
2019-03-01T10:00:00+01:00;12635933333;7323396;7179605;78;2.41E+11;1;6;1;0;1;1;0;4;2;0;1;7;1;1
2019-03-01T11:00:00+01:00;13232200000;8779485;8298649;78;2.41E+11;1;6;2;1;1;2;1;3;1;0;1;6;2;2
2019-03-01T12:00:00+01:00;14843150000;18930449;25273975;78;2.42E+11;2;7;1;0;1;4;0;5;1;0;1;7;1;1
2019-03-01T13:00:00+01:00;13710300000;22583417;22715600;78;2.43E+11;1;5;1;0;0;3;0;4;1;1;0;6;2;2
2019-03-01T14:00:00+01:00;11808633333;11542886;12383795;78;2.43E+11;1;4;2;5;1;2;1;5;1;0;1;5;2;2
2019-03-01T15:00:00+01:00;13363133333;12234376;14854980;78;2.43E+11;2;6;2;0;1;2;1;5;2;0;1;8;3;3
2019-03-01T16:00:00+01:00;12483800000;17295776;17792000;78;2.44E+11;2;6;2;0;1;2;1;4;1;1;1;6;3;3
2019-03-01T17:00:00+01:00;13220150000;16676676;15923780;78;2.44E+11;1;3;1;1;0;3;0;4;1;0;0;6;2;2
2019-03-01T18:00:00+01:00;12805633333;17282798;22342946;78;2.44E+11;2;8;1;0;1;2;1;3;1;0;0;5;1;1
2019-03-01T19:00:00+01:00;14799350000;22166101;21899980;78;2.44E+11;0;3;0;0;0;2;0;1;0;1;0;6;0;0
2019-03-01T20:00:00+01:00;15839283333;21340876;20895948;78;2.44E+11;1;3;1;0;1;2;1;1;1;0;0;6;2;2
2019-03-01T21:00:00+01:00;16507016666;20783479;28964983;78;2.43E+11;1;2;0;0;0;2;0;3;1;0;0;5;1;1
2019-03-01T22:00:00+01:00;16564683333;20662801;22463590;77;2.38E+11;1;3;1;0;1;2;1;2;2;0;0;6;2;2
2019-03-01T23:00:00+01:00;13900783333;17720917;17405934;77;2.37E+11;1;1;0;0;0;2;0;0;1;1;0;5;1;1
2019-03-02T00:00:00+01:00;9496000000;19872307;13509853;77;2.47E+11;2;1;3;1;1;3;2;2;2;1;2;5;1;1
2019-03-02T01:00:00+01:00;11737283333;10794001;40994252;77;2.43E+11;2;3;2;1;2;2;2;0;2;2;1;6;4;4
2019-03-02T02:00:00+01:00;10624500000;4018909;17657275;77;2.37E+11;3;6;2;0;3;2;2;0;3;1;3;6;2;2
2019-03-02T03:00:00+01:00;8518566666;4819200;11721540;77;2.39E+11;2;7;2;1;3;2;1;0;3;2;2;7;2;2
2019-03-02T04:00:00+01:00;7716666666;6724369;6701550;80;2.51E+11;8;5;2;0;10;2;1;2;8;1;1;5;4;4
2019-03-02T05:00:00+01:00;8573133333;2546892;2118041;80;2.52E+11;1;4;0;0;1;2;0;0;0;0;0;4;0;0
2019-03-02T06:00:00+01:00;8869500000;2038558;8423094;80;2.52E+11;1;5;4;0;1;1;1;0;1;0;2;4;0;0
2019-03-02T07:00:00+01:00;8212350000;2022365;1955379;80;2.52E+11;0;2;0;0;0;1;0;0;0;0;0;4;0;0
2019-03-02T08:00:00+01:00;8680750000;5612595;8950766;80;2.52E+11;0;6;0;0;1;1;0;0;0;0;0;4;1;1
2019-03-02T09:00:00+01:00;11053850000;11144562;21531753;80;2.52E+11;1;4;0;0;0;1;0;0;0;1;0;5;1;1
2019-03-02T10:00:00+01:00;12024416666;14817661;41099611;79;2.45E+11;1;5;2;0;0;1;0;0;1;0;0;5;1;1
2019-03-02T11:00:00+01:00;14062683333;16408354;34123861;79;2.44E+11;1;4;1;0;1;2;0;0;1;0;0;4;1;1
2019-03-02T12:00:00+01:00;13942600000;17430937;17443464;79;2.44E+11;1;4;0;0;1;2;0;1;1;1;0;5;1;1
2019-03-02T13:00:00+01:00;13764433333;23326054;23648051;79;2.44E+11;1;8;1;0;1;2;0;0;1;1;0;5;2;2
2019-03-02T14:00:00+01:00;12891083333;27473373;27026380;79;2.44E+11;1;4;2;0;0;1;1;0;0;0;0;4;0;0
2019-03-02T15:00:00+01:00;13021050000;27833941;30393907;78;2.40E+11;1;2;1;0;0;1;1;0;0;0;0;4;0;0
2019-03-02T16:00:00+01:00;11467250000;23523754;23260313;78;2.39E+11;0;2;0;0;0;1;0;1;0;1;0;5;1;1
2019-03-02T17:00:00+01:00;13274033333;24326929;23778150;78;2.39E+11;1;4;0;0;0;1;0;0;0;0;0;4;1;1
2019-03-02T18:00:00+01:00;14040266666;25241804;32847769;78;2.40E+11;1;3;0;0;3;1;0;0;1;0;0;4;3;3
2019-03-02T19:00:00+01:00;13466583333;26990472;27386094;78;2.39E+11;1;2;0;0;0;1;0;0;1;1;0;4;0;0
2019-03-02T20:00:00+01:00;12998750000;24227737;23929241;78;2.40E+11;0;3;0;0;1;1;0;0;0;0;0;5;0;0
2019-03-02T21:00:00+01:00;12062233333;28882295;28499251;78;2.39E+11;1;2;0;0;0;2;0;0;1;0;0;4;1;1
2019-03-02T22:00:00+01:00;11670116666;29992174;27467127;78;2.42E+11;0;2;1;0;0;1;1;1;0;0;0;5;0;0
2019-03-02T23:00:00+01:00;11368033333;20531200;20566954;79;2.43E+11;1;1;1;0;1;3;1;3;1;0;1;6;1;1
2019-03-03T00:00:00+01:00;11478600000;18456923;19001725;79;2.43E+11;1;2;1;1;1;2;3;3;1;1;1;5;1;1
2019-03-03T01:00:00+01:00;11160183333;14298487;33452851;79;2.43E+11;2;1;1;0;1;2;3;1;1;2;1;6;0;0
2019-03-03T02:00:00+01:00;9684916666;9145122;10624904;79;2.43E+11;2;3;2;1;2;2;1;1;2;1;1;4;7;7
2019-03-03T03:00:00+01:00;9971833333;6852386;8505873;79;2.43E+11;2;3;1;0;2;2;2;1;2;1;1;4;4;4
2019-03-03T04:00:00+01:00;9778366666;4904526;6247724;79;2.43E+11;6;5;1;0;9;3;1;1;7;1;1;3;2;2
2019-03-03T05:00:00+01:00;8239716666;5528985;3767364;79;2.44E+11;0;3;0;0;0;1;0;0;0;0;0;3;0;0
2019-03-03T06:00:00+01:00;8567783333;3798886;8520004;80;2.46E+11;3;4;6;1;4;2;11;0;3;0;1;6;1;1
2019-03-03T07:00:00+01:00;9163816666;3672558;29588480;81;2.46E+11;1;5;0;0;1;2;0;0;0;0;0;4;4;4
2019-03-03T08:00:00+01:00;10363500000;10701499;22576930;80;2.44E+11;0;2;0;0;1;2;0;0;0;0;0;4;2;2
2019-03-03T09:00:00+01:00;9948700000;11554764;11223074;80;2.40E+11;1;4;1;0;0;1;0;0;0;0;0;5;0;0
2019-03-03T10:00:00+01:00;11831650000;14994295;14525508;80;2.40E+11;1;4;1;0;1;2;1;0;3;0;1;6;1;1
2019-03-03T11:00:00+01:00;13951083333;21641551;21489204;79;2.38E+11;1;3;0;0;0;1;1;0;0;0;0;4;2;2
2019-03-03T12:00:00+01:00;14233916666;24717465;24631756;79;2.38E+11;1;2;2;2;0;2;1;2;0;0;0;5;0;0
2019-03-03T13:00:00+01:00;13498800000;24021845;23849557;79;2.38E+11;0;3;0;0;0;3;1;0;0;0;0;4;3;3
2019-03-03T14:00:00+01:00;14939083333;27392512;26844330;79;2.38E+11;1;2;2;0;0;1;1;0;0;0;5;5;0;0
2019-03-03T15:00:00+01:00;14315716666;24232311;24836096;79;2.37E+11;1;3;1;0;0;1;0;0;1;1;0;5;2;2
2019-03-03T16:00:00+01:00;12760900000;26259915;37437581;79;2.37E+11;1;3;3;0;0;1;3;1;1;0;1;6;1;1
2019-03-03T17:00:00+01:00;12650216666;26303590;25961557;79;2.37E+11;1;3;2;0;0;1;1;2;0;0;0;6;0;0
2019-03-03T18:00:00+01:00;14566533333;24195191;40228386;79;2.37E+11;3;6;2;0;2;2;2;1;3;0;2;6;1;1
2019-03-03T19:00:00+01:00;14418116666;27878758;44164078;79;2.37E+11;1;6;1;0;0;2;1;0;1;3;0;6;2;2
2019-03-03T20:00:00+01:00;13979450000;34279031;34204825;79;2.38E+11;0;4;0;0;0;1;0;0;1;0;0;5;0;0
2019-03-03T21:00:00+01:00;14606383333;37423451;37150962;79;2.37E+11;1;2;1;0;0;1;1;0;0;0;0;6;0;0
2019-03-03T22:00:00+01:00;15113750000;38579950;38730564;78;2.36E+11;1;2;1;0;1;2;1;1;1;2;0;6;1;1
2019-03-03T23:00:00+01:00;12395516666;28601702;28288819;78;2.33E+11;1;2;4;0;0;1;3;0;1;0;1;5;0;0
2019-03-04T00:00:00+01:00;9641666666;17906329;13581090;78;2.37E+11;1;2;2;2;1;1;2;2;1;2;1;5;0;0
2019-03-04T01:00:00+01:00;8942683333;7517409;31615531;79;2.40E+11;2;1;1;0;1;2;2;0;2;0;2;6;4;4
2019-03-04T02:00:00+01:00;9087616666;2810828;13640618;79;2.41E+11;3;4;2;1;3;3;2;0;4;0;2;7;2;2
2019-03-04T03:00:00+01:00;10033916666;1592439;10404096;80;2.43E+11;1;4;4;1;1;3;7;0;2;0;2;6;3;3
2019-03-04T04:00:00+01:00;8425183333;1736439;2342647;80;2.43E+11;6;3;1;0;4;1;1;0;5;1;1;5;2;2
2019-03-04T05:00:00+01:00;8562200000;1550506;1074227;80;2.43E+11;0;2;0;0;0;2;2;0;0;1;0;4;0;0
2019-03-04T06:00:00+01:00;9018266666;2620723;2187366;80;2.43E+11;2;2;2;1;4;3;0;0;2;0;1;5;1;1
2019-03-04T07:00:00+01:00;9877966666;7899511;18503799;80;2.48E+11;1;6;1;0;1;2;0;0;1;0;1;5;1;1
2019-03-04T08:00:00+01:00;12298616666;7499844;7141051;80;2.46E+11;1;6;1;1;1;1;1;0;1;0;1;7;2;2
2019-03-04T09:00:00+01:00;13273533333;7472264;7607432;80;2.44E+11;1;6;1;0;1;1;1;0;1;0;1;7;3;3
2019-03-04T10:00:00+01:00;17929516666;16794368;17941828;80;2.44E+11;1;9;2;0;1;3;1;1;1;1;1;8;4;4
2019-03-04T11:00:00+01:00;15907266666;15882240;14987554;80;2.45E+11;2;6;2;1;1;2;2;2;2;3;1;7;3;3
2019-03-04T12:00:00+01:00;12544616666;19715379;31099067;80;2.45E+11;2;5;2;0;1;3;1;0;2;0;1;6;1;1
2019-03-04T13:00:00+01:00;13981200000;23118131;23124855;80;2.45E+11;1;7;2;0;1;7;3;0;1;2;1;7;2;2
2019-03-04T14:00:00+01:00;12518150000;11096337;6827929;80;2.46E+11;2;4;5;2;1;4;4;5;2;0;2;8;1;1
2019-03-04T15:00:00+01:00;11373783333;6475144;10982673;79;2.40E+11;1;4;2;0;1;2;3;0;1;1;1;7;2;2
2019-03-04T16:00:00+01:00;13604633333;10049109;16873318;79;2.37E+11;1;4;2;1;1;3;3;0;2;1;2;7;3;3
2019-03-04T17:00:00+01:00;14159600000;10434542;9900967;79;2.37E+11;1;3;1;1;0;1;2;6;0;0;1;6;2;2
2019-03-04T18:00:00+01:00;14503333333;13922321;16931379;79;2.37E+11;1;4;1;0;1;1;1;0;1;0;1;6;1;1
2019-03-04T19:00:00+01:00;18277566666;19848942;22330470;78;2.37E+11;1;4;1;0;0;1;1;0;1;1;0;7;3;3
2019-03-04T20:00:00+01:00;18213616666;27982404;27277380;78;2.36E+11;1;4;1;0;0;1;3;0;1;1;1;6;1;1
2019-03-04T21:00:00+01:00;19370250000;29557248;29896021;78;2.36E+11;1;5;1;0;0;2;1;0;1;0;0;6;2;2
2019-03-04T22:00:00+01:00;19009666666;33375496;32584704;78;2.36E+11;1;2;1;0;0;3;1;0;1;0;0;6;1;1
2019-03-04T23:00:00+01:00;16732883333;22102016;21277238;78;2.35E+11;1;2;1;0;1;1;3;0;1;0;0;6;1;1
2019-03-05T00:00:00+01:00;14143216666;12217847;39888219;78;2.35E+11;2;3;2;0;1;2;6;2;2;1;2;8;4;4
2019-03-05T01:00:00+01:00;12755766666;7409937;36501316;78;2.36E+11;2;2;3;1;1;3;3;0;2;1;3;7;6;6
2019-03-05T02:00:00+01:00;11903100000;3980652;13308650;78;2.35E+11;3;2;3;1;4;2;4;1;3;0;2;8;9;9
2019-03-05T03:00:00+01:00;12306050847;3628261;6366384;78;2.37E+11;2;3;2;1;3;3;2;0;2;0;2;6;6;6
2019-03-05T04:00:00+01:00;12952016666;1929233;2986513;79;2.44E+11;5;5;1;0;5;2;1;0;8;2;1;5;2;2
2019-03-05T05:00:00+01:00;11358266666;1804526;1031236;79;2.44E+11;0;3;0;0;0;1;0;0;0;1;0;4;0;0
2019-03-05T06:00:00+01:00;11992333333;1857761;1507553;79;2.44E+11;2;3;1;0;5;1;6;0;1;2;1;6;1;1
2019-03-05T07:00:00+01:00;13307716666;6997196;7782400;79;2.44E+11;1;6;1;1;0;2;1;0;0;1;0;5;1;1
2019-03-05T08:00:00+01:00;15492916666;6940552;11795763;78;2.40E+11;1;7;2;1;1;3;2;0;1;1;1;7;3;3
2019-03-05T09:00:00+01:00;14239183333;6204381;6789553;78;2.38E+11;1;6;1;1;1;2;2;0;1;0;1;7;4;4
2019-03-05T10:00:00+01:00;16103450000;4370363;4536883;78;2.38E+11;1;5;3;2;1;2;1;1;1;1;1;7;5;5
2019-03-05T11:00:00+01:00;16601483333;6431726;6070391;78;2.38E+11;1;6;3;0;1;3;2;1;1;1;1;6;4;4
2019-03-05T12:00:00+01:00;15902100000;15438250;15396454;77;2.36E+11;2;6;1;3;1;3;1;0;2;1;1;8;2;2
2019-03-05T13:00:00+01:00;16548216666;19600640;18789205;77;2.33E+11;1;7;2;1;1;5;2;1;1;2;1;8;5;5
2019-03-05T14:00:00+01:00;15644116666;13011302;12051097;77;2.33E+11;1;6;1;1;1;3;1;0;1;2;1;7;3;3
2019-03-05T15:00:00+01:00;16430900000;9685443;15632731;76;2.33E+11;1;3;2;4;1;2;1;1;1;0;1;9;4;4
2019-03-05T16:00:00+01:00;15161716666;7043805;14858769;76;2.31E+11;2;4;1;1;1;2;1;0;1;0;1;7;4;4
2019-03-05T17:00:00+01:00;14050366666;8141721;7346517;76;2.31E+11;1;4;3;0;1;2;1;0;1;0;1;6;2;2
2019-03-05T18:00:00+01:00;15628833333;14430958;28582673;76;2.31E+11;1;5;1;0;1;1;1;0;1;2;1;7;1;1
2019-03-05T19:00:00+01:00;18888816666;23608678;22764339;76;2.31E+11;1;4;1;0;1;2;3;0;2;1;0;6;1;1
2019-03-05T20:00:00+01:00;19712150000;28011639;28933478;75;2.29E+11;1;2;2;0;0;1;2;0;1;2;0;7;1;1
2019-03-05T21:00:00+01:00;19732000000;29493674;28869256;75;2.29E+11;1;3;1;0;0;4;2;0;1;1;1;6;1;1
2019-03-05T22:00:00+01:00;20361400000;34478080;34887526;75;2.29E+11;1;4;2;0;1;2;1;1;1;2;1;7;2;2
2019-03-05T23:00:00+01:00;17777483333;24486594;23862819;75;2.29E+11;1;2;1;1;1;2;1;0;1;0;1;7;2;2
2019-03-06T00:00:00+01:00;13817516666;16955972;15575910;75;2.33E+11;1;1;3;1;1;1;2;0;1;0;2;6;0;0
2019-03-06T01:00:00+01:00;13066583333;9450581;30387387;76;2.37E+11;2;1;3;2;1;3;3;0;2;0;2;7;3;3
2019-03-06T02:00:00+01:00;13044300000;6085017;8414105;76;2.37E+11;4;6;3;1;4;3;3;0;6;1;2;6;6;6
2019-03-06T03:00:00+01:00;13296283333;4783445;8581666;76;2.35E+11;4;7;4;1;4;5;4;2;5;1;3;9;5;5
2019-03-06T04:00:00+01:00;12247050000;6621166;5971268;76;2.39E+11;10;5;5;1;11;5;5;0;15;3;3;6;5;5
2019-03-06T05:00:00+01:00;11874966666;3158272;2561553;77;2.41E+11;1;6;1;0;1;2;1;0;0;2;0;6;1;1
2019-03-06T06:00:00+01:00;13062250000;3519095;2545390;77;2.41E+11;1;6;1;0;1;1;2;0;0;1;1;6;2;2
2019-03-06T07:00:00+01:00;13755733333;8363298;7196450;77;2.41E+11;1;8;1;0;1;4;1;0;1;0;1;7;1;1
2019-03-06T08:00:00+01:00;16803466666;9224755;8284979;76;2.40E+11;2;10;2;1;2;2;2;1;2;1;1;8;4;4
2019-03-06T09:00:00+01:00;18629316666;8222054;7927091;76;2.38E+11;2;9;2;0;2;4;2;0;3;0;1;9;3;3
2019-03-06T10:00:00+01:00;21716483333;21226086;7402871;75;2.38E+11;2;5;3;1;3;3;3;1;2;1;2;9;6;6
2019-03-06T11:00:00+01:00;18100883333;5821218;4167680;74;2.29E+11;2;6;5;2;2;2;3;0;2;1;1;8;3;3
2019-03-06T12:00:00+01:00;15443183333;14860010;15029768;74;2.27E+11;1;7;1;0;1;3;1;0;3;1;1;7;2;2
2019-03-06T13:00:00+01:00;19878883333;22675200;21286894;74;2.27E+11;2;5;1;0;1;2;2;1;2;1;1;8;3;3
2019-03-06T14:00:00+01:00;16208150000;12258321;19997184;74;2.27E+11;2;5;4;1;1;3;7;0;2;1;1;8;3;3
2019-03-06T15:00:00+01:00;16984866666;13499989;15279940;74;2.27E+11;1;7;1;1;1;2;0;0;2;0;0;7;3;3
2019-03-06T16:00:00+01:00;17356300000;15502404;14449885;74;2.27E+11;2;5;2;2;1;2;4;0;2;0;1;7;3;3
2019-03-06T17:00:00+01:00;17169600000;14321339;17714466;74;2.27E+11;2;5;1;3;1;2;2;0;1;0;1;7;3;3
2019-03-06T18:00:00+01:00;15616466666;17931193;23928496;74;2.28E+11;1;5;2;1;1;2;0;0;2;1;1;7;1;1
2019-03-06T19:00:00+01:00;19728400000;23872221;24426786;74;2.28E+11;1;4;1;0;0;1;1;0;1;0;1;7;2;2
2019-03-06T20:00:00+01:00;21415333333;26700902;25878920;74;2.27E+11;1;4;1;0;0;2;2;0;1;0;0;6;1;1
2019-03-06T21:00:00+01:00;21903666666;34223445;34125602;74;2.27E+11;1;2;1;0;1;2;0;0;1;0;0;6;2;2
2019-03-06T22:00:00+01:00;21025283333;34767735;33578171;74;2.27E+11;3;4;2;0;4;2;0;0;5;1;1;7;3;3
2019-03-06T23:00:00+01:00;17259800000;23413248;22937531;74;2.27E+11;1;3;2;1;0;1;1;0;1;0;1;5;1;1
2019-03-07T00:00:00+01:00;14160450000;15964142;13077179;74;2.31E+11;2;3;5;2;1;2;1;0;2;0;4;6;1;1
2019-03-07T01:00:00+01:00;13063366666;9179500;22641438;75;2.39E+11;2;1;5;2;1;4;16;3;2;1;3;7;1;1
2019-03-07T02:00:00+01:00;11946450000;7446203;6590242;75;2.39E+11;2;3;6;1;2;2;3;0;2;1;3;6;1;1
2019-03-07T03:00:00+01:00;13090916666;7511637;8354833;75;2.39E+11;2;5;2;2;2;2;1;0;2;0;2;5;4;4
2019-03-07T04:00:00+01:00;13500066666;7543091;8019370;73;2.36E+11;5;5;3;2;7;2;2;0;11;2;3;5;3;3
2019-03-07T05:00:00+01:00;11812900000;4260069;6310558;73;2.36E+11;0;3;1;0;1;1;0;0;0;0;0;5;2;2
2019-03-07T06:00:00+01:00;11388450000;5506321;2800298;73;2.38E+11;1;3;0;0;3;1;0;0;7;1;1;4;2;2
2019-03-07T07:00:00+01:00;13434750000;8910489;7992200;74;2.40E+11;1;5;1;0;1;3;0;0;1;1;0;5;2;2
2019-03-07T08:00:00+01:00;16553433333;9494442;10998732;74;2.41E+11;1;10;1;0;1;3;1;0;1;0;1;7;3;3
2019-03-07T09:00:00+01:00;16414066666;7491003;7898777;74;2.41E+11;1;5;1;0;1;3;0;0;1;0;1;7;3;3
2019-03-07T10:00:00+01:00;18282400000;8481262;10751556;74;2.41E+11;1;7;2;1;1;2;0;0;2;0;1;8;4;4
2019-03-07T11:00:00+01:00;18268266666;7730414;9211460;74;2.41E+11;1;5;2;0;1;2;1;4;1;1;1;6;3;3
2019-03-07T12:00:00+01:00;15761716666;12426847;12204032;74;2.40E+11;1;7;1;1;1;4;1;0;1;0;1;6;2;2
2019-03-07T13:00:00+01:00;18563116666;24209237;31120042;74;2.39E+11;3;6;5;2;2;3;3;0;4;1;3;8;3;3
2019-03-07T14:00:00+01:00;20312450000;23314739;29714193;74;2.39E+11;4;4;8;3;4;2;14;1;5;0;5;10;2;2
2019-03-07T15:00:00+01:00;21081983333;20199065;20170973;74;2.40E+11;2;6;2;0;1;2;0;0;2;1;1;7;2;2
2019-03-07T16:00:00+01:00;20336466666;23663513;25013674;73;2.39E+11;2;5;3;2;1;1;1;0;2;1;2;7;3;3
2019-03-07T17:00:00+01:00;19249116666;23354743;23628305;73;2.36E+11;1;4;2;0;0;2;0;0;1;0;0;6;1;1
2019-03-07T18:00:00+01:00;18685200000;19269632;24789486;73;2.36E+11;2;4;3;0;1;3;1;0;1;2;1;7;2;2
2019-03-07T19:00:00+01:00;20284766666;24576068;24346897;73;2.36E+11;1;4;1;0;0;3;1;0;1;0;1;6;2;2
2019-03-07T20:00:00+01:00;20555483333;31444923;31310865;73;2.36E+11;1;3;1;0;0;2;5;0;0;1;0;7;2;2
2019-03-07T21:00:00+01:00;20795750000;28784571;28492339;73;2.36E+11;1;3;4;1;0;2;0;0;1;0;1;6;1;1
2019-03-07T22:00:00+01:00;19618566666;28211763;27805388;73;2.37E+11;1;2;1;0;1;2;1;0;1;1;0;6;1;1
2019-03-07T23:00:00+01:00;18122683333;19356791;18829397;73;2.36E+11;1;4;1;0;0;3;0;0;0;1;0;6;1;1
2019-03-08T00:00:00+01:00;13758700000;11482743;10890803;74;2.40E+11;1;2;5;2;1;1;2;1;1;1;3;5;0;0
2019-03-08T01:00:00+01:00;14786016666;7018427;30021597;74;2.40E+11;3;2;3;3;2;2;3;2;1;0;3;7;2;2
2019-03-08T02:00:00+01:00;12623166666;4529220;20426325;74;2.40E+11;3;3;3;1;3;2;6;1;4;1;3;6;3;3
2019-03-08T03:00:00+01:00;11826833333;2751163;14524893;74;2.40E+11;2;3;2;1;2;3;0;0;2;1;2;5;1;1
2019-03-08T04:00:00+01:00;11076433333;1968742;5413956;74;2.41E+11;7;6;3;0;6;3;2;0;5;4;3;6;3;3
2019-03-08T05:00:00+01:00;11567550000;1668784;1237256;74;2.40E+11;0;5;1;0;1;1;11;2;0;0;0;4;1;1
2019-03-08T06:00:00+01:00;11136933333;2238203;1768500;74;2.40E+11;1;6;1;1;1;1;0;4;1;0;1;4;0;0
2019-03-08T07:00:00+01:00;13113416666;6940115;6433774;74;2.40E+11;1;6;0;0;0;2;0;0;0;0;0;5;0;0
2019-03-08T08:00:00+01:00;14839133333;6551449;17005704;74;2.40E+11;2;7;4;1;1;3;0;0;2;0;2;8;3;3
2019-03-08T09:00:00+01:00;11793066666;12491980;12568081;75;2.38E+11;2;6;2;1;1;2;0;0;2;0;1;7;2;2
2019-03-08T10:00:00+01:00;15797516666;11406148;12452300;76;2.42E+11;1;5;1;2;1;2;0;0;1;1;0;6;2;2
2019-03-08T11:00:00+01:00;15480883333;9259789;13935858;76;2.42E+11;1;6;5;1;1;2;1;0;1;0;1;9;3;3
2019-03-08T12:00:00+01:00;15107216666;19661303;19854613;76;2.42E+11;2;9;3;0;1;3;1;0;2;0;1;7;1;1
2019-03-08T13:00:00+01:00;15984466666;21324936;29025809;76;2.42E+11;2;5;2;5;1;3;1;0;1;0;1;8;2;2
2019-03-08T14:00:00+01:00;14418650000;9815710;9117505;76;2.42E+11;2;4;3;0;1;1;3;0;1;0;1;7;3;3
2019-03-08T15:00:00+01:00;15230600000;7557768;6486272;76;2.42E+11;2;5;2;0;1;3;0;0;2;0;1;8;4;4
2019-03-08T16:00:00+01:00;14035966666;5928635;4951210;76;2.43E+11;2;5;3;0;1;2;2;0;2;1;1;7;2;2
2019-03-08T17:00:00+01:00;13209100000;6854246;6073873;76;2.43E+11;2;6;1;0;1;1;0;0;1;0;0;6;2;2
2019-03-08T18:00:00+01:00;14369700000;16433322;17692689;76;2.43E+11;1;5;1;0;1;1;1;0;1;0;0;6;1;1
2019-03-08T19:00:00+01:00;15287383333;19282090;18565341;76;2.43E+11;1;4;0;0;0;2;0;0;1;0;0;6;1;1
2019-03-08T20:00:00+01:00;15236800000;23221490;22478292;76;2.43E+11;1;3;1;0;0;1;0;0;1;0;0;5;1;1
2019-03-08T21:00:00+01:00;14192466666;24235841;27059460;76;2.43E+11;1;2;2;0;0;2;0;0;0;0;2;5;1;1
2019-03-08T22:00:00+01:00;14446150000;26906077;26216311;76;2.43E+11;1;4;1;2;1;2;0;0;1;1;1;5;0;0
2019-03-08T23:00:00+01:00;14209233333;21841416;20830103;76;2.43E+11;1;1;1;0;1;1;0;0;1;0;0;5;2;2
2019-03-09T00:00:00+01:00;13508700000;13298410;12242371;76;2.43E+11;1;1;2;1;1;1;1;0;1;0;1;6;0;0
2019-03-09T01:00:00+01:00;12772933333;7092138;29079176;76;2.43E+11;2;5;2;1;1;3;0;0;2;1;2;6;2;2
2019-03-09T02:00:00+01:00;11625533333;4639317;17768209;76;2.43E+11;2;3;2;0;3;2;5;0;4;0;3;6;2;2
2019-03-09T03:00:00+01:00;10355150000;4276258;14329992;76;2.44E+11;3;3;2;2;3;2;1;0;3;1;2;6;1;1
2019-03-09T04:00:00+01:00;10264566666;2101855;3543595;77;2.47E+11;5;4;2;1;5;2;0;0;5;0;1;5;3;3
2019-03-09T05:00:00+01:00;9525016666;2117545;1122911;77;2.47E+11;0;5;0;0;0;1;0;0;0;0;0;5;0;0
2019-03-09T06:00:00+01:00;8531666666;2033305;1549943;77;2.47E+11;1;5;3;0;1;1;7;0;0;0;0;5;0;0
2019-03-09T07:00:00+01:00;8154283333;2740432;1948099;77;2.47E+11;0;3;1;0;1;2;0;0;0;1;1;5;0;0
2019-03-09T08:00:00+01:00;9545383333;8886391;4595985;77;2.49E+11;1;4;1;0;1;1;0;0;0;0;1;4;1;1
2019-03-09T09:00:00+01:00;13201900000;10172450;9273446;78;2.50E+11;1;4;1;0;1;1;0;0;1;0;0;5;0;0
2019-03-09T10:00:00+01:00;15450366666;15520853;14538990;78;2.50E+11;1;4;0;0;1;1;2;1;1;0;0;5;1;1
2019-03-09T11:00:00+01:00;14805150000;19568554;35917141;77;2.49E+11;1;4;0;0;1;1;0;0;1;1;0;5;1;1
2019-03-09T12:00:00+01:00;14764416666;17711086;39662387;77;2.46E+11;1;4;1;0;0;1;0;1;0;0;0;5;1;1
2019-03-09T13:00:00+01:00;15926083333;22461474;41239756;77;2.46E+11;1;5;1;1;0;2;0;1;1;0;0;4;1;1
2019-03-09T14:00:00+01:00;15291666666;24188791;25300002;76;2.39E+11;1;3;0;0;0;1;0;0;0;0;0;4;1;1
2019-03-09T15:00:00+01:00;15813266666;18972177;22815931;76;2.37E+11;1;5;2;0;1;1;0;0;1;0;1;5;1;1
2019-03-09T16:00:00+01:00;15771350000;22001595;21432593;76;2.36E+11;1;4;2;0;0;3;3;0;1;0;1;5;0;0
2019-03-09T17:00:00+01:00;15619683333;22615756;22079897;76;2.36E+11;1;4;2;0;0;2;0;0;1;1;1;6;2;2
2019-03-09T18:00:00+01:00;15167916666;26307584;29824426;76;2.36E+11;1;3;1;0;0;1;0;0;1;0;0;5;2;2
2019-03-09T19:00:00+01:00;16098400000;25838216;25156573;76;2.37E+11;6;6;11;1;5;6;6;0;7;2;6;9;3;3
2019-03-09T20:00:00+01:00;15335133333;25737949;24874257;76;2.36E+11;20;11;26;2;19;9;29;1;23;3;19;18;6;6
2019-03-09T21:00:00+01:00;15379400000;24939997;24623086;76;2.36E+11;1;3;2;0;1;2;1;0;1;0;0;4;2;2
2019-03-09T22:00:00+01:00;16492383333;27020339;26197196;76;2.37E+11;1;3;1;0;0;2;1;0;1;0;1;5;0;0
2019-03-09T23:00:00+01:00;14639200000;22228531;21323281;76;2.36E+11;2;1;2;0;0;1;0;0;0;0;0;4;0;0
2019-03-10T00:00:00+01:00;13924733333;17740373;16916718;76;2.36E+11;1;2;1;3;1;1;1;1;1;0;0;6;0;0
2019-03-10T01:00:00+01:00;11842816666;11817557;29954884;76;2.36E+11;2;4;5;1;2;3;1;0;3;1;3;7;2;2
2019-03-10T02:00:00+01:00;11421516666;8307370;20629879;76;2.36E+11;3;5;5;1;3;3;1;0;5;1;2;6;4;4
2019-03-10T03:00:00+01:00;9998916666;6466150;7089920;76;2.35E+11;2;4;3;1;1;4;0;0;2;2;1;5;2;2
2019-03-10T04:00:00+01:00;10105883333;6303761;6786013;76;2.35E+11;6;3;1;1;6;1;1;0;6;1;1;4;2;2
2019-03-10T05:00:00+01:00;10669366666;8270743;5371435;77;2.43E+11;0;3;0;0;1;1;0;0;0;0;0;3;0;0
2019-03-10T06:00:00+01:00;10321916666;5695078;5122594;77;2.44E+11;2;2;1;1;1;1;1;0;0;0;0;4;0;0
2019-03-10T07:00:00+01:00;10025066666;4773819;3991040;77;2.44E+11;0;3;0;0;0;1;0;0;0;1;0;5;0;0
2019-03-10T08:00:00+01:00;10882766666;5743633;4971980;77;2.44E+11;1;3;1;0;0;1;0;0;0;0;0;5;0;0
2019-03-10T09:00:00+01:00;13112783333;11409595;10553173;77;2.44E+11;1;5;0;1;1;2;3;1;1;0;0;4;1;1
2019-03-10T10:00:00+01:00;15550466666;16197068;19333205;77;2.44E+11;1;6;2;0;1;1;1;0;1;0;0;5;1;1
2019-03-10T11:00:00+01:00;16545783333;20009659;35876249;77;2.44E+11;1;5;3;0;1;2;0;0;1;1;0;5;3;3
2019-03-10T12:00:00+01:00;16312666666;21319497;53965320;76;2.43E+11;2;6;2;1;1;4;1;0;2;0;1;5;5;5
2019-03-10T13:00:00+01:00;17014366666;24979916;29195400;76;2.43E+11;1;4;1;0;1;2;0;0;1;1;0;5;2;2
2019-03-10T14:00:00+01:00;16931100000;30838391;30359005;76;2.43E+11;1;3;2;0;0;1;0;0;0;1;0;5;1;1
2019-03-10T15:00:00+01:00;17349450000;27014041;26701038;76;2.43E+11;1;5;2;1;0;1;0;1;1;1;0;5;1;1
2019-03-10T16:00:00+01:00;16868400000;25127830;25952979;76;2.43E+11;2;3;4;1;1;1;3;0;1;0;1;6;1;1
2019-03-10T17:00:00+01:00;16737533333;27690922;26888140;76;2.43E+11;1;4;2;0;0;2;5;0;1;0;0;5;1;1
2019-03-10T18:00:00+01:00;15956966666;22873600;24626978;76;2.43E+11;1;4;3;0;1;1;1;0;1;1;1;4;1;1
2019-03-10T19:00:00+01:00;15115683333;26739916;26132582;76;2.43E+11;1;3;3;0;0;3;3;3;1;0;0;5;0;0
2019-03-10T20:00:00+01:00;15734683333;32122602;31488468;76;2.44E+11;1;4;3;1;0;1;1;0;1;0;0;5;1;1
2019-03-10T21:00:00+01:00;17701550000;33082658;32510890;76;2.43E+11;1;3;6;0;0;2;0;1;2;0;0;6;0;0
2019-03-10T22:00:00+01:00;18644650000;33373678;32805146;76;2.43E+11;1;4;2;3;1;2;0;0;1;1;0;6;1;1
2019-03-10T23:00:00+01:00;14688616666;21505757;20650120;76;2.43E+11;2;2;11;2;1;1;1;0;0;0;2;6;0;0
2019-03-11T00:00:00+01:00;10590716666;10797107;9972838;76;2.43E+11;1;2;2;3;1;2;1;0;1;0;2;5;0;0
2019-03-11T01:00:00+01:00;10937266666;5815938;27750191;76;2.43E+11;2;1;2;3;1;2;0;0;2;1;2;6;3;3
2019-03-11T02:00:00+01:00;10829383333;3822557;15737548;76;2.42E+11;3;5;2;2;2;3;1;0;3;1;3;6;1;1
2019-03-11T03:00:00+01:00;11407583333;3994282;6556296;76;2.42E+11;1;6;0;2;2;1;1;0;2;0;3;6;5;5
2019-03-11T04:00:00+01:00;9954233333;5486745;9020740;76;2.43E+11;6;5;0;1;5;2;1;0;11;1;1;4;2;2
2019-03-11T05:00:00+01:00;10613216666;5836676;3541451;76;2.45E+11;1;4;0;0;0;2;1;0;1;0;0;3;0;0
2019-03-11T06:00:00+01:00;9941466666;2615261;1783131;77;2.47E+11;2;4;0;1;1;2;0;0;2;0;1;5;0;0
2019-03-11T07:00:00+01:00;12862483333;6939266;16244701;78;2.49E+11;1;8;0;1;1;3;0;0;1;0;0;5;3;3
2019-03-11T08:00:00+01:00;12675833333;7541572;7475609;78;2.49E+11;1;7;0;1;0;4;0;0;0;1;0;6;2;2
2019-03-11T09:00:00+01:00;14121066666;6431302;14506107;80;2.56E+11;1;6;0;1;1;2;2;0;1;1;1;7;4;4
2019-03-11T10:00:00+01:00;13809700000;5169868;26730683;82;2.59E+11;1;9;0;0;1;2;0;0;1;0;1;6;5;5
2019-03-11T11:00:00+01:00;13464683333;4533862;11267328;82;2.59E+11;1;6;0;0;1;2;0;0;1;1;0;7;4;4
2019-03-11T12:00:00+01:00;14348616666;14069213;22898858;82;2.59E+11;1;8;0;0;1;3;0;0;1;0;0;6;2;2
2019-03-11T13:00:00+01:00;17659933333;20141943;19259221;82;2.59E+11;1;5;0;0;1;5;15;0;1;0;1;7;2;2
2019-03-11T14:00:00+01:00;16069733333;6305262;5752797;82;2.60E+11;1;3;0;0;1;5;0;0;1;0;1;7;2;2
2019-03-11T15:00:00+01:00;15651516666;5721122;5247863;82;2.61E+11;1;4;0;1;1;2;0;0;1;0;0;7;3;3
2019-03-11T16:00:00+01:00;15498383333;7648921;7252087;81;2.59E+11;2;6;0;2;3;2;1;1;8;0;1;7;3;3
2019-03-11T17:00:00+01:00;13150716666;6639325;5990826;81;2.59E+11;1;4;0;1;1;2;1;0;1;0;0;6;2;2
2019-03-11T18:00:00+01:00;14498166666;12558472;15976089;81;2.59E+11;1;5;0;0;0;2;0;0;1;0;0;6;1;1
2019-03-11T19:00:00+01:00;16053800000;21051784;21778449;80;2.53E+11;1;5;0;0;1;2;0;0;1;0;0;6;2;2
2019-03-11T20:00:00+01:00;17606950000;27863654;35661994;78;2.47E+11;1;4;0;0;0;1;0;0;1;2;0;6;2;2
2019-03-11T21:00:00+01:00;16662700000;33751091;34659089;78;2.40E+11;1;5;3;0;0;3;0;0;1;1;0;7;4;4
2019-03-11T22:00:00+01:00;15971666666;30551261;32049954;78;2.40E+11;1;4;1;0;0;2;10;0;1;0;0;6;1;1
2019-03-11T23:00:00+01:00;15906466666;21622169;20988262;78;2.40E+11;1;2;3;0;0;1;0;2;1;1;3;5;0;0
2019-03-12T00:00:00+01:00;11668833333;11570756;10708480;78;2.40E+11;1;2;3;1;1;1;1;1;2;0;1;6;0;0
2019-03-12T01:00:00+01:00;12253066666;9876736;33537843;78;2.40E+11;2;3;1;1;2;2;0;0;2;1;2;6;4;4
2019-03-12T02:00:00+01:00;10070016666;2456729;11377578;78;2.39E+11;3;3;2;0;3;3;1;1;3;0;3;6;1;1
2019-03-12T03:00:00+01:00;12095931034;1991432;2659875;78;2.39E+11;2;5;1;1;2;4;1;2;2;1;1;6;5;5
2019-03-12T04:00:00+01:00;10356616666;1971063;5163827;78;2.39E+11;5;4;1;1;10;4;0;0;9;2;0;5;3;3
2019-03-12T05:00:00+01:00;9385066666;1813930;1154713;78;2.39E+11;0;4;4;0;0;2;0;0;1;0;0;5;2;2
2019-03-12T06:00:00+01:00;10344283333;2266962;1696247;78;2.39E+11;1;3;1;0;1;1;1;0;1;0;0;6;1;1
2019-03-12T07:00:00+01:00;12321983333;6830353;6178542;78;2.41E+11;1;6;1;1;1;3;1;0;1;3;0;6;0;0
2019-03-12T08:00:00+01:00;11826216666;3536179;2921659;79;2.42E+11;1;6;1;1;1;1;0;0;0;1;0;6;2;2
2019-03-12T09:00:00+01:00;11934650000;4089538;3606528;79;2.42E+11;2;9;2;4;1;3;1;0;1;2;1;7;3;3
2019-03-12T10:00:00+01:00;14079150000;10017298;19720356;79;2.42E+11;1;7;1;1;1;3;2;2;1;1;1;7;5;5
2019-03-12T11:00:00+01:00;13531350000;8603323;7801429;79;2.41E+11;1;6;1;1;1;4;0;0;1;0;1;7;2;2
2019-03-12T12:00:00+01:00;13008450000;16177783;15533687;79;2.41E+11;2;8;1;0;1;5;0;0;2;0;1;7;1;1
2019-03-12T13:00:00+01:00;16180250000;19551573;18971357;79;2.41E+11;1;6;1;0;1;2;0;0;1;0;0;7;2;2
2019-03-12T14:00:00+01:00;15856650000;9104554;8110455;79;2.42E+11;1;4;1;2;1;3;2;0;1;1;1;6;3;3
2019-03-12T15:00:00+01:00;14904800000;6916403;6212078;79;2.42E+11;1;4;1;0;1;2;0;0;1;0;1;9;3;3
2019-03-12T16:00:00+01:00;14357400000;7729169;6319257;79;2.42E+11;1;5;1;1;1;6;0;0;1;1;1;6;2;2
2019-03-12T17:00:00+01:00;16004383333;7600509;19901856;79;2.42E+11;1;5;1;0;1;2;1;0;1;1;0;6;5;5
2019-03-12T18:00:00+01:00;16253883333;15841501;21182702;79;2.42E+11;1;6;0;0;1;1;1;0;2;2;1;6;4;4
2019-03-12T19:00:00+01:00;16942333333;23734038;23170874;78;2.40E+11;1;3;0;1;0;1;3;0;1;0;0;6;1;1
2019-03-12T20:00:00+01:00;18125150000;31493205;30764544;78;2.40E+11;1;3;0;0;1;2;0;0;1;0;0;6;4;4
2019-03-12T21:00:00+01:00;19235916666;35036160;35803306;78;2.40E+11;1;4;1;0;1;3;1;0;2;3;0;7;2;2
2019-03-12T22:00:00+01:00;18512100000;36260499;35567720;76;2.37E+11;1;3;0;0;0;2;2;0;1;1;0;7;2;2
2019-03-12T23:00:00+01:00;16757416666;25494715;24896563;76;2.36E+11;1;2;1;2;1;3;0;0;1;0;1;7;1;1
2019-03-13T00:00:00+01:00;15213383333;19824171;12814978;76;2.48E+11;1;2;1;0;1;2;1;1;1;0;1;7;0;0
2019-03-13T01:00:00+01:00;14183100000;8130679;24704904;77;2.52E+11;2;3;0;0;1;2;1;0;1;0;1;7;4;4
2019-03-13T02:00:00+01:00;13305066666;3110041;4175650;77;2.49E+11;3;3;6;1;3;3;1;0;5;2;2;6;5;5
2019-03-13T03:00:00+01:00;13055383333;2312792;5817820;77;2.45E+11;2;4;2;2;3;3;2;0;2;1;2;6;2;2
2019-03-13T04:00:00+01:00;12843016666;6522726;10084659;77;2.44E+11;7;5;3;1;10;3;2;1;17;1;2;5;4;4
2019-03-13T05:00:00+01:00;12892650000;2537403;8939673;76;2.29E+11;1;5;3;1;2;2;1;0;1;1;1;5;2;2
2019-03-13T06:00:00+01:00;12665366666;2046446;1159936;76;2.25E+11;2;6;0;0;1;1;2;0;1;0;0;6;0;0
2019-03-13T07:00:00+01:00;14209583333;10661782;9345447;76;2.25E+11;1;7;1;0;1;3;0;0;1;0;0;6;2;2
2019-03-13T08:00:00+01:00;14372200000;4132044;3370018;76;2.25E+11;1;6;1;0;1;2;1;0;1;2;1;6;2;2
2019-03-13T09:00:00+01:00;15459650000;3771784;3811584;76;2.25E+11;1;6;1;0;2;2;0;0;1;0;1;7;3;3
2019-03-13T10:00:00+01:00;13539550000;7817667;8026597;77;2.34E+11;1;5;2;1;1;2;1;1;1;0;1;6;1;1
2019-03-13T11:00:00+01:00;14386983333;6216669;7156940;78;2.39E+11;1;6;2;0;1;2;7;0;1;1;1;7;3;3
2019-03-13T12:00:00+01:00;16555583333;18069486;17459370;78;2.39E+11;1;9;0;0;1;3;0;0;1;1;0;6;1;1
2019-03-13T13:00:00+01:00;17711416666;23719212;23089946;78;2.39E+11;1;6;3;0;1;2;4;0;1;3;1;8;2;2
2019-03-13T14:00:00+01:00;15082366666;11259989;15109649;79;2.40E+11;1;4;1;1;1;2;0;1;1;1;0;7;2;2
2019-03-13T15:00:00+01:00;15016550000;10839287;9958170;79;2.40E+11;1;4;0;0;1;3;1;0;1;2;1;7;1;1
2019-03-13T16:00:00+01:00;14407700000;13925478;14670233;79;2.40E+11;1;4;1;1;1;2;1;0;1;0;1;6;5;5
2019-03-13T17:00:00+01:00;14497683333;16380494;18000236;79;2.40E+11;4;7;4;0;3;4;5;0;4;2;2;10;2;2
2019-03-13T18:00:00+01:00;19807250000;18077354;25568204;78;2.42E+11;28;19;25;2;30;12;21;1;31;17;18;16;17;17
2019-03-13T19:00:00+01:00;20850766666;21932243;21135907;78;2.33E+11;6;8;6;1;5;4;8;1;6;3;4;10;3;3
2019-03-13T20:00:00+01:00;17825950000;27617860;27649365;78;2.33E+11;1;3;1;0;0;1;0;0;1;0;0;6;1;1
2019-03-13T21:00:00+01:00;18696200000;28656940;28697388;77;2.31E+11;1;3;1;0;0;1;0;0;1;1;0;7;1;1
2019-03-13T22:00:00+01:00;16407833333;28906686;29327793;77;2.28E+11;2;2;6;1;1;2;5;0;2;1;2;6;1;1
2019-03-13T23:00:00+01:00;15224900000;18124629;19053841;77;2.28E+11;1;4;0;0;0;1;0;0;1;0;0;5;0;0
2019-03-14T00:00:00+01:00;13103900000;15893504;12632098;77;2.37E+11;2;3;2;0;1;2;3;0;2;2;2;6;1;1
2019-03-14T01:00:00+01:00;12777383333;6684495;24432957;78;2.41E+11;2;2;2;1;2;2;2;2;2;1;2;7;4;4
2019-03-14T02:00:00+01:00;12252883333;2490948;3877751;78;2.41E+11;3;4;3;1;3;2;6;0;3;2;2;7;2;2
2019-03-14T03:00:00+01:00;12903333333;4275268;5617834;78;2.40E+11;7;8;5;1;25;5;5;1;10;2;3;7;5;5
2019-03-14T04:00:00+01:00;12093783333;1837960;3605196;78;2.40E+11;4;4;1;2;12;3;1;1;8;2;1;5;3;3
2019-03-14T05:00:00+01:00;10513050000;1957393;1863936;78;2.40E+11;0;4;0;0;1;1;1;0;0;0;0;5;0;0
2019-03-14T06:00:00+01:00;11092783333;2943010;2451251;78;2.40E+11;1;6;1;0;1;2;0;0;0;0;0;5;0;0
2019-03-14T07:00:00+01:00;12866366666;4823688;5723340;78;2.40E+11;1;6;0;0;1;2;0;0;0;0;0;5;1;1
2019-03-14T08:00:00+01:00;14914166666;4897177;4619673;78;2.40E+11;2;8;1;4;1;3;1;0;1;0;0;7;2;2
2019-03-14T09:00:00+01:00;15437633333;4969842;6197830;78;2.40E+11;2;7;1;1;1;2;2;1;1;2;1;8;1;1
2019-03-14T10:00:00+01:00;14872933333;7134537;6680940;78;2.40E+11;1;6;1;0;2;2;1;0;1;0;0;7;1;1
2019-03-14T11:00:00+01:00;14718166666;5605188;5746210;78;2.40E+11;1;7;1;0;2;2;3;1;1;0;1;8;2;2
2019-03-14T12:00:00+01:00;16311466666;12303513;12061166;78;2.40E+11;2;7;1;0;1;3;1;0;2;0;1;7;2;2
2019-03-14T13:00:00+01:00;18131350000;21875404;25344887;78;2.40E+11;1;7;1;1;1;2;1;0;1;0;0;7;2;2
2019-03-14T14:00:00+01:00;18089216666;21545557;19500902;78;2.40E+11;1;6;1;0;1;2;2;0;1;0;1;7;3;3
2019-03-14T15:00:00+01:00;15901566666;19307673;19737105;78;2.40E+11;2;6;2;0;2;2;1;1;3;1;1;8;2;2
2019-03-14T16:00:00+01:00;17907766666;21130410;20616140;77;2.40E+11;1;4;2;0;1;2;1;0;1;1;1;7;2;2
2019-03-14T17:00:00+01:00;19193083333;25666201;26746077;77;2.39E+11;1;5;6;0;1;1;3;0;2;0;2;8;1;1
2019-03-14T18:00:00+01:00;20891783333;24929037;32884701;76;2.33E+11;1;4;2;0;1;1;0;0;1;0;1;6;1;1
2019-03-14T19:00:00+01:00;19788750000;30768998;31305949;76;2.26E+11;1;3;1;0;0;1;0;0;1;0;0;6;1;1
2019-03-14T20:00:00+01:00;19283350000;34849979;37514427;76;2.26E+11;1;4;1;0;0;0;0;0;0;0;1;6;0;0
2019-03-14T21:00:00+01:00;19414300000;37140616;44874803;76;2.26E+11;1;2;0;0;0;1;0;0;1;0;0;5;1;1
2019-03-14T22:00:00+01:00;16372166666;30399163;31555020;76;2.31E+11;2;3;2;0;1;3;1;0;2;0;2;6;2;2
2019-03-14T23:00:00+01:00;17110416666;21456844;23916151;77;2.37E+11;1;3;1;0;0;1;1;0;1;0;0;5;1;1
2019-03-15T00:00:00+01:00;16815083333;13037837;13749966;77;2.36E+11;1;3;2;1;1;0;2;1;1;0;1;7;2;2
2019-03-15T01:00:00+01:00;16114600000;8677427;33874636;77;2.36E+11;2;1;2;0;2;1;0;0;4;1;2;6;4;4
2019-03-15T02:00:00+01:00;16026150000;7476445;19891524;77;2.36E+11;3;5;5;0;4;2;2;0;4;0;3;6;2;2
2019-03-15T03:00:00+01:00;16312100000;4320358;14886673;76;2.33E+11;3;5;3;3;2;2;1;1;2;0;2;6;4;4
2019-03-15T04:00:00+01:00;15732800000;3245585;4961006;76;2.33E+11;6;4;2;0;7;1;0;0;7;1;1;4;4;4
2019-03-15T05:00:00+01:00;14758316666;2182338;2386184;76;2.34E+11;1;2;2;0;1;0;0;0;1;0;0;4;0;0
2019-03-15T06:00:00+01:00;14363083333;1604925;1035952;76;2.34E+11;2;3;1;0;2;1;0;0;1;0;1;5;0;0
2019-03-15T07:00:00+01:00;15635483333;6027332;7018376;76;2.34E+11;1;8;1;0;1;2;0;0;1;1;0;5;1;1
2019-03-15T08:00:00+01:00;17020333333;8946176;10804650;76;2.34E+11;2;7;4;2;1;1;0;0;0;0;1;7;2;2
2019-03-15T09:00:00+01:00;18271416666;10322380;10600004;76;2.35E+11;1;6;1;0;1;1;0;0;1;1;0;7;3;3
2019-03-15T10:00:00+01:00;18181050000;11517405;16699630;76;2.34E+11;1;5;2;0;2;1;1;0;1;1;1;7;4;4
2019-03-15T11:00:00+01:00;18650183333;12545348;12174592;76;2.34E+11;1;5;2;0;1;1;0;0;2;0;0;7;2;2
2019-03-15T12:00:00+01:00;17748566666;17774916;17796386;76;2.34E+11;2;7;1;0;1;2;0;0;2;1;0;8;1;1
2019-03-15T13:00:00+01:00;19467533333;21577591;21556070;76;2.34E+11;1;5;1;0;1;4;1;0;1;1;0;7;2;2
2019-03-15T14:00:00+01:00;17818500000;10965384;11771067;76;2.34E+11;1;5;1;1;1;1;0;0;1;0;1;7;1;1
2019-03-15T15:00:00+01:00;16604783333;8346180;8255914;76;2.35E+11;1;3;1;0;1;1;10;0;1;0;0;7;1;1
2019-03-15T16:00:00+01:00;17259750000;13530760;13147306;76;2.34E+11;1;4;0;0;1;2;0;0;1;0;0;6;2;2
2019-03-15T17:00:00+01:00;18819600000;19969353;19904633;76;2.34E+11;1;5;1;0;3;1;0;0;3;1;0;6;3;3
2019-03-15T18:00:00+01:00;19490950000;21387861;32259720;76;2.34E+11;1;4;0;0;0;1;0;0;0;1;0;5;1;1
2019-03-15T19:00:00+01:00;18457200000;18220544;18024311;76;2.35E+11;1;4;1;0;0;1;0;0;0;0;0;6;0;0
2019-03-15T20:00:00+01:00;19048183333;20144059;20564462;76;2.35E+11;1;2;8;0;1;1;0;0;1;0;0;5;2;2
2019-03-15T21:00:00+01:00;19009433333;27165849;27319296;76;2.34E+11;1;3;2;0;0;2;8;1;1;0;3;5;1;1
2019-03-15T22:00:00+01:00;18650366666;25984768;31225924;75;2.29E+11;1;3;1;0;1;1;0;1;0;1;0;5;1;1
2019-03-15T23:00:00+01:00;19031400000;23666653;23772620;75;2.28E+11;2;2;0;0;1;2;0;0;3;0;0;5;2;2
2019-03-16T00:00:00+01:00;17077466666;17993410;14453865;75;2.31E+11;2;2;3;2;2;1;2;3;3;1;1;7;1;1
2019-03-16T01:00:00+01:00;16035566666;11519197;37887180;76;2.35E+11;1;1;1;0;1;1;0;0;1;1;1;6;3;3
2019-03-16T02:00:00+01:00;14908716666;8572008;20412468;76;2.29E+11;3;3;8;1;3;2;10;0;3;1;2;5;2;2
2019-03-16T03:00:00+01:00;15394666666;9132612;15452706;76;2.27E+11;2;4;2;1;3;2;2;0;2;0;2;7;1;1
2019-03-16T04:00:00+01:00;14030183333;3928983;5528298;77;2.43E+11;8;4;2;1;8;2;0;0;9;4;1;5;4;4
2019-03-16T05:00:00+01:00;12075083333;2712490;2456610;77;2.43E+11;0;4;1;0;0;1;0;0;0;0;1;4;0;0
2019-03-16T06:00:00+01:00;13147300000;2526139;2178013;77;2.43E+11;1;3;1;0;2;1;0;0;1;0;1;4;1;1
2019-03-16T07:00:00+01:00;14017850000;2848443;5834564;76;2.40E+11;1;3;1;1;1;1;0;0;1;2;0;5;1;1
2019-03-16T08:00:00+01:00;15759083333;6279867;6401501;76;2.39E+11;1;3;0;0;0;1;0;0;1;0;0;5;2;2
2019-03-16T09:00:00+01:00;14895916666;12986026;17023573;76;2.39E+11;1;3;2;0;2;3;0;0;0;0;0;4;2;2
2019-03-16T10:00:00+01:00;17272783333;18789956;41700812;76;2.39E+11;2;4;1;0;1;1;0;0;1;1;0;5;2;2
2019-03-16T11:00:00+01:00;18919100000;20204680;41304251;76;2.39E+11;1;5;0;0;1;1;0;0;1;0;0;5;1;1
2019-03-16T12:00:00+01:00;19354366666;20350498;20789504;76;2.39E+11;0;4;0;0;0;0;0;0;0;0;0;4;1;1
2019-03-16T13:00:00+01:00;16415616666;25564433;25868373;76;2.39E+11;1;4;0;0;0;2;0;0;0;0;1;5;0;0
2019-03-16T14:00:00+01:00;16147000000;27527203;29321833;76;2.39E+11;3;3;1;0;0;1;1;0;2;0;1;5;0;0
2019-03-16T15:00:00+01:00;15541633333;23259972;24090777;76;2.39E+11;1;3;0;0;1;1;0;0;1;1;1;6;2;2
2019-03-16T16:00:00+01:00;15759950000;21770928;21891319;76;2.39E+11;1;3;0;0;0;1;8;0;0;0;1;5;1;1
2019-03-16T17:00:00+01:00;15581083333;22245017;23174468;76;2.39E+11;0;2;0;0;0;1;0;0;0;1;1;4;1;1
2019-03-16T18:00:00+01:00;15812550000;20478907;29548629;76;2.39E+11;1;3;1;0;1;1;0;0;2;1;2;5;1;1
2019-03-16T19:00:00+01:00;15324466666;21966421;22107835;76;2.39E+11;1;3;2;0;1;1;39;0;0;0;1;5;0;0
2019-03-16T20:00:00+01:00;15688683333;21166131;20858214;76;2.39E+11;1;3;0;0;1;2;2;0;3;1;1;4;1;1
2019-03-16T21:00:00+01:00;14986216666;23354419;23412906;76;2.39E+11;0;2;0;0;0;1;8;0;0;0;1;4;0;0
2019-03-16T22:00:00+01:00;15917833333;25133465;26092032;76;2.39E+11;1;2;1;0;1;1;0;0;1;1;1;6;0;0
2019-03-16T23:00:00+01:00;14925833333;19611272;20885862;76;2.39E+11;1;2;1;0;1;0;0;0;1;0;1;6;1;1
2019-03-17T00:00:00+01:00;14342200000;15609070;15201024;76;2.39E+11;1;3;2;2;2;1;0;0;2;0;2;6;1;1
2019-03-17T01:00:00+01:00;15166400000;12507665;22449800;76;2.40E+11;2;3;2;0;2;2;1;0;2;0;2;7;4;4
2019-03-17T02:00:00+01:00;13665316666;9486040;17368046;76;2.40E+11;6;3;2;0;4;1;1;0;4;1;2;7;6;6
2019-03-17T03:00:00+01:00;12860183333;5068305;9922952;76;2.40E+11;2;5;3;0;2;1;0;0;2;0;1;5;2;2
2019-03-17T04:00:00+01:00;12258800000;3102395;5975022;76;2.40E+11;9;4;2;1;8;2;0;0;8;3;1;5;3;3
2019-03-17T05:00:00+01:00;13514150000;1953280;2153318;76;2.40E+11;1;1;0;0;1;0;0;0;0;0;0;4;0;0
2019-03-17T06:00:00+01:00;14220966666;2106214;1604642;76;2.40E+11;3;2;0;0;1;1;0;0;2;0;0;4;1;1
2019-03-17T07:00:00+01:00;15592516666;3424307;3198276;76;2.40E+11;1;3;1;0;1;2;4;0;1;0;0;5;1;1
2019-03-17T08:00:00+01:00;14588900000;7468834;7011601;76;2.40E+11;1;2;0;0;0;1;0;0;0;0;0;4;0;0
2019-03-17T09:00:00+01:00;15954216666;9472887;9558391;76;2.40E+11;1;4;1;0;1;3;0;0;2;0;0;5;1;1
2019-03-17T10:00:00+01:00;15721216666;15765111;25320482;76;2.40E+11;1;4;1;0;0;1;0;0;0;0;0;4;1;1
2019-03-17T11:00:00+01:00;16603933333;21090048;22148590;76;2.40E+11;1;5;1;0;0;0;0;0;0;0;1;6;1;1
2019-03-17T12:00:00+01:00;16701366666;21447662;21299575;76;2.40E+11;1;4;0;0;1;1;2;0;1;0;1;5;1;1
2019-03-17T13:00:00+01:00;16264400000;22767616;22611336;76;2.40E+11;1;4;1;0;1;1;0;0;0;0;1;5;1;1
2019-03-17T14:00:00+01:00;16866566666;24118254;25144934;75;2.36E+11;1;3;0;0;1;1;3;0;1;0;1;5;1;1
2019-03-17T15:00:00+01:00;17152633333;25331848;25279709;75;2.31E+11;1;3;0;0;0;1;0;0;1;0;1;5;2;2
2019-03-17T16:00:00+01:00;17141000000;26926267;26889198;75;2.31E+11;7;6;0;0;2;0;1;0;5;0;1;6;1;1
2019-03-17T17:00:00+01:00;17176266666;25936844;34872234;75;2.31E+11;1;4;1;0;0;1;0;0;1;1;1;5;1;1
2019-03-17T18:00:00+01:00;16694716666;27498308;29645312;75;2.31E+11;3;5;1;0;0;0;7;0;0;0;1;5;0;0
2019-03-17T19:00:00+01:00;16812016666;25128908;24732142;75;2.31E+11;1;4;0;0;0;2;0;0;0;0;1;5;1;1
2019-03-17T20:00:00+01:00;16982566666;31822882;32603596;75;2.31E+11;1;3;0;0;0;0;0;0;0;1;1;4;1;1
2019-03-17T21:00:00+01:00;17109250000;39597943;40106171;75;2.32E+11;1;5;3;0;0;0;0;0;2;0;2;5;2;2
2019-03-17T22:00:00+01:00;17856833333;38321390;37935342;75;2.32E+11;5;2;6;0;0;1;0;0;1;0;2;6;1;1
2019-03-17T23:00:00+01:00;16263450000;27200442;28854792;75;2.32E+11;2;2;5;0;1;1;1;0;4;0;2;6;1;1
2019-03-18T00:00:00+01:00;14381366666;12563558;14008064;75;2.32E+11;1;2;1;1;1;0;1;0;1;0;2;6;1;1
2019-03-18T01:00:00+01:00;13995916666;7054455;16272878;75;2.32E+11;2;2;1;0;1;1;7;0;2;0;2;8;4;4
2019-03-18T02:00:00+01:00;13996050000;6746476;14243753;75;2.32E+11;2;3;3;1;2;1;2;0;2;1;2;5;2;2
2019-03-18T03:00:00+01:00;14275683333;2441796;20803805;74;2.28E+11;2;3;8;2;2;2;1;0;1;0;2;6;4;4
2019-03-18T04:00:00+01:00;13229483333;2192887;22048091;74;2.28E+11;8;4;9;0;8;1;1;0;8;2;2;6;2;2
2019-03-18T05:00:00+01:00;13313566666;2172398;1702707;74;2.28E+11;0;4;0;0;1;1;0;0;0;0;0;5;0;0
2019-03-18T06:00:00+01:00;13354383333;2202572;1725644;74;2.28E+11;1;3;1;0;2;1;0;0;1;0;1;5;0;0
2019-03-18T07:00:00+01:00;14038566666;6768247;6679449;74;2.28E+11;1;6;0;0;1;2;0;0;1;1;1;6;1;1
2019-03-18T08:00:00+01:00;15044083333;10816102;13392725;74;2.28E+11;1;7;1;0;1;1;0;0;2;1;2;6;3;3
2019-03-18T09:00:00+01:00;15238500000;7724014;8459332;74;2.29E+11;1;6;0;1;1;0;1;0;1;0;2;6;5;5
2019-03-18T10:00:00+01:00;15024000000;7599854;7452313;75;2.31E+11;2;5;1;0;1;2;1;0;1;0;2;7;4;4
2019-03-18T11:00:00+01:00;14640533333;7892736;12508364;75;2.31E+11;1;6;3;0;1;1;1;0;1;2;2;6;2;2
2019-03-18T12:00:00+01:00;13881450000;18168422;17954833;75;2.31E+11;1;6;1;0;1;2;0;0;1;0;1;6;2;2
2019-03-18T13:00:00+01:00;13559300000;21554483;24930577;75;2.31E+11;1;6;6;1;1;1;9;2;1;0;4;8;1;1
2019-03-18T14:00:00+01:00;12167100000;9724980;11641432;75;2.31E+11;1;4;0;0;1;1;1;0;1;1;1;7;4;4
2019-03-18T15:00:00+01:00;12408183333;11996279;11853482;76;2.35E+11;1;3;1;0;1;1;0;1;1;0;2;9;1;1
2019-03-18T16:00:00+01:00;13210516666;7587054;15302707;76;2.35E+11;4;4;1;1;1;2;1;0;1;1;0;6;2;2
2019-03-18T17:00:00+01:00;14128866666;7390600;9310378;76;2.35E+11;1;4;1;0;1;1;0;0;1;2;0;5;3;3
2019-03-18T18:00:00+01:00;15315950000;21419268;31540466;76;2.42E+11;2;4;0;0;1;1;0;0;1;1;0;7;2;2
2019-03-18T19:00:00+01:00;17425066666;24481126;25064396;77;2.44E+11;1;4;1;0;0;1;0;0;0;1;0;6;1;1
2019-03-18T20:00:00+01:00;17841266666;26200337;26925653;77;2.44E+11;1;3;1;0;0;1;0;0;1;1;0;6;1;1
2019-03-18T21:00:00+01:00;18400833333;30455227;31583146;77;2.44E+11;1;2;8;0;0;2;25;0;1;0;0;6;2;2
2019-03-18T22:00:00+01:00;17470166666;27951923;27944277;77;2.44E+11;2;4;1;0;1;2;0;0;2;1;0;6;1;1
2019-03-18T23:00:00+01:00;15345033333;20738525;20376029;77;2.44E+11;1;2;1;0;0;1;0;0;1;0;0;6;1;1
2019-03-19T00:00:00+01:00;11391116666;12219477;11723298;77;2.44E+11;2;1;11;2;1;1;2;1;2;0;3;6;1;1
2019-03-19T01:00:00+01:00;11746916666;6480913;32833518;77;2.44E+11;2;1;3;1;2;1;1;1;3;0;2;7;5;5
2019-03-19T02:00:00+01:00;11639683333;8849720;21270146;77;2.44E+11;2;5;2;1;3;4;4;0;3;1;2;7;2;2
2019-03-19T03:00:00+01:00;11276200000;3012360;4659588;77;2.44E+11;2;6;6;0;2;1;3;0;2;0;2;7;2;2
2019-03-19T04:00:00+01:00;11360633333;1962530;4338705;77;2.44E+11;4;5;2;1;4;1;3;0;12;1;1;6;3;3
2019-03-19T05:00:00+01:00;10743616666;1760972;1227588;77;2.45E+11;1;2;0;0;1;1;0;1;1;0;0;5;4;4
2019-03-19T06:00:00+01:00;11025066666;1837226;1326011;77;2.45E+11;1;2;1;0;1;0;0;0;1;0;0;5;4;4
2019-03-19T07:00:00+01:00;12928416666;7236761;6694997;77;2.45E+11;1;5;0;1;1;2;0;1;2;0;0;5;4;4
2019-03-19T08:00:00+01:00;13592550000;6172928;6961902;77;2.45E+11;2;4;1;0;1;1;1;0;1;0;0;6;4;4
2019-03-19T09:00:00+01:00;14091733333;6440243;7225634;77;2.46E+11;2;5;1;1;2;2;0;0;4;0;1;7;6;6
2019-03-19T10:00:00+01:00;13598316666;10697523;10280157;78;2.51E+11;3;5;1;1;1;2;0;0;2;0;1;7;6;6
2019-03-19T11:00:00+01:00;13819300000;8076253;7408136;79;2.56E+11;1;5;1;0;2;2;0;0;1;0;0;6;5;5
2019-03-19T12:00:00+01:00;16228716666;15208123;16549614;78;2.48E+11;2;6;0;0;1;2;1;0;6;0;0;6;4;4
2019-03-19T13:00:00+01:00;17565416666;23726421;25578513;78;2.47E+11;1;4;1;3;1;0;1;0;1;0;0;7;5;5
2019-03-19T14:00:00+01:00;16345850000;14908654;16362274;77;2.47E+11;1;3;1;0;1;1;1;0;2;0;1;7;6;6
2019-03-19T15:00:00+01:00;15054083333;11165218;12080554;77;2.41E+11;1;3;2;0;1;1;0;1;1;1;1;6;5;5
2019-03-19T16:00:00+01:00;15133516666;6815379;15986792;77;2.41E+11;2;5;1;1;1;2;2;1;3;1;1;7;5;5
2019-03-19T17:00:00+01:00;14422033333;9058986;9845060;77;2.41E+11;1;3;1;1;1;2;0;0;1;0;0;6;5;5
2019-03-19T18:00:00+01:00;15386316666;17642683;26798489;77;2.41E+11;2;5;5;1;1;2;0;0;2;0;1;5;5;5
2019-03-19T19:00:00+01:00;17194183333;20718036;21140237;77;2.41E+11;1;3;1;0;0;2;0;1;0;0;0;7;4;4
2019-03-19T20:00:00+01:00;17727950000;25395968;27046297;77;2.41E+11;1;3;2;0;0;0;0;0;0;2;0;7;4;4
2019-03-19T21:00:00+01:00;17800850000;26804480;26823833;77;2.41E+11;1;2;0;0;1;2;1;0;1;0;0;6;5;5
2019-03-19T22:00:00+01:00;17176016666;25044411;25735987;77;2.41E+11;1;3;1;0;0;1;0;0;0;0;0;5;4;4
2019-03-19T23:00:00+01:00;15371833333;17463893;16956398;77;2.41E+11;1;3;1;1;1;2;0;0;2;0;0;5;5;5
2019-03-20T00:00:00+01:00;11948883333;9052791;8584533;77;2.41E+11;2;2;3;2;1;2;1;1;2;0;1;7;5;5
2019-03-20T01:00:00+01:00;11329950000;6273416;21437184;77;2.40E+11;2;2;2;0;2;1;1;1;2;1;1;7;9;9
2019-03-20T02:00:00+01:00;11022800000;3776682;3387221;77;2.41E+11;3;3;3;1;3;2;1;0;4;0;2;6;8;8
2019-03-20T03:00:00+01:00;11540733333;2924127;4077394;77;2.41E+11;3;7;2;4;3;1;1;0;4;1;2;6;6;6
2019-03-20T04:00:00+01:00;11361933333;2225046;3553227;77;2.41E+11;9;5;2;0;16;3;3;0;12;3;1;5;3;3
2019-03-20T05:00:00+01:00;11075750000;1731328;1243938;77;2.41E+11;1;1;0;0;1;1;0;0;1;0;0;5;1;1
2019-03-20T06:00:00+01:00;11555383333;2923537;1351782;77;2.41E+11;1;4;3;0;2;1;0;0;1;0;2;5;2;2
2019-03-20T07:00:00+01:00;13347716666;7070600;14565376;77;2.41E+11;1;6;1;0;1;1;0;0;2;1;0;6;2;2
2019-03-20T08:00:00+01:00;14126583333;4624571;5578069;77;2.41E+11;1;6;0;1;1;1;0;0;1;0;0;6;2;2
2019-03-20T09:00:00+01:00;14112650000;5181030;6302122;77;2.42E+11;1;8;1;0;1;1;0;0;1;0;1;8;5;5
2019-03-20T10:00:00+01:00;14352750000;6226184;8885459;78;2.43E+11;2;5;2;1;2;1;0;0;2;0;2;7;4;4
2019-03-20T11:00:00+01:00;13632800000;5727146;5940514;78;2.43E+11;2;7;1;0;2;1;1;0;1;1;1;6;2;2
2019-03-20T12:00:00+01:00;17166100000;13954594;15224234;78;2.43E+11;1;6;1;0;1;4;0;0;2;1;0;7;2;2
2019-03-20T13:00:00+01:00;19357133333;21508590;21862041;78;2.43E+11;1;5;2;0;0;3;0;0;1;2;1;6;1;1
2019-03-20T14:00:00+01:00;17061900000;12600250;14291464;78;2.43E+11;2;3;1;0;1;1;1;0;2;1;1;7;2;2
2019-03-20T15:00:00+01:00;15737700000;10468369;12896034;78;2.43E+11;1;3;1;0;1;1;1;0;1;0;0;8;0;0
2019-03-20T16:00:00+01:00;17021333333;14541209;10620757;78;2.44E+11;2;4;1;0;3;1;1;0;2;2;1;7;1;1
2019-03-20T17:00:00+01:00;16091716666;12751001;11554508;78;2.44E+11;1;4;0;0;1;0;0;0;0;1;0;6;2;2
2019-03-20T18:00:00+01:00;20818450000;16247842;26804449;77;2.45E+11;10;9;7;4;10;6;4;1;12;8;6;11;20;20
2019-03-20T19:00:00+01:00;17835150000;22799650;26000742;77;2.44E+11;2;5;2;1;1;2;1;0;1;2;1;6;2;2
2019-03-20T20:00:00+01:00;18415700000;27493102;28622301;77;2.44E+11;1;3;3;1;0;2;0;0;1;1;0;6;1;1
2019-03-20T21:00:00+01:00;18540566666;26789102;27276953;77;2.44E+11;1;3;1;1;1;1;0;0;1;0;1;7;2;2
2019-03-20T22:00:00+01:00;18665150000;31128456;31489536;77;2.44E+11;3;2;3;1;2;2;1;0;3;1;1;6;2;2
2019-03-20T23:00:00+01:00;16964383333;25066086;25115938;77;2.44E+11;1;2;1;0;1;1;0;0;3;0;0;6;0;0
2019-03-21T00:00:00+01:00;14190916666;13840349;13439726;77;2.44E+11;1;3;4;1;1;1;2;4;2;4;1;7;0;0
2019-03-21T01:00:00+01:00;13739966666;9168844;26173252;77;2.44E+11;2;1;2;0;2;2;1;1;2;1;2;7;2;2
2019-03-21T02:00:00+01:00;11787683333;4636672;4227245;77;2.45E+11;3;3;7;1;4;2;3;1;4;1;3;6;2;2
2019-03-21T03:00:00+01:00;14174616666;7534362;4404700;79;2.60E+11;6;7;4;1;8;2;4;1;10;2;3;7;3;3
2019-03-21T04:00:00+01:00;12963450000;3126852;8391987;79;2.58E+11;8;5;3;0;14;3;1;0;10;2;2;6;4;4
2019-03-21T05:00:00+01:00;13257700000;3094425;2639308;79;2.48E+11;2;2;7;1;4;1;4;1;1;0;1;6;0;0
2019-03-21T06:00:00+01:00;12461866666;2125363;2288110;79;2.48E+11;1;5;5;0;2;0;0;0;1;0;0;5;1;1
2019-03-21T07:00:00+01:00;12972300000;8504129;15090948;79;2.48E+11;1;6;1;0;1;2;0;0;1;1;1;6;1;1
2019-03-21T08:00:00+01:00;14235900000;8321853;8036069;79;2.48E+11;1;6;2;0;1;1;0;0;2;1;1;7;2;2
2019-03-21T09:00:00+01:00;14531400000;8207701;9807360;79;2.48E+11;3;6;22;1;4;2;32;2;4;1;3;9;3;3
2019-03-21T10:00:00+01:00;14088183333;7170986;18739438;78;2.47E+11;2;5;5;3;2;1;6;0;2;2;1;7;2;2
2019-03-21T11:00:00+01:00;14950783333;10472106;12303291;78;2.37E+11;1;6;2;0;1;0;0;0;1;1;0;6;3;3
2019-03-21T12:00:00+01:00;15174800000;14051796;16121751;78;2.37E+11;1;7;59;0;0;1;0;0;2;1;3;6;1;1
2019-03-21T13:00:00+01:00;16116300000;20707840;20493499;78;2.37E+11;1;6;1;1;1;3;0;0;1;1;0;7;2;2
2019-03-21T14:00:00+01:00;16572133333;20452198;20149845;78;2.37E+11;1;6;1;3;1;1;2;1;1;0;0;8;3;3
2019-03-21T15:00:00+01:00;17426966666;17961103;17352686;78;2.37E+11;2;7;2;4;2;3;1;0;3;3;1;8;4;4
2019-03-21T16:00:00+01:00;17698483333;20354389;19759086;78;2.38E+11;2;5;2;3;1;1;0;1;1;0;1;8;5;5
2019-03-21T17:00:00+01:00;16265250000;21003878;20779008;78;2.37E+11;1;4;1;1;1;1;2;0;1;0;0;7;2;2
2019-03-21T18:00:00+01:00;16100616666;17616844;20853333;78;2.37E+11;1;5;0;1;0;1;0;0;1;1;0;7;2;2
2019-03-21T19:00:00+01:00;16212716666;24239769;24299144;78;2.37E+11;1;4;2;1;0;1;0;0;1;2;0;6;1;1
2019-03-21T20:00:00+01:00;15829683333;23916155;23611091;78;2.37E+11;1;3;0;0;0;1;0;0;1;0;0;6;1;1
2019-03-21T21:00:00+01:00;16044750000;25040213;24641262;78;2.37E+11;1;2;0;1;0;1;0;0;1;0;0;7;3;3
2019-03-21T22:00:00+01:00;15664100000;27781666;27633646;78;2.37E+11;1;4;2;1;1;1;3;1;3;1;1;6;2;2
2019-03-21T23:00:00+01:00;15286166666;20187630;20151466;78;2.37E+11;1;1;1;1;1;1;0;0;1;1;0;5;0;0
2019-03-22T00:00:00+01:00;11396716666;11841587;13660364;78;2.37E+11;2;1;2;2;1;1;1;0;2;1;2;9;0;0
2019-03-22T01:00:00+01:00;11681266666;7118353;31222323;78;2.37E+11;2;2;9;1;2;2;0;0;3;0;6;7;2;2
2019-03-22T02:00:00+01:00;11880133333;3296785;14380100;78;2.37E+11;2;6;4;1;3;2;4;1;5;1;2;7;1;1
2019-03-22T03:00:00+01:00;11122733333;2996514;16156620;78;2.37E+11;2;4;2;1;3;1;2;0;2;1;2;7;2;2
2019-03-22T04:00:00+01:00;10462350000;4822545;3335833;78;2.39E+11;6;5;4;0;8;2;1;0;9;0;1;6;4;4
2019-03-22T05:00:00+01:00;10589316666;1694361;2111488;79;2.41E+11;1;3;1;0;1;1;0;0;1;0;0;5;1;1
2019-03-22T06:00:00+01:00;10538016666;3013137;2804633;79;2.41E+11;1;3;1;0;2;1;1;0;3;0;0;5;1;1
2019-03-22T07:00:00+01:00;11616583333;7665715;18887270;79;2.41E+11;1;6;1;0;1;2;0;0;2;1;1;6;1;1
2019-03-22T08:00:00+01:00;16083083333;5571464;6508765;78;2.41E+11;1;6;1;0;1;1;1;0;2;0;1;9;3;3
2019-03-22T09:00:00+01:00;14452433333;5662720;4840857;78;2.41E+11;1;6;2;1;2;1;0;0;2;0;1;7;2;2
2019-03-22T10:00:00+01:00;13311533333;8587963;6434901;78;2.41E+11;1;5;2;0;1;1;2;0;2;1;1;7;2;2
2019-03-22T11:00:00+01:00;16213166666;7278203;7023810;79;2.43E+11;2;5;1;1;2;1;0;0;3;2;1;7;4;4
2019-03-22T12:00:00+01:00;13096783333;4809676;4380723;79;2.43E+11;1;6;1;0;1;2;0;0;4;1;1;6;2;2
2019-03-22T13:00:00+01:00;15434500000;16188138;14212113;79;2.43E+11;2;5;2;1;1;1;0;0;4;1;1;6;2;2
2019-03-22T14:00:00+01:00;14264200000;12343521;11063122;79;2.43E+11;2;4;2;1;2;2;1;0;3;1;1;7;2;2
2019-03-22T15:00:00+01:00;13717450000;9217877;8239018;79;2.43E+11;1;3;2;0;1;1;1;0;1;0;0;6;2;2
2019-03-22T16:00:00+01:00;13839900000;7286340;4884838;79;2.44E+11;2;4;2;0;2;1;1;0;3;0;1;6;2;2
2019-03-22T17:00:00+01:00;13673400000;6441301;7449139;79;2.43E+11;1;5;1;0;1;1;1;0;2;0;0;6;4;4
2019-03-22T18:00:00+01:00;12418783333;13393783;24398028;79;2.44E+11;1;3;1;0;1;1;1;0;2;0;0;5;1;1
2019-03-22T19:00:00+01:00;15845100000;21882436;30768025;79;2.43E+11;1;4;0;0;1;1;0;0;1;0;0;5;1;1
2019-03-22T20:00:00+01:00;17646266666;24378402;24146653;79;2.43E+11;1;2;1;0;0;0;0;0;1;1;0;6;0;0
2019-03-22T21:00:00+01:00;17304100000;26445476;26418193;78;2.42E+11;1;2;1;0;0;0;1;0;1;0;0;6;1;1
2019-03-22T22:00:00+01:00;15902483333;25659851;25981475;78;2.41E+11;1;2;0;0;1;2;0;0;1;0;0;5;1;1
2019-03-22T23:00:00+01:00;15060666666;26777131;22166632;79;2.53E+11;2;3;0;0;1;1;1;0;2;2;0;5;0;0
2019-03-23T00:00:00+01:00;13103983333;16717482;31889595;79;2.54E+11;2;1;5;1;2;1;4;4;2;2;2;8;1;1
2019-03-23T01:00:00+01:00;11775400000;6913041;34630570;79;2.54E+11;1;1;2;0;1;2;0;0;2;1;1;6;2;2
2019-03-23T02:00:00+01:00;11158950000;3761527;19749563;79;2.54E+11;3;5;2;0;4;1;1;0;4;1;2;7;1;1
2019-03-23T03:00:00+01:00;12758066666;2585890;9754606;79;2.54E+11;2;5;2;2;3;1;1;0;3;2;2;6;4;4
2019-03-23T04:00:00+01:00;11752050000;1357141;5254912;79;2.54E+11;9;4;2;0;12;2;1;0;15;1;1;5;4;4
2019-03-23T05:00:00+01:00;10815166666;1227195;2697591;79;2.54E+11;1;4;1;0;1;1;1;0;1;0;0;5;1;1
2019-03-23T06:00:00+01:00;11646333333;1377570;3842645;79;2.54E+11;1;4;0;0;1;0;1;1;1;1;0;5;0;0
2019-03-23T07:00:00+01:00;11219850000;2243142;6283917;79;2.54E+11;1;3;1;0;1;1;0;0;1;0;0;5;1;1
2019-03-23T08:00:00+01:00;12716550000;6769322;6871722;79;2.54E+11;1;4;1;0;1;0;1;0;1;0;1;5;1;1
2019-03-23T09:00:00+01:00;15168250000;11822984;23585160;79;2.54E+11;1;4;0;1;0;1;0;0;1;0;0;6;1;1
2019-03-23T10:00:00+01:00;16912866666;16631466;41122304;79;2.54E+11;1;5;2;0;1;1;3;0;2;1;0;6;1;1
2019-03-23T11:00:00+01:00;16246633333;19889851;32458018;78;2.46E+11;1;5;3;0;1;0;12;0;2;0;1;5;0;0
2019-03-23T12:00:00+01:00;16279983333;20390929;19793646;78;2.44E+11;1;4;1;0;0;0;0;0;1;0;0;4;0;0
2019-03-23T13:00:00+01:00;15840316666;20017220;20439995;78;2.44E+11;1;5;1;1;1;1;1;0;1;1;1;5;1;1
2019-03-23T14:00:00+01:00;15870866666;18346427;18225800;78;2.44E+11;1;5;3;1;1;1;0;0;2;0;1;6;2;2
2019-03-23T15:00:00+01:00;15854466666;14872610;14711432;78;2.44E+11;1;3;2;0;0;0;1;0;1;0;0;5;0;0
2019-03-23T16:00:00+01:00;15479233333;14975556;15360768;78;2.44E+11;1;4;1;1;0;1;1;0;1;0;0;4;1;1
2019-03-23T17:00:00+01:00;17809916666;21693440;21753907;78;2.44E+11;1;3;1;0;1;1;0;0;2;0;0;5;0;0
2019-03-23T18:00:00+01:00;16823900000;17734041;19133508;78;2.44E+11;1;3;2;0;0;1;1;0;1;0;1;5;0;0
2019-03-23T19:00:00+01:00;16109016666;19957794;20652134;78;2.44E+11;1;3;1;2;0;1;0;0;1;0;0;5;1;1
2019-03-23T20:00:00+01:00;15120900000;20607214;20531677;78;2.44E+11;1;2;1;0;1;1;0;0;1;0;0;5;1;1
2019-03-23T21:00:00+01:00;15338716666;23033651;23334997;78;2.44E+11;1;4;0;0;0;2;0;0;2;0;0;4;0;0
2019-03-23T22:00:00+01:00;14239650000;22012672;21675400;78;2.44E+11;1;2;0;0;0;3;0;0;1;0;0;4;0;0
2019-03-23T23:00:00+01:00;13070550000;21303620;21265459;78;2.44E+11;1;2;4;0;2;0;0;0;1;1;0;4;0;0
2019-03-24T00:00:00+01:00;12870766666;13963639;14292684;78;2.45E+11;1;3;3;2;1;1;3;0;3;0;2;6;1;1
2019-03-24T01:00:00+01:00;13711833333;11612040;31685017;79;2.48E+11;2;2;3;1;2;1;3;0;3;1;2;7;2;2
2019-03-24T02:00:00+01:00;11661216666;5457612;9487274;79;2.48E+11;4;2;2;0;3;1;1;0;3;1;2;5;2;2
2019-03-24T03:00:00+01:00;12393883333;3402086;5840657;79;2.48E+11;2;3;3;0;2;1;1;0;3;0;1;6;1;1
2019-03-24T04:00:00+01:00;12396983333;1799099;9760204;79;2.48E+11;6;4;7;0;7;2;2;0;10;2;1;5;5;5
2019-03-24T05:00:00+01:00;12141083333;2112017;3334832;79;2.48E+11;0;3;4;0;1;0;7;0;1;1;0;4;2;2
2019-03-24T06:00:00+01:00;11045500000;1834257;1635396;79;2.48E+11;1;2;1;0;3;1;0;0;4;1;1;4;2;2
2019-03-24T07:00:00+01:00;10987800000;2535082;2329344;79;2.48E+11;1;4;1;0;1;1;0;0;1;0;0;5;0;0
2019-03-24T08:00:00+01:00;11989300000;5902165;9379754;79;2.48E+11;1;3;1;0;1;1;1;0;1;0;0;5;0;0
2019-03-24T09:00:00+01:00;14374350000;9224527;15887042;79;2.48E+11;1;5;1;0;0;3;0;0;1;1;0;5;0;0
2019-03-24T10:00:00+01:00;16223783333;17070574;16737826;79;2.48E+11;1;5;0;0;0;1;0;0;1;0;0;5;1;1
2019-03-24T11:00:00+01:00;17055866666;20945152;20718728;79;2.48E+11;1;4;1;0;0;0;0;0;2;0;0;4;2;2
2019-03-24T12:00:00+01:00;16707516666;20552157;20877909;79;2.48E+11;1;4;1;0;1;0;0;0;2;0;1;4;0;0
2019-03-24T13:00:00+01:00;17107616666;23763950;23629960;79;2.48E+11;1;4;1;0;1;1;0;0;1;0;0;5;1;1
2019-03-24T14:00:00+01:00;16641216666;22834722;22491340;79;2.48E+11;1;4;0;0;1;1;0;0;2;0;0;5;1;1
2019-03-24T15:00:00+01:00;17480616666;23505612;23266730;79;2.48E+11;1;4;1;0;1;1;0;0;1;0;0;5;2;2
2019-03-24T16:00:00+01:00;16973783333;24338705;24263168;79;2.48E+11;1;4;3;0;1;1;0;0;2;0;1;4;1;1
2019-03-24T17:00:00+01:00;17195116666;25271381;25136179;79;2.48E+11;1;4;0;0;0;1;0;0;1;0;0;5;2;2
2019-03-24T18:00:00+01:00;16935300000;22371242;24105932;79;2.48E+11;1;4;1;0;0;1;0;1;1;0;2;4;1;1
2019-03-24T19:00:00+01:00;16297800000;24962184;24770355;79;2.48E+11;1;4;0;0;0;1;1;0;1;1;0;5;1;1
2019-03-24T20:00:00+01:00;17212066666;29379703;29211716;79;2.48E+11;1;4;0;1;0;1;3;0;1;1;0;4;1;1
2019-03-24T21:00:00+01:00;18428483333;33535965;33743752;79;2.48E+11;1;3;0;0;0;1;0;0;1;0;0;5;1;1
2019-03-24T22:00:00+01:00;18170700000;32231731;35871044;78;2.44E+11;1;5;1;0;1;1;12;0;2;1;0;5;1;1
2019-03-24T23:00:00+01:00;17260000000;22164701;22407970;78;2.43E+11;2;2;1;0;1;1;0;0;3;2;0;5;1;1
2019-03-25T00:00:00+01:00;13132083333;12585949;13007803;78;2.43E+11;1;2;1;1;1;1;1;2;2;0;1;5;0;0
2019-03-25T01:00:00+01:00;11740616666;6604339;31912669;78;2.43E+11;1;2;1;0;1;0;0;0;2;0;1;7;1;1
2019-03-25T02:00:00+01:00;12416166666;5170739;27530786;78;2.43E+11;5;5;4;0;5;2;2;1;4;0;2;6;2;2
2019-03-25T03:00:00+01:00;12315150000;4062259;17734485;78;2.43E+11;2;4;2;1;2;1;0;0;4;0;1;6;2;2
2019-03-25T04:00:00+01:00;11415650000;3242953;5086025;78;2.43E+11;10;4;2;0;12;3;0;0;15;2;1;5;4;4
2019-03-25T05:00:00+01:00;10891966666;3118336;3207918;78;2.43E+11;1;2;1;0;1;1;0;0;1;0;0;5;0;0
2019-03-25T06:00:00+01:00;11489616666;3425962;3073484;78;2.43E+11;1;3;0;0;1;1;0;0;4;0;0;6;0;0
2019-03-25T07:00:00+01:00;12718233333;8740864;7226470;78;2.44E+11;1;5;2;1;1;2;0;0;1;0;0;5;1;1
2019-03-25T08:00:00+01:00;14781133333;7800678;7952622;79;2.46E+11;2;7;1;0;1;1;1;0;2;0;0;6;3;3
2019-03-25T09:00:00+01:00;14729083333;7049745;8403217;79;2.46E+11;2;9;2;0;2;2;1;0;4;1;1;7;3;3
2019-03-25T10:00:00+01:00;12644233333;5678062;6037606;79;2.46E+11;2;6;4;2;2;1;1;0;2;0;1;8;3;3
2019-03-25T11:00:00+01:00;14459550000;7897531;8377600;79;2.46E+11;1;6;1;1;1;1;1;0;2;0;1;7;3;3
2019-03-25T12:00:00+01:00;15246733333;22248552;21699341;79;2.46E+11;2;7;2;0;2;2;0;0;3;0;1;6;2;2
2019-03-25T13:00:00+01:00;17431900000;21100373;20685482;79;2.46E+11;2;6;1;1;6;3;1;0;5;1;1;6;1;1
2019-03-25T14:00:00+01:00;13844816666;6928503;7376520;79;2.46E+11;1;4;1;0;1;1;0;0;2;4;0;6;2;2
2019-03-25T15:00:00+01:00;13185150000;9325762;7113427;79;2.46E+11;1;3;2;1;1;1;1;0;2;2;1;7;2;2
2019-03-25T16:00:00+01:00;13358566666;9398596;8645120;79;2.46E+11;1;4;1;0;1;1;0;0;1;2;0;6;2;2
2019-03-25T17:00:00+01:00;13412083333;12035891;12664234;79;2.46E+11;1;4;1;0;1;1;1;0;1;1;0;7;1;1
2019-03-25T18:00:00+01:00;14040333333;17068322;21463739;79;2.46E+11;1;6;1;0;1;4;1;0;1;2;0;5;2;2
2019-03-25T19:00:00+01:00;16351600000;25980928;25475310;79;2.46E+11;1;3;0;0;1;0;4;0;1;1;0;6;1;1
2019-03-25T20:00:00+01:00;17512066666;26924882;26789835;79;2.46E+11;1;5;3;0;1;1;0;0;2;2;0;6;1;1
2019-03-25T21:00:00+01:00;17855450000;37772987;38543786;79;2.46E+11;1;2;0;0;0;2;0;0;1;2;0;6;1;1
2019-03-25T22:00:00+01:00;17489716666;37703697;41444369;79;2.46E+11;1;3;1;1;0;2;0;0;2;2;0;6;1;1
2019-03-25T23:00:00+01:00;13719466666;21755511;21536529;79;2.46E+11;1;1;1;0;1;1;0;0;2;1;0;5;0;0
2019-03-26T00:00:00+01:00;9739983333;9147669;8924333;79;2.46E+11;2;2;2;1;7;1;1;0;5;1;1;7;1;1
2019-03-26T01:00:00+01:00;10049516666;4867259;28848742;79;2.46E+11;2;2;2;0;3;2;2;0;3;4;2;8;3;3
2019-03-26T02:00:00+01:00;10924116666;3607722;14047744;79;2.46E+11;3;5;2;0;7;1;2;0;4;2;2;6;1;1
2019-03-26T03:00:00+01:00;10656916666;7151872;2758587;81;2.55E+11;3;3;2;1;2;3;4;1;4;2;2;6;1;1
2019-03-26T04:00:00+01:00;11091800000;1531435;7345950;80;2.49E+11;10;5;2;0;7;2;1;0;16;3;1;6;3;3
2019-03-26T05:00:00+01:00;9462050000;1521902;1396053;80;2.44E+11;1;2;1;0;2;0;1;1;2;1;0;5;0;0
2019-03-26T06:00:00+01:00;10300316666;1556889;1340074;80;2.45E+11;1;2;1;0;1;1;0;1;2;2;1;5;1;1
2019-03-26T07:00:00+01:00;11797133333;7551709;7221009;80;2.45E+11;1;5;2;0;1;2;1;0;2;2;1;6;2;2
2019-03-26T08:00:00+01:00;11949450000;9274385;8200120;80;2.45E+11;1;6;2;1;1;2;0;0;1;2;0;6;2;2
2019-03-26T09:00:00+01:00;11981300000;8361420;5928413;81;2.51E+11;1;5;1;0;1;2;0;0;2;1;0;7;2;2
2019-03-26T10:00:00+01:00;12982350000;6937907;8118852;81;2.54E+11;2;6;1;1;2;2;0;0;2;2;1;7;1;1
2019-03-26T11:00:00+01:00;13713250000;7383647;14708059;81;2.47E+11;1;6;1;2;1;2;0;0;1;0;0;7;3;3
2019-03-26T12:00:00+01:00;14104916666;18083072;18032076;81;2.47E+11;2;7;0;0;1;2;0;0;2;2;0;6;2;2
2019-03-26T13:00:00+01:00;14869783333;23801139;22769442;81;2.46E+11;1;6;1;0;1;2;1;1;2;3;0;6;3;3
2019-03-26T14:00:00+01:00;13566900000;11107174;14417527;80;2.39E+11;2;5;1;0;1;2;0;0;3;1;0;6;2;2
2019-03-26T15:00:00+01:00;14205000000;9106449;16209885;80;2.39E+11;1;3;1;0;1;1;1;0;2;1;0;6;2;2
2019-03-26T16:00:00+01:00;15033600000;8298905;9190912;80;2.35E+11;2;5;1;1;1;1;0;0;2;1;0;6;2;2
2019-03-26T17:00:00+01:00;14079233333;12297094;11131747;80;2.35E+11;2;4;1;0;1;1;1;0;2;1;1;6;3;3
2019-03-26T18:00:00+01:00;15258033333;19376315;31743078;80;2.41E+11;2;5;2;0;1;1;2;0;3;2;1;5;1;1
2019-03-26T19:00:00+01:00;16801183333;23334682;27236404;79;2.41E+11;1;3;0;0;0;1;0;0;1;0;0;5;1;1
2019-03-26T20:00:00+01:00;17654483333;22172518;22117512;78;2.39E+11;1;3;1;0;0;1;0;0;1;1;0;5;1;1
2019-03-26T21:00:00+01:00;16470750000;23782468;23957196;78;2.39E+11;1;3;1;0;0;1;1;0;1;0;0;6;1;1
2019-03-26T22:00:00+01:00;15484016666;25814510;25524992;78;2.39E+11;1;2;0;0;1;1;0;1;1;2;0;5;1;1
2019-03-26T23:00:00+01:00;14372783333;20895897;20963720;78;2.39E+11;2;2;2;0;1;0;1;0;3;0;1;6;0;0
2019-03-27T00:00:00+01:00;9875650000;8988996;8311176;78;2.40E+11;2;2;4;2;1;2;5;1;3;0;2;7;0;0
2019-03-27T01:00:00+01:00;9929733333;3747174;21478809;79;2.41E+11;3;2;3;1;2;2;2;0;3;1;3;6;2;2
2019-03-27T02:00:00+01:00;9900150000;5335569;2115140;79;2.43E+11;2;2;2;0;3;4;2;0;4;1;1;5;1;1
2019-03-27T03:00:00+01:00;8821366666;2161920;3408298;81;2.57E+11;2;4;2;2;3;2;2;0;4;1;2;5;2;2
2019-03-27T04:00:00+01:00;9644883333;1219375;8200469;81;2.53E+11;7;5;3;1;7;2;2;0;8;1;3;4;5;5
2019-03-27T05:00:00+01:00;9012816666;1188551;7272951;80;2.45E+11;1;4;1;0;1;2;2;0;1;0;1;4;0;0
2019-03-27T06:00:00+01:00;9092666666;1785702;8796484;80;2.45E+11;1;5;1;0;1;0;0;0;2;1;1;4;1;1
2019-03-27T07:00:00+01:00;11187000000;7666841;29347549;80;2.45E+11;1;6;2;1;1;3;0;0;1;1;2;6;2;2
2019-03-27T08:00:00+01:00;12308816666;4060108;16161518;80;2.45E+11;1;6;1;2;1;1;1;0;1;0;1;5;1;1
2019-03-27T09:00:00+01:00;13074350000;3929292;4339660;80;2.45E+11;2;7;3;0;2;1;3;0;2;1;2;7;3;3
2019-03-27T10:00:00+01:00;12483350000;4459161;4942250;80;2.45E+11;1;5;3;1;1;1;0;0;2;0;1;7;1;1
2019-03-27T11:00:00+01:00;13014716666;4790459;4912179;80;2.45E+11;1;6;1;1;2;1;1;0;2;1;1;7;2;2
2019-03-27T12:00:00+01:00;15605683333;17285519;23829261;79;2.44E+11;1;8;0;0;1;3;0;0;2;1;0;6;1;1
2019-03-27T13:00:00+01:00;16584316666;18281045;18555118;79;2.43E+11;1;6;2;0;1;1;0;0;1;0;0;6;0;0
2019-03-27T14:00:00+01:00;13025950000;5999189;5933875;79;2.43E+11;1;5;1;0;1;0;0;0;1;0;0;7;2;2
2019-03-27T15:00:00+01:00;13207233333;7820902;7027797;79;2.43E+11;1;6;0;0;1;1;0;0;2;0;0;7;2;2
2019-03-27T16:00:00+01:00;14408016666;10614698;10703906;79;2.43E+11;2;4;2;1;1;1;1;0;2;0;1;8;1;1
2019-03-27T17:00:00+01:00;13262783333;10503645;10336170;79;2.43E+11;1;5;1;0;1;1;1;0;2;0;1;6;1;1
2019-03-27T18:00:00+01:00;14241750000;15549249;20783138;79;2.43E+11;2;4;1;0;1;1;1;0;2;2;1;7;2;2
2019-03-27T19:00:00+01:00;16095183333;22066661;21800005;79;2.43E+11;2;4;1;0;1;0;1;0;1;0;0;6;1;1
2019-03-27T20:00:00+01:00;16858333333;21975193;21803929;79;2.43E+11;1;3;0;0;0;1;0;0;1;0;0;6;1;1
2019-03-27T21:00:00+01:00;16967233333;25173807;25323867;79;2.43E+11;1;3;1;0;0;1;1;0;1;1;4;6;1;1
2019-03-27T22:00:00+01:00;18068766666;25842585;29037482;78;2.34E+11;1;2;1;0;1;1;0;0;2;0;0;6;1;1
2019-03-27T23:00:00+01:00;14391800000;19458747;19196330;78;2.32E+11;2;1;1;0;0;1;5;0;2;0;0;5;0;0
2019-03-28T00:00:00+01:00;11833416666;12056610;10357452;78;2.37E+11;1;3;2;1;1;1;1;1;1;0;1;6;2;2
2019-03-28T01:00:00+01:00;10553400000;6171733;24491605;79;2.41E+11;2;4;3;0;2;1;1;0;4;0;3;6;3;3
2019-03-28T02:00:00+01:00;9958316666;7910541;4515486;79;2.43E+11;4;5;2;0;3;1;2;0;5;1;2;4;1;1
2019-03-28T03:00:00+01:00;9944066666;3382306;4259686;81;2.57E+11;2;5;3;2;2;1;1;0;2;1;2;6;1;1
2019-03-28T04:00:00+01:00;10396616666;5103457;8512105;81;2.58E+11;6;4;1;0;4;2;5;0;21;1;1;4;4;4
2019-03-28T05:00:00+01:00;8945166666;2922496;8092467;80;2.50E+11;0;3;0;0;0;1;0;0;0;0;1;4;1;1
2019-03-28T06:00:00+01:00;9490050000;2847590;2491323;80;2.49E+11;1;4;1;0;5;0;2;0;3;0;2;3;0;0
2019-03-28T07:00:00+01:00;9248700000;8853486;8863590;80;2.49E+11;1;6;0;1;1;2;0;0;1;1;0;6;1;1
2019-03-28T08:00:00+01:00;13377716666;6714562;6518219;80;2.49E+11;1;6;1;0;1;1;0;0;2;0;0;5;1;1
2019-03-28T09:00:00+01:00;15207400000;10292343;9180910;80;2.49E+11;2;8;1;0;2;1;1;0;3;2;1;7;4;4
2019-03-28T10:00:00+01:00;13800250000;7420142;8059818;80;2.49E+11;1;6;1;1;1;2;1;0;1;1;0;7;4;4
2019-03-28T11:00:00+01:00;14627900000;11357320;11110365;80;2.49E+11;1;5;1;0;1;1;0;0;1;1;0;7;2;2
2019-03-28T12:00:00+01:00;12523633333;12633309;17145651;80;2.49E+11;1;6;1;0;1;1;0;1;2;0;0;6;0;0
2019-03-28T13:00:00+01:00;14967383333;20736699;22112597;79;2.43E+11;1;6;5;0;0;1;0;0;1;0;0;6;3;3
2019-03-28T14:00:00+01:00;13929533333;19337042;20001253;79;2.41E+11;1;5;2;1;1;1;2;0;2;0;0;7;2;2
2019-03-28T15:00:00+01:00;16813800000;21763874;19417497;79;2.41E+11;2;5;1;1;2;4;2;0;4;0;1;8;3;3
2019-03-28T16:00:00+01:00;16367150000;22817757;20745719;79;2.41E+11;1;5;3;0;1;2;1;0;3;0;1;7;2;2
2019-03-28T17:00:00+01:00;14703933333;21602286;28634248;79;2.41E+11;2;4;1;0;2;2;0;0;2;0;1;7;2;2
2019-03-28T18:00:00+01:00;12717183333;24179865;55163750;79;2.44E+11;2;3;1;0;1;1;0;0;2;1;0;7;2;2
2019-03-28T19:00:00+01:00;14822766666;28838690;50749815;80;2.49E+11;1;3;0;0;0;1;1;0;1;0;0;5;1;1
2019-03-28T20:00:00+01:00;15664200000;31096115;32665053;79;2.42E+11;1;2;0;0;0;1;0;0;1;0;0;5;1;1
2019-03-28T21:00:00+01:00;15470166666;27664435;27311291;79;2.41E+11;1;2;1;0;0;1;0;0;2;1;0;6;4;4
2019-03-28T22:00:00+01:00;17150900000;25538372;26113143;79;2.41E+11;1;2;1;1;1;1;1;0;2;2;0;5;4;4
2019-03-28T23:00:00+01:00;14106650000;16328721;15852839;79;2.41E+11;1;2;0;1;1;2;0;0;3;1;0;5;1;1
2019-03-29T00:00:00+01:00;10592150000;8811212;8300697;79;2.41E+11;1;2;4;1;1;1;2;0;5;0;1;8;0;0
2019-03-29T01:00:00+01:00;9822616666;5193966;29914931;79;2.41E+11;2;3;1;1;2;1;2;0;3;1;2;6;2;2
2019-03-29T02:00:00+01:00;9930200000;2970994;13793703;79;2.41E+11;2;3;2;2;3;1;2;2;3;1;3;5;1;1
2019-03-29T03:00:00+01:00;10125150000;2054195;14879232;80;2.43E+11;2;4;2;0;3;2;1;0;4;0;2;7;2;2
2019-03-29T04:00:00+01:00;10737750000;2923867;7506388;79;2.42E+11;4;4;2;1;6;2;3;0;11;3;1;5;3;3
2019-03-29T05:00:00+01:00;9017950000;1321250;1643281;79;2.41E+11;1;2;0;0;1;0;0;0;2;0;0;3;0;0
2019-03-29T06:00:00+01:00;9646866666;1612970;2206310;79;2.41E+11;1;2;1;1;1;0;1;0;1;0;1;5;0;0
2019-03-29T07:00:00+01:00;10702083333;5829256;5418001;79;2.41E+11;1;6;1;0;0;1;0;0;1;0;0;5;0;0
2019-03-29T08:00:00+01:00;12445983333;5792938;5843985;79;2.41E+11;2;6;2;0;1;0;1;0;3;0;1;6;2;2
2019-03-29T09:00:00+01:00;15305216666;10687897;7544251;79;2.44E+11;2;6;1;1;1;1;1;1;2;1;1;8;1;1
2019-03-29T10:00:00+01:00;16995833333;8982118;20203161;79;2.48E+11;2;9;2;1;2;1;2;0;4;4;1;7;3;3
2019-03-29T11:00:00+01:00;13225383333;10554282;13975142;79;2.42E+11;2;6;2;0;2;1;6;1;2;0;1;6;1;1
2019-03-29T12:00:00+01:00;15486150000;20552448;20499148;80;2.44E+11;2;7;2;0;2;2;0;0;3;0;1;6;1;1
2019-03-29T13:00:00+01:00;15041483333;20629367;21982737;79;2.42E+11;1;4;4;0;0;2;0;0;1;1;0;6;0;0
2019-03-29T14:00:00+01:00;13009700000;8209859;6439328;79;2.42E+11;2;5;2;1;2;1;5;0;3;1;1;8;1;1
2019-03-29T15:00:00+01:00;14046933333;6689194;5589930;79;2.42E+11;1;4;0;0;1;1;0;0;1;1;0;7;1;1
2019-03-29T16:00:00+01:00;12242150000;7239697;6269064;79;2.42E+11;1;3;0;0;1;1;0;0;1;0;1;6;1;1
2019-03-29T17:00:00+01:00;10524750000;7756066;8044066;80;2.46E+11;1;4;0;0;0;1;0;0;1;0;1;5;1;1
2019-03-29T18:00:00+01:00;11962833333;14672366;23412684;80;2.46E+11;2;4;1;0;1;1;0;0;2;1;1;4;1;1
2019-03-29T19:00:00+01:00;12265816666;19848739;24232730;80;2.46E+11;1;3;15;0;1;1;0;0;1;0;2;4;3;3
2019-03-29T20:00:00+01:00;14020700000;27897026;27884649;80;2.46E+11;1;2;1;0;0;1;0;0;1;0;0;4;0;0
2019-03-29T21:00:00+01:00;17527633333;29997604;29583817;79;2.44E+11;0;2;1;0;0;1;9;0;1;0;0;4;0;0
2019-03-29T22:00:00+01:00;16747966666;26236928;30510947;78;2.37E+11;1;2;0;0;0;2;1;1;1;0;0;5;1;1
2019-03-29T23:00:00+01:00;14405916666;25826599;21474217;78;2.37E+11;1;1;1;1;1;0;3;0;2;0;1;4;0;0
2019-03-30T00:00:00+01:00;12777183333;16243507;12182016;80;2.42E+11;1;2;2;1;1;1;4;1;2;0;2;4;0;0
2019-03-30T01:00:00+01:00;12832700000;8347559;37794092;80;2.43E+11;1;2;2;1;1;2;0;0;1;1;2;6;3;3
2019-03-30T02:00:00+01:00;12247983333;6060458;28949640;80;2.43E+11;2;3;2;1;2;2;1;0;3;1;2;6;2;2
2019-03-30T03:00:00+01:00;12256666666;4103014;10851208;80;2.43E+11;2;5;1;1;2;1;1;0;4;1;2;5;2;2
2019-03-30T04:00:00+01:00;12362616666;2403396;3860428;80;2.43E+11;7;5;1;0;9;2;1;0;18;1;1;5;4;4
2019-03-30T05:00:00+01:00;12191750000;1456913;5305497;79;2.39E+11;0;3;3;0;1;1;0;0;2;0;1;4;1;1
2019-03-30T06:00:00+01:00;13710766666;1611741;1437747;79;2.38E+11;1;2;1;0;4;1;0;0;4;1;1;4;2;2
2019-03-30T07:00:00+01:00;13463133333;2797977;5681459;79;2.38E+11;1;5;1;0;1;1;0;0;1;0;2;5;1;1
2019-03-30T08:00:00+01:00;14768566666;7351244;16869478;79;2.38E+11;1;4;1;0;1;1;0;0;2;2;3;4;1;1
2019-03-30T09:00:00+01:00;18107600000;9201954;20052445;78;2.35E+11;2;4;1;0;1;1;1;0;2;0;1;5;0;0
2019-03-30T10:00:00+01:00;20333116666;15342882;34943488;78;2.30E+11;1;4;0;0;1;1;0;0;1;0;0;5;1;1
2019-03-30T11:00:00+01:00;20724133333;20692974;39352576;78;2.30E+11;1;5;1;0;1;1;0;0;2;0;0;5;1;1
2019-03-30T12:00:00+01:00;18014166666;17668403;18522214;78;2.30E+11;1;4;2;0;1;1;0;0;3;0;0;5;0;0
2019-03-30T13:00:00+01:00;17375533333;22161971;22684910;78;2.30E+11;1;4;1;0;0;1;0;0;1;0;0;5;0;0
2019-03-30T14:00:00+01:00;18758800000;22208102;22363869;78;2.30E+11;1;4;1;0;1;0;1;0;2;0;0;4;0;0
2019-03-30T15:00:00+01:00;19128266666;18373478;18521856;78;2.30E+11;1;4;1;0;0;1;1;0;1;0;0;5;0;0
2019-03-30T16:00:00+01:00;20011383333;17314389;17575884;78;2.30E+11;1;4;0;0;1;0;0;0;2;0;0;5;1;1
2019-03-30T17:00:00+01:00;20483916666;19613713;21726737;78;2.30E+11;1;4;1;0;1;0;0;0;2;0;0;4;2;2
2019-03-30T18:00:00+01:00;20935033333;19283916;25712861;77;2.27E+11;1;4;1;0;1;1;0;0;1;1;0;4;1;1
2019-03-30T19:00:00+01:00;21116616666;20786466;20695210;77;2.26E+11;1;4;1;0;0;1;0;0;0;0;0;6;1;1
2019-03-30T20:00:00+01:00;18409416666;23529403;23244458;77;2.26E+11;1;2;0;0;1;0;2;0;1;0;0;4;0;0
2019-03-30T21:00:00+01:00;17140016666;22098141;22085341;77;2.26E+11;1;3;1;0;0;0;0;0;1;0;0;4;0;0
2019-03-30T22:00:00+01:00;18077616666;24280456;23977369;77;2.27E+11;1;2;0;0;1;1;0;0;1;1;0;3;1;1
2019-03-30T23:00:00+01:00;16796150000;20309043;20271718;77;2.27E+11;1;2;1;0;1;0;0;0;1;0;0;4;0;0
2019-03-31T00:00:00+01:00;13836383333;14826666;12800921;77;2.36E+11;1;1;1;1;1;1;1;0;1;1;0;4;1;1
2019-03-31T01:00:00+01:00;14188133333;9125818;29661600;77;2.36E+11;1;2;1;0;1;1;0;0;1;0;0;6;1;1
2019-03-31T03:00:00+02:00;13429066666;5067878;8848827;77;2.36E+11;3;6;2;1;4;2;2;1;4;1;1;5;5;5
2019-03-31T04:00:00+02:00;12165383333;3105739;4142327;77;2.36E+11;8;4;2;0;8;3;1;0;11;1;0;3;4;4
2019-03-31T05:00:00+02:00;12203766666;6780433;2394043;77;2.43E+11;1;1;0;0;1;0;0;0;1;0;0;3;0;0
2019-03-31T06:00:00+02:00;12903650000;2077303;3479637;78;2.47E+11;1;3;1;0;1;1;0;0;1;0;0;3;1;1
2019-03-31T07:00:00+02:00;12872483333;1589930;2347434;78;2.46E+11;0;2;3;0;1;1;0;0;1;1;3;4;1;1
2019-03-31T08:00:00+02:00;12725650000;2762169;5943525;78;2.46E+11;1;3;1;0;1;1;0;0;1;1;0;3;0;0
2019-03-31T09:00:00+02:00;16973233333;9668232;9410201;78;2.46E+11;2;3;2;0;2;2;0;1;1;0;0;5;1;1
2019-03-31T10:00:00+02:00;20658500000;15069583;15487757;77;2.44E+11;1;3;1;0;1;1;3;0;0;0;0;5;1;1
2019-03-31T11:00:00+02:00;21941883333;16883370;16551526;77;2.42E+11;1;3;0;0;0;1;0;0;1;0;0;4;1;1
2019-03-31T12:00:00+02:00;22107966666;18813610;18675191;77;2.42E+11;1;3;1;0;0;0;1;0;1;0;0;4;0;0
2019-03-31T13:00:00+02:00;23088716666;25807069;25519035;77;2.42E+11;1;3;1;0;0;0;0;0;1;1;0;4;0;0
2019-03-31T14:00:00+02:00;22758250000;21599044;21399364;77;2.42E+11;1;2;0;0;0;1;0;0;1;0;0;4;1;1
2019-03-31T15:00:00+02:00;21575900000;19186193;18896605;77;2.42E+11;1;2;1;0;1;0;1;0;0;0;0;5;1;1
2019-03-31T16:00:00+02:00;21647466666;25044599;35741405;77;2.42E+11;1;2;0;0;1;0;0;0;1;0;0;5;3;3
2019-03-31T17:00:00+02:00;21657700000;25735850;28423635;76;2.32E+11;1;2;0;0;0;1;0;0;1;0;0;5;1;1
2019-03-31T18:00:00+02:00;22033866666;23344964;31777877;76;2.29E+11;1;3;0;0;1;1;0;0;1;1;0;4;4;4
2019-03-31T19:00:00+02:00;19663650000;26539895;26202777;76;2.29E+11;1;2;1;0;0;0;0;0;1;0;0;5;2;2
2019-03-31T20:00:00+02:00;19565633333;29444966;29193062;76;2.29E+11;1;5;8;0;0;0;7;6;1;1;0;6;0;0
2019-03-31T21:00:00+02:00;22129133333;29457373;29223987;76;2.29E+11;2;3;1;0;1;1;1;0;1;1;0;6;1;1
2019-03-31T22:00:00+02:00;22435283333;29465139;29473689;76;2.29E+11;2;3;1;0;1;2;5;0;2;0;0;5;1;1
2019-03-31T23:00:00+02:00;20807066666;19874696;19610624;76;2.29E+11;2;2;1;0;1;0;0;0;2;0;0;5;0;0
2019-04-01T00:00:00+02:00;18170233333;10328405;10094506;76;2.29E+11;2;3;3;1;1;1;0;0;2;1;0;5;1;1
