Time;Number of bytes received
2019-03-01T00:00:00+01:00;13583547
2019-03-01T01:00:00+01:00;7147963
2019-03-01T02:00:00+01:00;4062600
2019-03-01T03:00:00+01:00;2821495
2019-03-01T04:00:00+01:00;1757201
2019-03-01T05:00:00+01:00;1752849
2019-03-01T06:00:00+01:00;2011904
2019-03-01T07:00:00+01:00;7245636
2019-03-01T08:00:00+01:00;5600392
2019-03-01T09:00:00+01:00;6508356
2019-03-01T10:00:00+01:00;7323396
2019-03-01T11:00:00+01:00;8779485
2019-03-01T12:00:00+01:00;18930449
2019-03-01T13:00:00+01:00;22583417
2019-03-01T14:00:00+01:00;11542886
2019-03-01T15:00:00+01:00;12234376
2019-03-01T16:00:00+01:00;17295776
2019-03-01T17:00:00+01:00;16676676
2019-03-01T18:00:00+01:00;17282798
2019-03-01T19:00:00+01:00;22166101
2019-03-01T20:00:00+01:00;21340876
2019-03-01T21:00:00+01:00;20783479
2019-03-01T22:00:00+01:00;20662801
2019-03-01T23:00:00+01:00;17720917
2019-03-02T00:00:00+01:00;19872307
2019-03-02T01:00:00+01:00;10794001
2019-03-02T02:00:00+01:00;4018909
2019-03-02T03:00:00+01:00;4819200
2019-03-02T04:00:00+01:00;6724369
2019-03-02T05:00:00+01:00;2546892
2019-03-02T06:00:00+01:00;2038558
2019-03-02T07:00:00+01:00;2022365
2019-03-02T08:00:00+01:00;5612595
2019-03-02T09:00:00+01:00;11144562
2019-03-02T10:00:00+01:00;14817661
2019-03-02T11:00:00+01:00;16408354
2019-03-02T12:00:00+01:00;17430937
2019-03-02T13:00:00+01:00;23326054
2019-03-02T14:00:00+01:00;27473373
2019-03-02T15:00:00+01:00;27833941
2019-03-02T16:00:00+01:00;23523754
2019-03-02T17:00:00+01:00;24326929
2019-03-02T18:00:00+01:00;25241804
2019-03-02T19:00:00+01:00;26990472
2019-03-02T20:00:00+01:00;24227737
2019-03-02T21:00:00+01:00;28882295
2019-03-02T22:00:00+01:00;29992174
2019-03-02T23:00:00+01:00;20531200
2019-03-03T00:00:00+01:00;18456923
2019-03-03T01:00:00+01:00;14298487
2019-03-03T02:00:00+01:00;9145122
2019-03-03T03:00:00+01:00;6852386
2019-03-03T04:00:00+01:00;4904526
2019-03-03T05:00:00+01:00;5528985
2019-03-03T06:00:00+01:00;3798886
2019-03-03T07:00:00+01:00;3672558
2019-03-03T08:00:00+01:00;10701499
2019-03-03T09:00:00+01:00;11554764
2019-03-03T10:00:00+01:00;14994295
2019-03-03T11:00:00+01:00;21641551
2019-03-03T12:00:00+01:00;24717465
2019-03-03T13:00:00+01:00;24021845
2019-03-03T14:00:00+01:00;27392512
2019-03-03T15:00:00+01:00;24232311
2019-03-03T16:00:00+01:00;26259915
2019-03-03T17:00:00+01:00;26303590
2019-03-03T18:00:00+01:00;24195191
2019-03-03T19:00:00+01:00;27878758
2019-03-03T20:00:00+01:00;34279031
2019-03-03T21:00:00+01:00;37423451
2019-03-03T22:00:00+01:00;38579950
2019-03-03T23:00:00+01:00;28601702
2019-03-04T00:00:00+01:00;17906329
2019-03-04T01:00:00+01:00;7517409
2019-03-04T02:00:00+01:00;2810828
2019-03-04T03:00:00+01:00;1592439
2019-03-04T04:00:00+01:00;1736439
2019-03-04T05:00:00+01:00;1550506
2019-03-04T06:00:00+01:00;2620723
2019-03-04T07:00:00+01:00;7899511
2019-03-04T08:00:00+01:00;7499844
2019-03-04T09:00:00+01:00;7472264
2019-03-04T10:00:00+01:00;16794368
2019-03-04T11:00:00+01:00;15882240
2019-03-04T12:00:00+01:00;19715379
2019-03-04T13:00:00+01:00;23118131
2019-03-04T14:00:00+01:00;11096337
2019-03-04T15:00:00+01:00;6475144
2019-03-04T16:00:00+01:00;10049109
2019-03-04T17:00:00+01:00;10434542
2019-03-04T18:00:00+01:00;13922321
2019-03-04T19:00:00+01:00;19848942
2019-03-04T20:00:00+01:00;27982404
2019-03-04T21:00:00+01:00;29557248
2019-03-04T22:00:00+01:00;33375496
2019-03-04T23:00:00+01:00;22102016
2019-03-05T00:00:00+01:00;12217847
2019-03-05T01:00:00+01:00;7409937
2019-03-05T02:00:00+01:00;3980652
2019-03-05T03:00:00+01:00;3628261
2019-03-05T04:00:00+01:00;1929233
2019-03-05T05:00:00+01:00;1804526
2019-03-05T06:00:00+01:00;1857761
2019-03-05T07:00:00+01:00;6997196
2019-03-05T08:00:00+01:00;6940552
2019-03-05T09:00:00+01:00;6204381
2019-03-05T10:00:00+01:00;4370363
2019-03-05T11:00:00+01:00;6431726
2019-03-05T12:00:00+01:00;15438250
2019-03-05T13:00:00+01:00;19600640
2019-03-05T14:00:00+01:00;13011302
2019-03-05T15:00:00+01:00;9685443
2019-03-05T16:00:00+01:00;7043805
2019-03-05T17:00:00+01:00;8141721
2019-03-05T18:00:00+01:00;14430958
2019-03-05T19:00:00+01:00;23608678
2019-03-05T20:00:00+01:00;28011639
2019-03-05T21:00:00+01:00;29493674
2019-03-05T22:00:00+01:00;34478080
2019-03-05T23:00:00+01:00;24486594
2019-03-06T00:00:00+01:00;16955972
2019-03-06T01:00:00+01:00;9450581
2019-03-06T02:00:00+01:00;6085017
2019-03-06T03:00:00+01:00;4783445
2019-03-06T04:00:00+01:00;6621166
2019-03-06T05:00:00+01:00;3158272
2019-03-06T06:00:00+01:00;3519095
2019-03-06T07:00:00+01:00;8363298
2019-03-06T08:00:00+01:00;9224755
2019-03-06T09:00:00+01:00;8222054
2019-03-06T10:00:00+01:00;21226086
2019-03-06T11:00:00+01:00;5821218
2019-03-06T12:00:00+01:00;14860010
2019-03-06T13:00:00+01:00;22675200
2019-03-06T14:00:00+01:00;12258321
2019-03-06T15:00:00+01:00;13499989
2019-03-06T16:00:00+01:00;15502404
2019-03-06T17:00:00+01:00;14321339
2019-03-06T18:00:00+01:00;17931193
2019-03-06T19:00:00+01:00;23872221
2019-03-06T20:00:00+01:00;26700902
2019-03-06T21:00:00+01:00;34223445
2019-03-06T22:00:00+01:00;34767735
2019-03-06T23:00:00+01:00;23413248
2019-03-07T00:00:00+01:00;15964142
2019-03-07T01:00:00+01:00;9179500
2019-03-07T02:00:00+01:00;7446203
2019-03-07T03:00:00+01:00;7511637
2019-03-07T04:00:00+01:00;7543091
2019-03-07T05:00:00+01:00;4260069
2019-03-07T06:00:00+01:00;5506321
2019-03-07T07:00:00+01:00;8910489
2019-03-07T08:00:00+01:00;9494442
2019-03-07T09:00:00+01:00;7491003
2019-03-07T10:00:00+01:00;8481262
2019-03-07T11:00:00+01:00;7730414
2019-03-07T12:00:00+01:00;12426847
2019-03-07T13:00:00+01:00;24209237
2019-03-07T14:00:00+01:00;23314739
2019-03-07T15:00:00+01:00;20199065
2019-03-07T16:00:00+01:00;23663513
2019-03-07T17:00:00+01:00;23354743
2019-03-07T18:00:00+01:00;19269632
2019-03-07T19:00:00+01:00;24576068
2019-03-07T20:00:00+01:00;31444923
2019-03-07T21:00:00+01:00;28784571
2019-03-07T22:00:00+01:00;28211763
2019-03-07T23:00:00+01:00;19356791
2019-03-08T00:00:00+01:00;11482743
2019-03-08T01:00:00+01:00;7018427
2019-03-08T02:00:00+01:00;4529220
2019-03-08T03:00:00+01:00;2751163
2019-03-08T04:00:00+01:00;1968742
2019-03-08T05:00:00+01:00;1668784
2019-03-08T06:00:00+01:00;2238203
2019-03-08T07:00:00+01:00;6940115
2019-03-08T08:00:00+01:00;6551449
2019-03-08T09:00:00+01:00;12491980
2019-03-08T10:00:00+01:00;11406148
2019-03-08T11:00:00+01:00;9259789
2019-03-08T12:00:00+01:00;19661303
2019-03-08T13:00:00+01:00;21324936
2019-03-08T14:00:00+01:00;9815710
2019-03-08T15:00:00+01:00;7557768
2019-03-08T16:00:00+01:00;5928635
2019-03-08T17:00:00+01:00;6854246
2019-03-08T18:00:00+01:00;16433322
2019-03-08T19:00:00+01:00;19282090
2019-03-08T20:00:00+01:00;23221490
2019-03-08T21:00:00+01:00;24235841
2019-03-08T22:00:00+01:00;26906077
2019-03-08T23:00:00+01:00;21841416
2019-03-09T00:00:00+01:00;13298410
2019-03-09T01:00:00+01:00;7092138
2019-03-09T02:00:00+01:00;4639317
2019-03-09T03:00:00+01:00;4276258
2019-03-09T04:00:00+01:00;2101855
2019-03-09T05:00:00+01:00;2117545
2019-03-09T06:00:00+01:00;2033305
2019-03-09T07:00:00+01:00;2740432
2019-03-09T08:00:00+01:00;8886391
2019-03-09T09:00:00+01:00;10172450
2019-03-09T10:00:00+01:00;15520853
2019-03-09T11:00:00+01:00;19568554
2019-03-09T12:00:00+01:00;17711086
2019-03-09T13:00:00+01:00;22461474
2019-03-09T14:00:00+01:00;24188791
2019-03-09T15:00:00+01:00;18972177
2019-03-09T16:00:00+01:00;22001595
2019-03-09T17:00:00+01:00;22615756
2019-03-09T18:00:00+01:00;26307584
2019-03-09T19:00:00+01:00;25838216
2019-03-09T20:00:00+01:00;25737949
2019-03-09T21:00:00+01:00;24939997
2019-03-09T22:00:00+01:00;27020339
2019-03-09T23:00:00+01:00;22228531
2019-03-10T00:00:00+01:00;17740373
2019-03-10T01:00:00+01:00;11817557
2019-03-10T02:00:00+01:00;8307370
2019-03-10T03:00:00+01:00;6466150
2019-03-10T04:00:00+01:00;6303761
2019-03-10T05:00:00+01:00;8270743
2019-03-10T06:00:00+01:00;5695078
2019-03-10T07:00:00+01:00;4773819
2019-03-10T08:00:00+01:00;5743633
2019-03-10T09:00:00+01:00;11409595
2019-03-10T10:00:00+01:00;16197068
2019-03-10T11:00:00+01:00;20009659
2019-03-10T12:00:00+01:00;21319497
2019-03-10T13:00:00+01:00;24979916
2019-03-10T14:00:00+01:00;30838391
2019-03-10T15:00:00+01:00;27014041
2019-03-10T16:00:00+01:00;25127830
2019-03-10T17:00:00+01:00;27690922
2019-03-10T18:00:00+01:00;22873600
2019-03-10T19:00:00+01:00;26739916
2019-03-10T20:00:00+01:00;32122602
2019-03-10T21:00:00+01:00;33082658
2019-03-10T22:00:00+01:00;33373678
2019-03-10T23:00:00+01:00;21505757
2019-03-11T00:00:00+01:00;10797107
2019-03-11T01:00:00+01:00;5815938
2019-03-11T02:00:00+01:00;3822557
2019-03-11T03:00:00+01:00;3994282
2019-03-11T04:00:00+01:00;5486745
2019-03-11T05:00:00+01:00;5836676
2019-03-11T06:00:00+01:00;2615261
2019-03-11T07:00:00+01:00;6939266
2019-03-11T08:00:00+01:00;7541572
2019-03-11T09:00:00+01:00;6431302
2019-03-11T10:00:00+01:00;5169868
2019-03-11T11:00:00+01:00;4533862
2019-03-11T12:00:00+01:00;14069213
2019-03-11T13:00:00+01:00;20141943
2019-03-11T14:00:00+01:00;6305262
2019-03-11T15:00:00+01:00;5721122
2019-03-11T16:00:00+01:00;7648921
2019-03-11T17:00:00+01:00;6639325
2019-03-11T18:00:00+01:00;12558472
2019-03-11T19:00:00+01:00;21051784
2019-03-11T20:00:00+01:00;27863654
2019-03-11T21:00:00+01:00;33751091
2019-03-11T22:00:00+01:00;30551261
2019-03-11T23:00:00+01:00;21622169
2019-03-12T00:00:00+01:00;11570756
2019-03-12T01:00:00+01:00;9876736
2019-03-12T02:00:00+01:00;2456729
2019-03-12T03:00:00+01:00;1991432
2019-03-12T04:00:00+01:00;1971063
2019-03-12T05:00:00+01:00;1813930
2019-03-12T06:00:00+01:00;2266962
2019-03-12T07:00:00+01:00;6830353
2019-03-12T08:00:00+01:00;3536179
2019-03-12T09:00:00+01:00;4089538
2019-03-12T10:00:00+01:00;10017298
2019-03-12T11:00:00+01:00;8603323
2019-03-12T12:00:00+01:00;16177783
2019-03-12T13:00:00+01:00;19551573
2019-03-12T14:00:00+01:00;9104554
2019-03-12T15:00:00+01:00;6916403
2019-03-12T16:00:00+01:00;7729169
2019-03-12T17:00:00+01:00;7600509
2019-03-12T18:00:00+01:00;15841501
2019-03-12T19:00:00+01:00;23734038
2019-03-12T20:00:00+01:00;31493205
2019-03-12T21:00:00+01:00;35036160
2019-03-12T22:00:00+01:00;36260499
2019-03-12T23:00:00+01:00;25494715
2019-03-13T00:00:00+01:00;19824171
2019-03-13T01:00:00+01:00;8130679
2019-03-13T02:00:00+01:00;3110041
2019-03-13T03:00:00+01:00;2312792
2019-03-13T04:00:00+01:00;6522726
2019-03-13T05:00:00+01:00;2537403
2019-03-13T06:00:00+01:00;2046446
2019-03-13T07:00:00+01:00;10661782
2019-03-13T08:00:00+01:00;4132044
2019-03-13T09:00:00+01:00;3771784
2019-03-13T10:00:00+01:00;7817667
2019-03-13T11:00:00+01:00;6216669
2019-03-13T12:00:00+01:00;18069486
2019-03-13T13:00:00+01:00;23719212
2019-03-13T14:00:00+01:00;11259989
2019-03-13T15:00:00+01:00;10839287
2019-03-13T16:00:00+01:00;13925478
2019-03-13T17:00:00+01:00;16380494
2019-03-13T18:00:00+01:00;18077354
2019-03-13T19:00:00+01:00;21932243
2019-03-13T20:00:00+01:00;27617860
2019-03-13T21:00:00+01:00;28656940
2019-03-13T22:00:00+01:00;28906686
2019-03-13T23:00:00+01:00;18124629
2019-03-14T00:00:00+01:00;15893504
2019-03-14T01:00:00+01:00;6684495
2019-03-14T02:00:00+01:00;2490948
2019-03-14T03:00:00+01:00;4275268
2019-03-14T04:00:00+01:00;1837960
2019-03-14T05:00:00+01:00;1957393
2019-03-14T06:00:00+01:00;2943010
2019-03-14T07:00:00+01:00;4823688
2019-03-14T08:00:00+01:00;4897177
2019-03-14T09:00:00+01:00;4969842
2019-03-14T10:00:00+01:00;7134537
2019-03-14T11:00:00+01:00;5605188
2019-03-14T12:00:00+01:00;12303513
2019-03-14T13:00:00+01:00;21875404
2019-03-14T14:00:00+01:00;21545557
2019-03-14T15:00:00+01:00;19307673
2019-03-14T16:00:00+01:00;21130410
2019-03-14T17:00:00+01:00;25666201
2019-03-14T18:00:00+01:00;24929037
2019-03-14T19:00:00+01:00;30768998
2019-03-14T20:00:00+01:00;34849979
2019-03-14T21:00:00+01:00;37140616
2019-03-14T22:00:00+01:00;30399163
2019-03-14T23:00:00+01:00;21456844
2019-03-15T00:00:00+01:00;13037837
2019-03-15T01:00:00+01:00;8677427
2019-03-15T02:00:00+01:00;7476445
2019-03-15T03:00:00+01:00;4320358
2019-03-15T04:00:00+01:00;3245585
2019-03-15T05:00:00+01:00;2182338
2019-03-15T06:00:00+01:00;1604925
2019-03-15T07:00:00+01:00;6027332
2019-03-15T08:00:00+01:00;8946176
2019-03-15T09:00:00+01:00;10322380
2019-03-15T10:00:00+01:00;11517405
2019-03-15T11:00:00+01:00;12545348
2019-03-15T12:00:00+01:00;17774916
2019-03-15T13:00:00+01:00;21577591
2019-03-15T14:00:00+01:00;10965384
2019-03-15T15:00:00+01:00;8346180
2019-03-15T16:00:00+01:00;13530760
2019-03-15T17:00:00+01:00;19969353
2019-03-15T18:00:00+01:00;21387861
2019-03-15T19:00:00+01:00;18220544
2019-03-15T20:00:00+01:00;20144059
2019-03-15T21:00:00+01:00;27165849
2019-03-15T22:00:00+01:00;25984768
2019-03-15T23:00:00+01:00;23666653
2019-03-16T00:00:00+01:00;17993410
2019-03-16T01:00:00+01:00;11519197
2019-03-16T02:00:00+01:00;8572008
2019-03-16T03:00:00+01:00;9132612
2019-03-16T04:00:00+01:00;3928983
2019-03-16T05:00:00+01:00;2712490
2019-03-16T06:00:00+01:00;2526139
2019-03-16T07:00:00+01:00;2848443
2019-03-16T08:00:00+01:00;6279867
2019-03-16T09:00:00+01:00;12986026
2019-03-16T10:00:00+01:00;18789956
2019-03-16T11:00:00+01:00;20204680
2019-03-16T12:00:00+01:00;20350498
2019-03-16T13:00:00+01:00;25564433
2019-03-16T14:00:00+01:00;27527203
2019-03-16T15:00:00+01:00;23259972
2019-03-16T16:00:00+01:00;21770928
2019-03-16T17:00:00+01:00;22245017
2019-03-16T18:00:00+01:00;20478907
2019-03-16T19:00:00+01:00;21966421
2019-03-16T20:00:00+01:00;21166131
2019-03-16T21:00:00+01:00;23354419
2019-03-16T22:00:00+01:00;25133465
2019-03-16T23:00:00+01:00;19611272
2019-03-17T00:00:00+01:00;15609070
2019-03-17T01:00:00+01:00;12507665
2019-03-17T02:00:00+01:00;9486040
2019-03-17T03:00:00+01:00;5068305
2019-03-17T04:00:00+01:00;3102395
2019-03-17T05:00:00+01:00;1953280
2019-03-17T06:00:00+01:00;2106214
2019-03-17T07:00:00+01:00;3424307
2019-03-17T08:00:00+01:00;7468834
2019-03-17T09:00:00+01:00;9472887
2019-03-17T10:00:00+01:00;15765111
2019-03-17T11:00:00+01:00;21090048
2019-03-17T12:00:00+01:00;21447662
2019-03-17T13:00:00+01:00;22767616
2019-03-17T14:00:00+01:00;24118254
2019-03-17T15:00:00+01:00;25331848
2019-03-17T16:00:00+01:00;26926267
2019-03-17T17:00:00+01:00;25936844
2019-03-17T18:00:00+01:00;27498308
2019-03-17T19:00:00+01:00;25128908
2019-03-17T20:00:00+01:00;31822882
2019-03-17T21:00:00+01:00;39597943
2019-03-17T22:00:00+01:00;38321390
2019-03-17T23:00:00+01:00;27200442
2019-03-18T00:00:00+01:00;12563558
2019-03-18T01:00:00+01:00;7054455
2019-03-18T02:00:00+01:00;6746476
2019-03-18T03:00:00+01:00;2441796
2019-03-18T04:00:00+01:00;2192887
2019-03-18T05:00:00+01:00;2172398
2019-03-18T06:00:00+01:00;2202572
2019-03-18T07:00:00+01:00;6768247
2019-03-18T08:00:00+01:00;10816102
2019-03-18T09:00:00+01:00;7724014
2019-03-18T10:00:00+01:00;7599854
2019-03-18T11:00:00+01:00;7892736
2019-03-18T12:00:00+01:00;18168422
2019-03-18T13:00:00+01:00;21554483
2019-03-18T14:00:00+01:00;9724980
2019-03-18T15:00:00+01:00;11996279
2019-03-18T16:00:00+01:00;7587054
2019-03-18T17:00:00+01:00;7390600
2019-03-18T18:00:00+01:00;21419268
2019-03-18T19:00:00+01:00;24481126
2019-03-18T20:00:00+01:00;26200337
2019-03-18T21:00:00+01:00;30455227
2019-03-18T22:00:00+01:00;27951923
2019-03-18T23:00:00+01:00;20738525
2019-03-19T00:00:00+01:00;12219477
2019-03-19T01:00:00+01:00;6480913
2019-03-19T02:00:00+01:00;8849720
2019-03-19T03:00:00+01:00;3012360
2019-03-19T04:00:00+01:00;1962530
2019-03-19T05:00:00+01:00;1760972
2019-03-19T06:00:00+01:00;1837226
2019-03-19T07:00:00+01:00;7236761
2019-03-19T08:00:00+01:00;6172928
2019-03-19T09:00:00+01:00;6440243
2019-03-19T10:00:00+01:00;10697523
2019-03-19T11:00:00+01:00;8076253
2019-03-19T12:00:00+01:00;15208123
2019-03-19T13:00:00+01:00;23726421
2019-03-19T14:00:00+01:00;14908654
2019-03-19T15:00:00+01:00;11165218
2019-03-19T16:00:00+01:00;6815379
2019-03-19T17:00:00+01:00;9058986
2019-03-19T18:00:00+01:00;17642683
2019-03-19T19:00:00+01:00;20718036
2019-03-19T20:00:00+01:00;25395968
2019-03-19T21:00:00+01:00;26804480
2019-03-19T22:00:00+01:00;25044411
2019-03-19T23:00:00+01:00;17463893
2019-03-20T00:00:00+01:00;9052791
2019-03-20T01:00:00+01:00;6273416
2019-03-20T02:00:00+01:00;3776682
2019-03-20T03:00:00+01:00;2924127
2019-03-20T04:00:00+01:00;2225046
2019-03-20T05:00:00+01:00;1731328
2019-03-20T06:00:00+01:00;2923537
2019-03-20T07:00:00+01:00;7070600
2019-03-20T08:00:00+01:00;4624571
2019-03-20T09:00:00+01:00;5181030
2019-03-20T10:00:00+01:00;6226184
2019-03-20T11:00:00+01:00;5727146
2019-03-20T12:00:00+01:00;13954594
2019-03-20T13:00:00+01:00;21508590
2019-03-20T14:00:00+01:00;12600250
2019-03-20T15:00:00+01:00;10468369
2019-03-20T16:00:00+01:00;14541209
2019-03-20T17:00:00+01:00;12751001
2019-03-20T18:00:00+01:00;16247842
2019-03-20T19:00:00+01:00;22799650
2019-03-20T20:00:00+01:00;27493102
2019-03-20T21:00:00+01:00;26789102
2019-03-20T22:00:00+01:00;31128456
2019-03-20T23:00:00+01:00;25066086
2019-03-21T00:00:00+01:00;13840349
2019-03-21T01:00:00+01:00;9168844
2019-03-21T02:00:00+01:00;4636672
2019-03-21T03:00:00+01:00;7534362
2019-03-21T04:00:00+01:00;3126852
2019-03-21T05:00:00+01:00;3094425
2019-03-21T06:00:00+01:00;2125363
2019-03-21T07:00:00+01:00;8504129
2019-03-21T08:00:00+01:00;8321853
2019-03-21T09:00:00+01:00;8207701
2019-03-21T10:00:00+01:00;7170986
2019-03-21T11:00:00+01:00;10472106
2019-03-21T12:00:00+01:00;14051796
2019-03-21T13:00:00+01:00;20707840
2019-03-21T14:00:00+01:00;20452198
2019-03-21T15:00:00+01:00;17961103
2019-03-21T16:00:00+01:00;20354389
2019-03-21T17:00:00+01:00;21003878
2019-03-21T18:00:00+01:00;17616844
2019-03-21T19:00:00+01:00;24239769
2019-03-21T20:00:00+01:00;23916155
2019-03-21T21:00:00+01:00;25040213
2019-03-21T22:00:00+01:00;27781666
2019-03-21T23:00:00+01:00;20187630
2019-03-22T00:00:00+01:00;11841587
2019-03-22T01:00:00+01:00;7118353
2019-03-22T02:00:00+01:00;3296785
2019-03-22T03:00:00+01:00;2996514
2019-03-22T04:00:00+01:00;4822545
2019-03-22T05:00:00+01:00;1694361
2019-03-22T06:00:00+01:00;3013137
2019-03-22T07:00:00+01:00;7665715
2019-03-22T08:00:00+01:00;5571464
2019-03-22T09:00:00+01:00;5662720
2019-03-22T10:00:00+01:00;8587963
2019-03-22T11:00:00+01:00;7278203
2019-03-22T12:00:00+01:00;4809676
2019-03-22T13:00:00+01:00;16188138
2019-03-22T14:00:00+01:00;12343521
2019-03-22T15:00:00+01:00;9217877
2019-03-22T16:00:00+01:00;7286340
2019-03-22T17:00:00+01:00;6441301
2019-03-22T18:00:00+01:00;13393783
2019-03-22T19:00:00+01:00;21882436
2019-03-22T20:00:00+01:00;24378402
2019-03-22T21:00:00+01:00;26445476
2019-03-22T22:00:00+01:00;25659851
2019-03-22T23:00:00+01:00;26777131
2019-03-23T00:00:00+01:00;16717482
2019-03-23T01:00:00+01:00;6913041
2019-03-23T02:00:00+01:00;3761527
2019-03-23T03:00:00+01:00;2585890
2019-03-23T04:00:00+01:00;1357141
2019-03-23T05:00:00+01:00;1227195
2019-03-23T06:00:00+01:00;1377570
2019-03-23T07:00:00+01:00;2243142
2019-03-23T08:00:00+01:00;6769322
2019-03-23T09:00:00+01:00;11822984
2019-03-23T10:00:00+01:00;16631466
2019-03-23T11:00:00+01:00;19889851
2019-03-23T12:00:00+01:00;20390929
2019-03-23T13:00:00+01:00;20017220
2019-03-23T14:00:00+01:00;18346427
2019-03-23T15:00:00+01:00;14872610
2019-03-23T16:00:00+01:00;14975556
2019-03-23T17:00:00+01:00;21693440
2019-03-23T18:00:00+01:00;17734041
2019-03-23T19:00:00+01:00;19957794
2019-03-23T20:00:00+01:00;20607214
2019-03-23T21:00:00+01:00;23033651
2019-03-23T22:00:00+01:00;22012672
2019-03-23T23:00:00+01:00;21303620
2019-03-24T00:00:00+01:00;13963639
2019-03-24T01:00:00+01:00;11612040
2019-03-24T02:00:00+01:00;5457612
2019-03-24T03:00:00+01:00;3402086
2019-03-24T04:00:00+01:00;1799099
2019-03-24T05:00:00+01:00;2112017
2019-03-24T06:00:00+01:00;1834257
2019-03-24T07:00:00+01:00;2535082
2019-03-24T08:00:00+01:00;5902165
2019-03-24T09:00:00+01:00;9224527
2019-03-24T10:00:00+01:00;17070574
2019-03-24T11:00:00+01:00;20945152
2019-03-24T12:00:00+01:00;20552157
2019-03-24T13:00:00+01:00;23763950
2019-03-24T14:00:00+01:00;22834722
2019-03-24T15:00:00+01:00;23505612
2019-03-24T16:00:00+01:00;24338705
2019-03-24T17:00:00+01:00;25271381
2019-03-24T18:00:00+01:00;22371242
2019-03-24T19:00:00+01:00;24962184
2019-03-24T20:00:00+01:00;29379703
2019-03-24T21:00:00+01:00;33535965
2019-03-24T22:00:00+01:00;32231731
2019-03-24T23:00:00+01:00;22164701
2019-03-25T00:00:00+01:00;12585949
2019-03-25T01:00:00+01:00;6604339
2019-03-25T02:00:00+01:00;5170739
2019-03-25T03:00:00+01:00;4062259
2019-03-25T04:00:00+01:00;3242953
2019-03-25T05:00:00+01:00;3118336
2019-03-25T06:00:00+01:00;3425962
2019-03-25T07:00:00+01:00;8740864
2019-03-25T08:00:00+01:00;7800678
2019-03-25T09:00:00+01:00;7049745
2019-03-25T10:00:00+01:00;5678062
2019-03-25T11:00:00+01:00;7897531
2019-03-25T12:00:00+01:00;22248552
2019-03-25T13:00:00+01:00;21100373
2019-03-25T14:00:00+01:00;6928503
2019-03-25T15:00:00+01:00;9325762
2019-03-25T16:00:00+01:00;9398596
2019-03-25T17:00:00+01:00;12035891
2019-03-25T18:00:00+01:00;17068322
2019-03-25T19:00:00+01:00;25980928
2019-03-25T20:00:00+01:00;26924882
2019-03-25T21:00:00+01:00;37772987
2019-03-25T22:00:00+01:00;37703697
2019-03-25T23:00:00+01:00;21755511
2019-03-26T00:00:00+01:00;9147669
2019-03-26T01:00:00+01:00;4867259
2019-03-26T02:00:00+01:00;3607722
2019-03-26T03:00:00+01:00;7151872
2019-03-26T04:00:00+01:00;1531435
2019-03-26T05:00:00+01:00;1521902
2019-03-26T06:00:00+01:00;1556889
2019-03-26T07:00:00+01:00;7551709
2019-03-26T08:00:00+01:00;9274385
2019-03-26T09:00:00+01:00;8361420
2019-03-26T10:00:00+01:00;6937907
2019-03-26T11:00:00+01:00;7383647
2019-03-26T12:00:00+01:00;18083072
2019-03-26T13:00:00+01:00;23801139
2019-03-26T14:00:00+01:00;11107174
2019-03-26T15:00:00+01:00;9106449
2019-03-26T16:00:00+01:00;8298905
2019-03-26T17:00:00+01:00;12297094
2019-03-26T18:00:00+01:00;19376315
2019-03-26T19:00:00+01:00;23334682
2019-03-26T20:00:00+01:00;22172518
2019-03-26T21:00:00+01:00;23782468
2019-03-26T22:00:00+01:00;25814510
2019-03-26T23:00:00+01:00;20895897
2019-03-27T00:00:00+01:00;8988996
2019-03-27T01:00:00+01:00;3747174
2019-03-27T02:00:00+01:00;5335569
2019-03-27T03:00:00+01:00;2161920
2019-03-27T04:00:00+01:00;1219375
2019-03-27T05:00:00+01:00;1188551
2019-03-27T06:00:00+01:00;1785702
2019-03-27T07:00:00+01:00;7666841
2019-03-27T08:00:00+01:00;4060108
2019-03-27T09:00:00+01:00;3929292
2019-03-27T10:00:00+01:00;4459161
2019-03-27T11:00:00+01:00;4790459
2019-03-27T12:00:00+01:00;17285519
2019-03-27T13:00:00+01:00;18281045
2019-03-27T14:00:00+01:00;5999189
2019-03-27T15:00:00+01:00;7820902
2019-03-27T16:00:00+01:00;10614698
2019-03-27T17:00:00+01:00;10503645
2019-03-27T18:00:00+01:00;15549249
2019-03-27T19:00:00+01:00;22066661
2019-03-27T20:00:00+01:00;21975193
2019-03-27T21:00:00+01:00;25173807
2019-03-27T22:00:00+01:00;25842585
2019-03-27T23:00:00+01:00;19458747
2019-03-28T00:00:00+01:00;12056610
2019-03-28T01:00:00+01:00;6171733
2019-03-28T02:00:00+01:00;7910541
2019-03-28T03:00:00+01:00;3382306
2019-03-28T04:00:00+01:00;5103457
2019-03-28T05:00:00+01:00;2922496
2019-03-28T06:00:00+01:00;2847590
2019-03-28T07:00:00+01:00;8853486
2019-03-28T08:00:00+01:00;6714562
2019-03-28T09:00:00+01:00;10292343
2019-03-28T10:00:00+01:00;7420142
2019-03-28T11:00:00+01:00;11357320
2019-03-28T12:00:00+01:00;12633309
2019-03-28T13:00:00+01:00;20736699
2019-03-28T14:00:00+01:00;19337042
2019-03-28T15:00:00+01:00;21763874
2019-03-28T16:00:00+01:00;22817757
2019-03-28T17:00:00+01:00;21602286
2019-03-28T18:00:00+01:00;24179865
2019-03-28T19:00:00+01:00;28838690
2019-03-28T20:00:00+01:00;31096115
2019-03-28T21:00:00+01:00;27664435
2019-03-28T22:00:00+01:00;25538372
2019-03-28T23:00:00+01:00;16328721
2019-03-29T00:00:00+01:00;8811212
2019-03-29T01:00:00+01:00;5193966
2019-03-29T02:00:00+01:00;2970994
2019-03-29T03:00:00+01:00;2054195
2019-03-29T04:00:00+01:00;2923867
2019-03-29T05:00:00+01:00;1321250
2019-03-29T06:00:00+01:00;1612970
2019-03-29T07:00:00+01:00;5829256
2019-03-29T08:00:00+01:00;5792938
2019-03-29T09:00:00+01:00;10687897
2019-03-29T10:00:00+01:00;8982118
2019-03-29T11:00:00+01:00;10554282
2019-03-29T12:00:00+01:00;20552448
2019-03-29T13:00:00+01:00;20629367
2019-03-29T14:00:00+01:00;8209859
2019-03-29T15:00:00+01:00;6689194
2019-03-29T16:00:00+01:00;7239697
2019-03-29T17:00:00+01:00;7756066
2019-03-29T18:00:00+01:00;14672366
2019-03-29T19:00:00+01:00;19848739
2019-03-29T20:00:00+01:00;27897026
2019-03-29T21:00:00+01:00;29997604
2019-03-29T22:00:00+01:00;26236928
2019-03-29T23:00:00+01:00;25826599
2019-03-30T00:00:00+01:00;16243507
2019-03-30T01:00:00+01:00;8347559
2019-03-30T02:00:00+01:00;6060458
2019-03-30T03:00:00+01:00;4103014
2019-03-30T04:00:00+01:00;2403396
2019-03-30T05:00:00+01:00;1456913
2019-03-30T06:00:00+01:00;1611741
2019-03-30T07:00:00+01:00;2797977
2019-03-30T08:00:00+01:00;7351244
2019-03-30T09:00:00+01:00;9201954
2019-03-30T10:00:00+01:00;15342882
2019-03-30T11:00:00+01:00;20692974
2019-03-30T12:00:00+01:00;17668403
2019-03-30T13:00:00+01:00;22161971
2019-03-30T14:00:00+01:00;22208102
2019-03-30T15:00:00+01:00;18373478
2019-03-30T16:00:00+01:00;17314389
2019-03-30T17:00:00+01:00;19613713
2019-03-30T18:00:00+01:00;19283916
2019-03-30T19:00:00+01:00;20786466
2019-03-30T20:00:00+01:00;23529403
2019-03-30T21:00:00+01:00;22098141
2019-03-30T22:00:00+01:00;24280456
2019-03-30T23:00:00+01:00;20309043
2019-03-31T00:00:00+01:00;14826666
2019-03-31T01:00:00+01:00;9125818
2019-03-31T03:00:00+02:00;5067878
2019-03-31T04:00:00+02:00;3105739
2019-03-31T05:00:00+02:00;6780433
2019-03-31T06:00:00+02:00;2077303
2019-03-31T07:00:00+02:00;1589930
2019-03-31T08:00:00+02:00;2762169
2019-03-31T09:00:00+02:00;9668232
2019-03-31T10:00:00+02:00;15069583
2019-03-31T11:00:00+02:00;16883370
2019-03-31T12:00:00+02:00;18813610
2019-03-31T13:00:00+02:00;25807069
2019-03-31T14:00:00+02:00;21599044
2019-03-31T15:00:00+02:00;19186193
2019-03-31T16:00:00+02:00;25044599
2019-03-31T17:00:00+02:00;25735850
2019-03-31T18:00:00+02:00;23344964
2019-03-31T19:00:00+02:00;26539895
2019-03-31T20:00:00+02:00;29444966
2019-03-31T21:00:00+02:00;29457373
2019-03-31T22:00:00+02:00;29465139
2019-03-31T23:00:00+02:00;19874696
2019-04-01T00:00:00+02:00;10328405
