Time;Number of bytes transmitted
2019-06-06T00:00:00+02:00;20557824
2019-06-06T00:01:00+02:00;23638016
2019-06-06T00:02:00+02:00;22553600
2019-06-06T00:03:00+02:00;16589824
2019-06-06T00:04:00+02:00;16589824
2019-06-06T00:05:00+02:00;20831232
2019-06-06T00:06:00+02:00;19510272
2019-06-06T00:07:00+02:00;21619712
2019-06-06T00:08:00+02:00;18931712
2019-06-06T00:09:00+02:00;18931712
2019-06-06T00:10:00+02:00;15814656
2019-06-06T00:11:00+02:00;16940032
2019-06-06T00:12:00+02:00;17291264
2019-06-06T00:13:00+02:00;18812928
2019-06-06T00:14:00+02:00;18812928
2019-06-06T00:15:00+02:00;14530560
2019-06-06T00:16:00+02:00;18587648
2019-06-06T00:17:00+02:00;15391744
2019-06-06T00:18:00+02:00;15391744
2019-06-06T00:19:00+02:00;14525440
2019-06-06T00:20:00+02:00;14675968
2019-06-06T00:21:00+02:00;17373184
2019-06-06T00:22:00+02:00;16549888
2019-06-06T00:23:00+02:00;16549888
2019-06-06T00:24:00+02:00;17273856
2019-06-06T00:25:00+02:00;15781888
2019-06-06T00:26:00+02:00;16993280
2019-06-06T00:27:00+02:00;16993280
2019-06-06T00:28:00+02:00;19886080
2019-06-06T00:29:00+02:00;17096704
2019-06-06T00:30:00+02:00;14300160
2019-06-06T00:31:00+02:00;15248384
2019-06-06T00:32:00+02:00;15248384
2019-06-06T00:33:00+02:00;13490176
2019-06-06T00:34:00+02:00;12996608
2019-06-06T00:35:00+02:00;11421696
2019-06-06T00:36:00+02:00;11421696
2019-06-06T00:37:00+02:00;14285824
2019-06-06T00:38:00+02:00;13389824
2019-06-06T00:39:00+02:00;16252928
2019-06-06T00:40:00+02:00;14126080
2019-06-06T00:41:00+02:00;14126080
2019-06-06T00:42:00+02:00;12325888
2019-06-06T00:43:00+02:00;14546944
2019-06-06T00:44:00+02:00;14377984
2019-06-06T00:45:00+02:00;14377984
2019-06-06T00:46:00+02:00;16001024
2019-06-06T00:47:00+02:00;16036864
2019-06-06T00:48:00+02:00;11797504
2019-06-06T00:49:00+02:00;11797504
2019-06-06T00:50:00+02:00;9195520
2019-06-06T00:51:00+02:00;10778624
2019-06-06T00:52:00+02:00;10953728
2019-06-06T00:53:00+02:00;8724480
2019-06-06T00:54:00+02:00;8724480
2019-06-06T00:55:00+02:00;10745856
2019-06-06T00:56:00+02:00;8426496
2019-06-06T00:57:00+02:00;8290304
2019-06-06T00:58:00+02:00;8290304
2019-06-06T00:59:00+02:00;9546752
2019-06-06T01:00:00+02:00;8354816
2019-06-06T01:01:00+02:00;21538816
2019-06-06T01:02:00+02:00;26688512
2019-06-06T01:03:00+02:00;26688512
2019-06-06T01:04:00+02:00;28891136
2019-06-06T01:05:00+02:00;29418496
2019-06-06T01:06:00+02:00;19950592
2019-06-06T01:07:00+02:00;19950592
2019-06-06T01:08:00+02:00;42235904
2019-06-06T01:09:00+02:00;20363264
2019-06-06T01:10:00+02:00;23963648
2019-06-06T01:11:00+02:00;14940160
2019-06-06T01:12:00+02:00;14940160
2019-06-06T01:13:00+02:00;46596096
2019-06-06T01:14:00+02:00;20648960
2019-06-06T01:15:00+02:00;29451264
2019-06-06T01:16:00+02:00;29451264
2019-06-06T01:17:00+02:00;23182336
2019-06-06T01:18:00+02:00;37512192
2019-06-06T01:19:00+02:00;20348928
2019-06-06T01:20:00+02:00;31708160
2019-06-06T01:21:00+02:00;31708160
2019-06-06T01:22:00+02:00;29578240
2019-06-06T01:23:00+02:00;37749760
2019-06-06T01:24:00+02:00;24422400
2019-06-06T01:25:00+02:00;24598528
2019-06-06T01:26:00+02:00;24598528
2019-06-06T01:27:00+02:00;26669056
2019-06-06T01:28:00+02:00;25889792
2019-06-06T01:29:00+02:00;23840768
2019-06-06T01:30:00+02:00;23056384
2019-06-06T01:31:00+02:00;23056384
2019-06-06T01:32:00+02:00;32953344
2019-06-06T01:33:00+02:00;21928960
2019-06-06T01:34:00+02:00;35316736
2019-06-06T01:35:00+02:00;35316736
2019-06-06T01:36:00+02:00;22462464
2019-06-06T01:37:00+02:00;41477120
2019-06-06T01:38:00+02:00;26893312
2019-06-06T01:39:00+02:00;37357568
2019-06-06T01:40:00+02:00;37357568
2019-06-06T01:41:00+02:00;28942336
2019-06-06T01:42:00+02:00;37021696
2019-06-06T01:43:00+02:00;23362560
2019-06-06T01:44:00+02:00;23362560
2019-06-06T01:45:00+02:00;26414080
2019-06-06T01:46:00+02:00;19597312
2019-06-06T01:47:00+02:00;23158784
2019-06-06T01:48:00+02:00;19420160
2019-06-06T01:49:00+02:00;19420160
2019-06-06T01:50:00+02:00;24799232
2019-06-06T01:51:00+02:00;24343552
2019-06-06T01:52:00+02:00;30660608
2019-06-06T01:53:00+02:00;30660608
2019-06-06T01:54:00+02:00;40160256
2019-06-06T01:55:00+02:00;34693120
2019-06-06T01:56:00+02:00;24085504
2019-06-06T01:57:00+02:00;49125376
2019-06-06T01:58:00+02:00;49125376
2019-06-06T01:59:00+02:00;4987904
2019-06-06T02:00:00+02:00;4594688
2019-06-06T02:01:00+02:00;10068992
2019-06-06T02:02:00+02:00;10068992
2019-06-06T02:03:00+02:00;17712128
2019-06-06T02:04:00+02:00;23947264
2019-06-06T02:05:00+02:00;25218048
2019-06-06T02:06:00+02:00;7023616
2019-06-06T02:07:00+02:00;7023616
2019-06-06T02:08:00+02:00;19867648
2019-06-06T02:09:00+02:00;23815168
2019-06-06T02:10:00+02:00;23627776
2019-06-06T02:11:00+02:00;27369472
2019-06-06T02:12:00+02:00;27369472
2019-06-06T02:13:00+02:00;19634176
2019-06-06T02:14:00+02:00;8035328
2019-06-06T02:15:00+02:00;31251456
2019-06-06T02:16:00+02:00;31251456
2019-06-06T02:17:00+02:00;31110144
2019-06-06T02:18:00+02:00;18911232
2019-06-06T02:19:00+02:00;16734208
2019-06-06T02:20:00+02:00;15415296
2019-06-06T02:21:00+02:00;15415296
2019-06-06T02:22:00+02:00;16487424
2019-06-06T02:23:00+02:00;19291136
2019-06-06T02:24:00+02:00;31350784
2019-06-06T02:25:00+02:00;36772864
2019-06-06T02:26:00+02:00;36772864
2019-06-06T02:27:00+02:00;28952576
2019-06-06T02:28:00+02:00;12375040
2019-06-06T02:29:00+02:00;17788928
2019-06-06T02:30:00+02:00;17788928
2019-06-06T02:31:00+02:00;17007616
2019-06-06T02:32:00+02:00;13967360
2019-06-06T02:33:00+02:00;22544384
2019-06-06T02:34:00+02:00;34857984
2019-06-06T02:35:00+02:00;34857984
2019-06-06T02:36:00+02:00;43678720
2019-06-06T02:37:00+02:00;46846976
2019-06-06T02:38:00+02:00;20136960
2019-06-06T02:39:00+02:00;20486144
2019-06-06T02:40:00+02:00;20486144
2019-06-06T02:41:00+02:00;29755392
2019-06-06T02:42:00+02:00;34208768
2019-06-06T02:43:00+02:00;14347264
2019-06-06T02:44:00+02:00;14347264
2019-06-06T02:45:00+02:00;22746112
2019-06-06T02:46:00+02:00;15835136
2019-06-06T02:47:00+02:00;22957056
2019-06-06T02:48:00+02:00;24029184
2019-06-06T02:49:00+02:00;24029184
2019-06-06T02:50:00+02:00;18689024
2019-06-06T02:51:00+02:00;31362048
2019-06-06T02:52:00+02:00;33510400
2019-06-06T02:53:00+02:00;33510400
2019-06-06T02:54:00+02:00;34886656
2019-06-06T02:55:00+02:00;33364992
2019-06-06T02:56:00+02:00;28856320
2019-06-06T02:57:00+02:00;22064128
2019-06-06T02:58:00+02:00;22064128
2019-06-06T02:59:00+02:00;22591488
2019-06-06T03:00:00+02:00;27791360
2019-06-06T03:01:00+02:00;16024576
2019-06-06T03:02:00+02:00;16024576
2019-06-06T03:03:00+02:00;33105920
2019-06-06T03:04:00+02:00;19551232
2019-06-06T03:05:00+02:00;31078400
2019-06-06T03:06:00+02:00;16583680
2019-06-06T03:07:00+02:00;16583680
2019-06-06T03:08:00+02:00;26696704
2019-06-06T03:09:00+02:00;20672512
2019-06-06T03:10:00+02:00;13100032
2019-06-06T03:11:00+02:00;13100032
2019-06-06T03:12:00+02:00;17329152
2019-06-06T03:13:00+02:00;18983936
2019-06-06T03:14:00+02:00;20152320
2019-06-06T03:15:00+02:00;14644224
2019-06-06T03:16:00+02:00;14644224
2019-06-06T03:17:00+02:00;14075904
2019-06-06T03:18:00+02:00;25574400
2019-06-06T03:19:00+02:00;19241984
2019-06-06T03:20:00+02:00;19241984
2019-06-06T03:21:00+02:00;20359168
2019-06-06T03:22:00+02:00;20202496
2019-06-06T03:23:00+02:00;17416192
2019-06-06T03:24:00+02:00;15218688
2019-06-06T03:25:00+02:00;15218688
2019-06-06T03:26:00+02:00;11224064
2019-06-06T03:27:00+02:00;20457472
2019-06-06T03:28:00+02:00;7763968
2019-06-06T03:29:00+02:00;12181504
2019-06-06T03:30:00+02:00;12181504
2019-06-06T03:31:00+02:00;9955328
2019-06-06T03:32:00+02:00;4669440
2019-06-06T03:33:00+02:00;12537856
2019-06-06T03:34:00+02:00;12537856
2019-06-06T03:35:00+02:00;18001920
2019-06-06T03:36:00+02:00;21634048
2019-06-06T03:37:00+02:00;20815872
2019-06-06T03:38:00+02:00;16711680
2019-06-06T03:39:00+02:00;16711680
2019-06-06T03:40:00+02:00;23867392
2019-06-06T03:41:00+02:00;15784960
2019-06-06T03:42:00+02:00;25332736
2019-06-06T03:43:00+02:00;21286912
2019-06-06T03:44:00+02:00;21286912
2019-06-06T03:45:00+02:00;19434496
2019-06-06T03:46:00+02:00;14542848
2019-06-06T03:47:00+02:00;22567936
2019-06-06T03:48:00+02:00;22567936
2019-06-06T03:49:00+02:00;18506752
2019-06-06T03:50:00+02:00;29767680
2019-06-06T03:51:00+02:00;17144832
2019-06-06T03:52:00+02:00;31617024
2019-06-06T03:53:00+02:00;31617024
2019-06-06T03:54:00+02:00;30071808
2019-06-06T03:55:00+02:00;42392576
2019-06-06T03:56:00+02:00;36935680
2019-06-06T03:57:00+02:00;36935680
2019-06-06T03:58:00+02:00;46990336
2019-06-06T03:59:00+02:00;44633088
2019-06-06T04:00:00+02:00;38920192
2019-06-06T04:01:00+02:00;43169792
2019-06-06T04:02:00+02:00;43169792
2019-06-06T04:03:00+02:00;21363712
2019-06-06T04:04:00+02:00;31360000
2019-06-06T04:05:00+02:00;16390144
2019-06-06T04:06:00+02:00;16390144
2019-06-06T04:07:00+02:00;33438720
2019-06-06T04:08:00+02:00;28879872
2019-06-06T04:09:00+02:00;27166720
2019-06-06T04:10:00+02:00;42593280
2019-06-06T04:11:00+02:00;42593280
2019-06-06T04:12:00+02:00;66279424
2019-06-06T04:13:00+02:00;44780544
2019-06-06T04:14:00+02:00;42616832
2019-06-06T04:15:00+02:00;42616832
2019-06-06T04:16:00+02:00;28275712
2019-06-06T04:17:00+02:00;79177728
2019-06-06T04:18:00+02:00;2443264
2019-06-06T04:19:00+02:00;2096128
2019-06-06T04:20:00+02:00;2096128
2019-06-06T04:21:00+02:00;2221056
2019-06-06T04:22:00+02:00;2867200
2019-06-06T04:23:00+02:00;2618368
2019-06-06T04:24:00+02:00;2909184
2019-06-06T04:25:00+02:00;2909184
2019-06-06T04:26:00+02:00;5504000
2019-06-06T04:27:00+02:00;null
2019-06-06T04:28:00+02:00;2701312
2019-06-06T04:29:00+02:00;2701312
2019-06-06T04:30:00+02:00;8742912
2019-06-06T04:31:00+02:00;4958208
2019-06-06T04:32:00+02:00;6796288
2019-06-06T04:33:00+02:00;6796288
2019-06-06T04:34:00+02:00;3736576
2019-06-06T04:35:00+02:00;4542464
2019-06-06T04:36:00+02:00;2388992
2019-06-06T04:37:00+02:00;10082304
2019-06-06T04:38:00+02:00;10082304
2019-06-06T04:39:00+02:00;2571264
2019-06-06T04:40:00+02:00;1472512
2019-06-06T04:41:00+02:00;2481152
2019-06-06T04:42:00+02:00;1620992
2019-06-06T04:43:00+02:00;1620992
2019-06-06T04:44:00+02:00;1757184
2019-06-06T04:45:00+02:00;1853440
2019-06-06T04:46:00+02:00;1503232
2019-06-06T04:47:00+02:00;1503232
2019-06-06T04:48:00+02:00;2601984
2019-06-06T04:49:00+02:00;2131968
2019-06-06T04:50:00+02:00;1879040
2019-06-06T04:51:00+02:00;1741824
2019-06-06T04:52:00+02:00;1741824
2019-06-06T04:53:00+02:00;1505280
2019-06-06T04:54:00+02:00;1856512
2019-06-06T04:55:00+02:00;3188736
2019-06-06T04:56:00+02:00;1982464
2019-06-06T04:57:00+02:00;1982464
2019-06-06T04:58:00+02:00;1455104
2019-06-06T04:59:00+02:00;2020352
2019-06-06T05:00:00+02:00;1969152
2019-06-06T05:01:00+02:00;1969152
2019-06-06T05:02:00+02:00;1149952
2019-06-06T05:03:00+02:00;1658880
2019-06-06T05:04:00+02:00;2812928
2019-06-06T05:05:00+02:00;2446336
2019-06-06T05:06:00+02:00;2446336
2019-06-06T05:07:00+02:00;2941952
2019-06-06T05:08:00+02:00;2787328
2019-06-06T05:09:00+02:00;3217408
2019-06-06T05:10:00+02:00;2819072
2019-06-06T05:11:00+02:00;2819072
2019-06-06T05:12:00+02:00;3025920
2019-06-06T05:13:00+02:00;2739200
2019-06-06T05:14:00+02:00;2893824
2019-06-06T05:15:00+02:00;2893824
2019-06-06T05:16:00+02:00;3209216
2019-06-06T05:17:00+02:00;2643968
2019-06-06T05:18:00+02:00;2491392
2019-06-06T05:19:00+02:00;2844672
2019-06-06T05:20:00+02:00;2844672
2019-06-06T05:21:00+02:00;2656256
2019-06-06T05:22:00+02:00;2759680
2019-06-06T05:23:00+02:00;2855936
2019-06-06T05:24:00+02:00;2855936
2019-06-06T05:25:00+02:00;2539520
2019-06-06T05:26:00+02:00;2945024
2019-06-06T05:27:00+02:00;539648
2019-06-06T05:28:00+02:00;2173952
2019-06-06T05:29:00+02:00;2173952
2019-06-06T05:30:00+02:00;827392
2019-06-06T05:31:00+02:00;945152
2019-06-06T05:32:00+02:00;2828288
2019-06-06T05:33:00+02:00;2828288
2019-06-06T05:34:00+02:00;1697792
2019-06-06T05:35:00+02:00;1294336
2019-06-06T05:36:00+02:00;1192960
2019-06-06T05:37:00+02:00;1157120
2019-06-06T05:38:00+02:00;1157120
2019-06-06T05:39:00+02:00;1305600
2019-06-06T05:40:00+02:00;8847360
2019-06-06T05:41:00+02:00;1110016
2019-06-06T05:42:00+02:00;1110016
2019-06-06T05:43:00+02:00;407552
2019-06-06T05:44:00+02:00;586752
2019-06-06T05:45:00+02:00;230400
2019-06-06T05:46:00+02:00;480256
2019-06-06T05:47:00+02:00;480256
2019-06-06T05:48:00+02:00;397312
2019-06-06T05:49:00+02:00;194560
2019-06-06T05:50:00+02:00;701440
2019-06-06T05:51:00+02:00;701440
2019-06-06T05:52:00+02:00;303104
2019-06-06T05:53:00+02:00;378880
2019-06-06T05:54:00+02:00;486400
2019-06-06T05:55:00+02:00;712704
2019-06-06T05:56:00+02:00;712704
2019-06-06T05:57:00+02:00;436224
2019-06-06T05:58:00+02:00;591872
2019-06-06T05:59:00+02:00;762880
2019-06-06T06:00:00+02:00;762880
2019-06-06T06:01:00+02:00;906240
2019-06-06T06:02:00+02:00;873472
2019-06-06T06:03:00+02:00;431104
2019-06-06T06:04:00+02:00;414720
2019-06-06T06:05:00+02:00;414720
2019-06-06T06:06:00+02:00;326656
2019-06-06T06:07:00+02:00;1127424
2019-06-06T06:08:00+02:00;880640
2019-06-06T06:09:00+02:00;606208
2019-06-06T06:10:00+02:00;606208
2019-06-06T06:11:00+02:00;1184768
2019-06-06T06:12:00+02:00;1053696
2019-06-06T06:13:00+02:00;284672
2019-06-06T06:14:00+02:00;284672
2019-06-06T06:15:00+02:00;800768
2019-06-06T06:16:00+02:00;1141760
2019-06-06T06:17:00+02:00;287744
2019-06-06T06:18:00+02:00;339968
2019-06-06T06:19:00+02:00;339968
2019-06-06T06:20:00+02:00;524288
2019-06-06T06:21:00+02:00;489472
2019-06-06T06:22:00+02:00;1297408
2019-06-06T06:23:00+02:00;260096
2019-06-06T06:24:00+02:00;260096
2019-06-06T06:25:00+02:00;310272
2019-06-06T06:26:00+02:00;1633280
2019-06-06T06:27:00+02:00;1081344
2019-06-06T06:28:00+02:00;1081344
2019-06-06T06:29:00+02:00;646144
2019-06-06T06:30:00+02:00;1374208
2019-06-06T06:31:00+02:00;1709056
2019-06-06T06:32:00+02:00;1002496
2019-06-06T06:33:00+02:00;1002496
2019-06-06T06:34:00+02:00;547840
2019-06-06T06:35:00+02:00;370688
2019-06-06T06:36:00+02:00;1095680
2019-06-06T06:37:00+02:00;1422336
2019-06-06T06:38:00+02:00;1422336
2019-06-06T06:39:00+02:00;1849344
2019-06-06T06:40:00+02:00;936960
2019-06-06T06:41:00+02:00;1035264
2019-06-06T06:42:00+02:00;855040
2019-06-06T06:43:00+02:00;855040
2019-06-06T06:44:00+02:00;1942528
2019-06-06T06:45:00+02:00;1815552
2019-06-06T06:46:00+02:00;793600
2019-06-06T06:47:00+02:00;793600
2019-06-06T06:48:00+02:00;3093504
2019-06-06T06:49:00+02:00;1750016
2019-06-06T06:50:00+02:00;2078720
2019-06-06T06:51:00+02:00;1141760
2019-06-06T06:52:00+02:00;1141760
2019-06-06T06:53:00+02:00;572416
2019-06-06T06:54:00+02:00;2112512
2019-06-06T06:55:00+02:00;3632128
2019-06-06T06:56:00+02:00;3580928
2019-06-06T06:57:00+02:00;3580928
2019-06-06T06:58:00+02:00;2219008
2019-06-06T06:59:00+02:00;2102272
2019-06-06T07:00:00+02:00;2421760
2019-06-06T07:01:00+02:00;2421760
2019-06-06T07:02:00+02:00;3241984
2019-06-06T07:03:00+02:00;2333696
2019-06-06T07:04:00+02:00;5049344
2019-06-06T07:05:00+02:00;2247680
2019-06-06T07:06:00+02:00;2247680
2019-06-06T07:07:00+02:00;2536448
2019-06-06T07:08:00+02:00;3613696
2019-06-06T07:09:00+02:00;4221952
2019-06-06T07:10:00+02:00;4221952
2019-06-06T07:11:00+02:00;5004288
2019-06-06T07:12:00+02:00;4580352
2019-06-06T07:13:00+02:00;5089280
2019-06-06T07:14:00+02:00;7212032
2019-06-06T07:15:00+02:00;7212032
2019-06-06T07:16:00+02:00;6892544
2019-06-06T07:17:00+02:00;5123072
2019-06-06T07:18:00+02:00;4398080
2019-06-06T07:19:00+02:00;3354624
2019-06-06T07:20:00+02:00;3354624
2019-06-06T07:21:00+02:00;5143552
2019-06-06T07:22:00+02:00;6226944
2019-06-06T07:23:00+02:00;4510720
2019-06-06T07:24:00+02:00;4510720
2019-06-06T07:25:00+02:00;6662144
2019-06-06T07:26:00+02:00;6905856
2019-06-06T07:27:00+02:00;5787648
2019-06-06T07:28:00+02:00;6231040
2019-06-06T07:29:00+02:00;6231040
2019-06-06T07:30:00+02:00;7462912
2019-06-06T07:31:00+02:00;6587392
2019-06-06T07:32:00+02:00;7320576
2019-06-06T07:33:00+02:00;7320576
2019-06-06T07:34:00+02:00;9239552
2019-06-06T07:35:00+02:00;9442304
2019-06-06T07:36:00+02:00;4848640
2019-06-06T07:37:00+02:00;7305216
2019-06-06T07:38:00+02:00;7305216
2019-06-06T07:39:00+02:00;6813696
2019-06-06T07:40:00+02:00;5929984
2019-06-06T07:41:00+02:00;4982784
2019-06-06T07:42:00+02:00;4982784
2019-06-06T07:43:00+02:00;5854208
2019-06-06T07:44:00+02:00;6619136
2019-06-06T07:45:00+02:00;5394432
2019-06-06T07:46:00+02:00;6441984
2019-06-06T07:47:00+02:00;6441984
2019-06-06T07:48:00+02:00;7808000
2019-06-06T07:49:00+02:00;4602880
2019-06-06T07:50:00+02:00;6111232
2019-06-06T07:51:00+02:00;6111232
2019-06-06T07:52:00+02:00;5938176
2019-06-06T07:53:00+02:00;5965824
2019-06-06T07:54:00+02:00;7504896
2019-06-06T07:55:00+02:00;5738496
2019-06-06T07:56:00+02:00;5738496
2019-06-06T07:57:00+02:00;7056384
2019-06-06T07:58:00+02:00;8547328
2019-06-06T07:59:00+02:00;8147968
2019-06-06T08:00:00+02:00;8147968
2019-06-06T08:01:00+02:00;7139328
2019-06-06T08:02:00+02:00;11247616
2019-06-06T08:03:00+02:00;7689216
2019-06-06T08:04:00+02:00;9784320
2019-06-06T08:05:00+02:00;9784320
2019-06-06T08:06:00+02:00;7533568
2019-06-06T08:07:00+02:00;8840192
2019-06-06T08:08:00+02:00;null
2019-06-06T08:09:00+02:00;null
2019-06-06T08:10:00+02:00;5778432
2019-06-06T08:11:00+02:00;5899264
2019-06-06T08:12:00+02:00;4764672
2019-06-06T08:13:00+02:00;4764672
2019-06-06T08:14:00+02:00;8487936
2019-06-06T08:15:00+02:00;10637312
2019-06-06T08:16:00+02:00;8346624
2019-06-06T08:17:00+02:00;10701824
2019-06-06T08:18:00+02:00;10701824
2019-06-06T08:19:00+02:00;9460736
2019-06-06T08:20:00+02:00;9764864
2019-06-06T08:21:00+02:00;8877056
2019-06-06T08:22:00+02:00;8877056
2019-06-06T08:23:00+02:00;8981504
2019-06-06T08:24:00+02:00;8108032
2019-06-06T08:25:00+02:00;7792640
2019-06-06T08:26:00+02:00;null
2019-06-06T08:27:00+02:00;null
2019-06-06T08:28:00+02:00;39015424
2019-06-06T08:29:00+02:00;34597888
2019-06-06T08:30:00+02:00;10863616
2019-06-06T08:31:00+02:00;10863616
2019-06-06T08:32:00+02:00;13730816
2019-06-06T08:33:00+02:00;11952128
2019-06-06T08:34:00+02:00;8645632
2019-06-06T08:35:00+02:00;8322048
2019-06-06T08:36:00+02:00;8322048
2019-06-06T08:37:00+02:00;8285184
2019-06-06T08:38:00+02:00;11847680
2019-06-06T08:39:00+02:00;9543680
2019-06-06T08:40:00+02:00;9543680
2019-06-06T08:41:00+02:00;10164224
2019-06-06T08:42:00+02:00;9586688
2019-06-06T08:43:00+02:00;10808320
2019-06-06T08:44:00+02:00;9292800
2019-06-06T08:45:00+02:00;9292800
2019-06-06T08:46:00+02:00;10815488
2019-06-06T08:47:00+02:00;12710912
2019-06-06T08:48:00+02:00;16843776
2019-06-06T08:49:00+02:00;10472448
2019-06-06T08:50:00+02:00;10472448
2019-06-06T08:51:00+02:00;13488128
2019-06-06T08:52:00+02:00;13656064
2019-06-06T08:53:00+02:00;12926976
2019-06-06T08:54:00+02:00;12926976
2019-06-06T08:55:00+02:00;10203136
2019-06-06T08:56:00+02:00;10473472
2019-06-06T08:57:00+02:00;13881344
2019-06-06T08:58:00+02:00;12715008
2019-06-06T08:59:00+02:00;12715008
2019-06-06T09:00:00+02:00;18031616
2019-06-06T09:01:00+02:00;15148032
2019-06-06T09:02:00+02:00;14045184
2019-06-06T09:03:00+02:00;14045184
2019-06-06T09:04:00+02:00;14830592
2019-06-06T09:05:00+02:00;15430656
2019-06-06T09:06:00+02:00;18280448
2019-06-06T09:07:00+02:00;14911488
2019-06-06T09:08:00+02:00;14911488
2019-06-06T09:09:00+02:00;13047808
2019-06-06T09:10:00+02:00;15464448
2019-06-06T09:11:00+02:00;12347392
2019-06-06T09:12:00+02:00;12347392
2019-06-06T09:13:00+02:00;15535104
2019-06-06T09:14:00+02:00;13426688
2019-06-06T09:15:00+02:00;41207808
2019-06-06T09:16:00+02:00;29158400
2019-06-06T09:17:00+02:00;29158400
2019-06-06T09:18:00+02:00;29322240
2019-06-06T09:19:00+02:00;12848128
2019-06-06T09:20:00+02:00;24066048
2019-06-06T09:21:00+02:00;24066048
2019-06-06T09:22:00+02:00;18351104
2019-06-06T09:23:00+02:00;14005248
2019-06-06T09:24:00+02:00;16545792
2019-06-06T09:25:00+02:00;11525120
2019-06-06T09:26:00+02:00;11525120
2019-06-06T09:27:00+02:00;25525248
2019-06-06T09:28:00+02:00;11049984
2019-06-06T09:29:00+02:00;11553792
2019-06-06T09:30:00+02:00;10817536
2019-06-06T09:31:00+02:00;10817536
2019-06-06T09:32:00+02:00;12015616
2019-06-06T09:33:00+02:00;17576960
2019-06-06T09:34:00+02:00;17745920
2019-06-06T09:35:00+02:00;17745920
2019-06-06T09:36:00+02:00;13557760
2019-06-06T09:37:00+02:00;12444672
2019-06-06T09:38:00+02:00;13928448
2019-06-06T09:39:00+02:00;null
2019-06-06T09:40:00+02:00;null
2019-06-06T09:41:00+02:00;10681344
2019-06-06T09:42:00+02:00;12664832
2019-06-06T09:43:00+02:00;10328064
2019-06-06T09:44:00+02:00;12615680
2019-06-06T09:45:00+02:00;12615680
2019-06-06T09:46:00+02:00;11481088
2019-06-06T09:47:00+02:00;10302464
2019-06-06T09:48:00+02:00;14717952
2019-06-06T09:49:00+02:00;14717952
2019-06-06T09:50:00+02:00;12041216
2019-06-06T09:51:00+02:00;12301312
2019-06-06T09:52:00+02:00;14903296
2019-06-06T09:53:00+02:00;null
2019-06-06T09:54:00+02:00;null
2019-06-06T09:55:00+02:00;13314048
2019-06-06T09:56:00+02:00;10977280
2019-06-06T09:57:00+02:00;10055680
2019-06-06T09:58:00+02:00;10055680
2019-06-06T09:59:00+02:00;9359360
2019-06-06T10:00:00+02:00;11268096
2019-06-06T10:01:00+02:00;12640256
2019-06-06T10:02:00+02:00;12453888
2019-06-06T10:03:00+02:00;12453888
2019-06-06T10:04:00+02:00;13237248
2019-06-06T10:05:00+02:00;11531264
2019-06-06T10:06:00+02:00;10722304
2019-06-06T10:07:00+02:00;12024832
2019-06-06T10:08:00+02:00;12024832
2019-06-06T10:09:00+02:00;10309632
2019-06-06T10:10:00+02:00;10589184
2019-06-06T10:11:00+02:00;13196288
2019-06-06T10:12:00+02:00;13196288
2019-06-06T10:13:00+02:00;18368512
2019-06-06T10:14:00+02:00;17737728
2019-06-06T10:15:00+02:00;16867328
2019-06-06T10:16:00+02:00;14346240
2019-06-06T10:17:00+02:00;14346240
2019-06-06T10:18:00+02:00;18273280
2019-06-06T10:19:00+02:00;16538624
2019-06-06T10:20:00+02:00;18945024
2019-06-06T10:21:00+02:00;18945024
2019-06-06T10:22:00+02:00;19436544
2019-06-06T10:23:00+02:00;21101568
2019-06-06T10:24:00+02:00;22217728
2019-06-06T10:25:00+02:00;20015104
2019-06-06T10:26:00+02:00;20015104
2019-06-06T10:27:00+02:00;20631552
2019-06-06T10:28:00+02:00;23475200
2019-06-06T10:29:00+02:00;27005952
2019-06-06T10:30:00+02:00;27005952
2019-06-06T10:31:00+02:00;22963200
2019-06-06T10:32:00+02:00;25973760
2019-06-06T10:33:00+02:00;24343552
2019-06-06T10:34:00+02:00;22209536
2019-06-06T10:35:00+02:00;22209536
2019-06-06T10:36:00+02:00;22403072
2019-06-06T10:37:00+02:00;21102592
2019-06-06T10:38:00+02:00;23136256
2019-06-06T10:39:00+02:00;23136256
2019-06-06T10:40:00+02:00;21915648
2019-06-06T10:41:00+02:00;21279744
2019-06-06T10:42:00+02:00;22210560
2019-06-06T10:43:00+02:00;26936320
2019-06-06T10:44:00+02:00;26936320
2019-06-06T10:45:00+02:00;24458240
2019-06-06T10:46:00+02:00;24151040
2019-06-06T10:47:00+02:00;24955904
2019-06-06T10:48:00+02:00;24955904
2019-06-06T10:49:00+02:00;20467712
2019-06-06T10:50:00+02:00;21527552
2019-06-06T10:51:00+02:00;19428352
2019-06-06T10:52:00+02:00;19428352
2019-06-06T10:53:00+02:00;19952640
2019-06-06T10:54:00+02:00;24259584
2019-06-06T10:55:00+02:00;22830080
2019-06-06T10:56:00+02:00;25492480
2019-06-06T10:57:00+02:00;25492480
2019-06-06T10:58:00+02:00;21060608
2019-06-06T10:59:00+02:00;37909504
2019-06-06T11:00:00+02:00;19660800
2019-06-06T11:01:00+02:00;19660800
2019-06-06T11:02:00+02:00;19893248
2019-06-06T11:03:00+02:00;33776640
2019-06-06T11:04:00+02:00;40445952
2019-06-06T11:05:00+02:00;21745664
2019-06-06T11:06:00+02:00;21745664
2019-06-06T11:07:00+02:00;23063552
2019-06-06T11:08:00+02:00;23270400
2019-06-06T11:09:00+02:00;21369856
2019-06-06T11:10:00+02:00;21369856
2019-06-06T11:11:00+02:00;18122752
2019-06-06T11:12:00+02:00;20737024
2019-06-06T11:13:00+02:00;19532800
2019-06-06T11:14:00+02:00;17459200
2019-06-06T11:15:00+02:00;17459200
2019-06-06T11:16:00+02:00;22372352
2019-06-06T11:17:00+02:00;22725632
2019-06-06T11:18:00+02:00;17033216
2019-06-06T11:19:00+02:00;17033216
2019-06-06T11:20:00+02:00;18742272
2019-06-06T11:21:00+02:00;18256896
2019-06-06T11:22:00+02:00;18017280
2019-06-06T11:23:00+02:00;14995456
2019-06-06T11:24:00+02:00;14995456
2019-06-06T11:25:00+02:00;17893376
2019-06-06T11:26:00+02:00;15875072
2019-06-06T11:27:00+02:00;14101504
2019-06-06T11:28:00+02:00;13810688
2019-06-06T11:29:00+02:00;13810688
2019-06-06T11:30:00+02:00;13865984
2019-06-06T11:31:00+02:00;11765760
2019-06-06T11:32:00+02:00;11159552
2019-06-06T11:33:00+02:00;11159552
2019-06-06T11:34:00+02:00;13511680
2019-06-06T11:35:00+02:00;13068288
2019-06-06T11:36:00+02:00;10943488
2019-06-06T11:37:00+02:00;10345472
2019-06-06T11:38:00+02:00;10345472
2019-06-06T11:39:00+02:00;9836544
2019-06-06T11:40:00+02:00;9548800
2019-06-06T11:41:00+02:00;6097920
2019-06-06T11:42:00+02:00;6097920
2019-06-06T11:43:00+02:00;12046336
2019-06-06T11:44:00+02:00;10013696
2019-06-06T11:45:00+02:00;13074432
2019-06-06T11:46:00+02:00;14560256
2019-06-06T11:47:00+02:00;14560256
2019-06-06T11:48:00+02:00;9368576
2019-06-06T11:49:00+02:00;8887296
2019-06-06T11:50:00+02:00;10218496
2019-06-06T11:51:00+02:00;10218496
2019-06-06T11:52:00+02:00;12753920
2019-06-06T11:53:00+02:00;10757120
2019-06-06T11:54:00+02:00;32476160
2019-06-06T11:55:00+02:00;30664704
2019-06-06T11:56:00+02:00;30664704
2019-06-06T11:57:00+02:00;29606912
2019-06-06T11:58:00+02:00;25363456
2019-06-06T11:59:00+02:00;33005568
2019-06-06T12:00:00+02:00;32197632
2019-06-06T12:01:00+02:00;32197632
2019-06-06T12:02:00+02:00;29491200
2019-06-06T12:03:00+02:00;9763840
2019-06-06T12:04:00+02:00;10007552
2019-06-06T12:05:00+02:00;10007552
2019-06-06T12:06:00+02:00;8141824
2019-06-06T12:07:00+02:00;9585664
2019-06-06T12:08:00+02:00;10743808
2019-06-06T12:09:00+02:00;10743808
2019-06-06T12:10:00+02:00;8600576
2019-06-06T12:11:00+02:00;8274944
2019-06-06T12:12:00+02:00;11314176
2019-06-06T12:13:00+02:00;10279936
2019-06-06T12:14:00+02:00;10279936
2019-06-06T12:15:00+02:00;8861696
2019-06-06T12:16:00+02:00;9626624
2019-06-06T12:17:00+02:00;12077056
2019-06-06T12:18:00+02:00;12077056
2019-06-06T12:19:00+02:00;12296192
2019-06-06T12:20:00+02:00;10366976
2019-06-06T12:21:00+02:00;12504064
2019-06-06T12:22:00+02:00;12866560
2019-06-06T12:23:00+02:00;12866560
2019-06-06T12:24:00+02:00;12971008
2019-06-06T12:25:00+02:00;13109248
2019-06-06T12:26:00+02:00;16040960
2019-06-06T12:27:00+02:00;15473664
2019-06-06T12:28:00+02:00;15473664
2019-06-06T12:29:00+02:00;12795904
2019-06-06T12:30:00+02:00;17605632
2019-06-06T12:31:00+02:00;15128576
2019-06-06T12:32:00+02:00;15128576
2019-06-06T12:33:00+02:00;16542720
2019-06-06T12:34:00+02:00;17246208
2019-06-06T12:35:00+02:00;16023552
2019-06-06T12:36:00+02:00;25026560
2019-06-06T12:37:00+02:00;25026560
2019-06-06T12:38:00+02:00;17583104
2019-06-06T12:39:00+02:00;14870528
2019-06-06T12:40:00+02:00;20305920
2019-06-06T12:41:00+02:00;20305920
2019-06-06T12:42:00+02:00;21800960
2019-06-06T12:43:00+02:00;16463872
2019-06-06T12:44:00+02:00;18855936
2019-06-06T12:45:00+02:00;18179072
2019-06-06T12:46:00+02:00;18179072
2019-06-06T12:47:00+02:00;17854464
2019-06-06T12:48:00+02:00;22330368
2019-06-06T12:49:00+02:00;19311616
2019-06-06T12:50:00+02:00;19311616
2019-06-06T12:51:00+02:00;16917504
2019-06-06T12:52:00+02:00;25768960
2019-06-06T12:53:00+02:00;28874752
2019-06-06T12:54:00+02:00;28874752
2019-06-06T12:55:00+02:00;28680192
2019-06-06T12:56:00+02:00;34345984
2019-06-06T12:57:00+02:00;26695680
2019-06-06T12:58:00+02:00;22658048
2019-06-06T12:59:00+02:00;22658048
2019-06-06T13:00:00+02:00;24305664
2019-06-06T13:01:00+02:00;22778880
2019-06-06T13:02:00+02:00;23745536
2019-06-06T13:03:00+02:00;23745536
2019-06-06T13:04:00+02:00;22553600
2019-06-06T13:05:00+02:00;25637888
2019-06-06T13:06:00+02:00;23283712
2019-06-06T13:07:00+02:00;36899840
2019-06-06T13:08:00+02:00;36899840
2019-06-06T13:09:00+02:00;21740544
2019-06-06T13:10:00+02:00;21767168
2019-06-06T13:11:00+02:00;19191808
2019-06-06T13:12:00+02:00;19191808
2019-06-06T13:13:00+02:00;21506048
2019-06-06T13:14:00+02:00;22448128
2019-06-06T13:15:00+02:00;19368960
2019-06-06T13:16:00+02:00;22118400
2019-06-06T13:17:00+02:00;22118400
2019-06-06T13:18:00+02:00;20653056
2019-06-06T13:19:00+02:00;24623104
2019-06-06T13:20:00+02:00;23946240
2019-06-06T13:21:00+02:00;23946240
2019-06-06T13:22:00+02:00;24765440
2019-06-06T13:23:00+02:00;22590464
2019-06-06T13:24:00+02:00;24844288
2019-06-06T13:25:00+02:00;20588544
2019-06-06T13:26:00+02:00;20588544
2019-06-06T13:27:00+02:00;17996800
2019-06-06T13:28:00+02:00;17770496
2019-06-06T13:29:00+02:00;43560960
2019-06-06T13:30:00+02:00;43560960
2019-06-06T13:31:00+02:00;29613056
2019-06-06T13:32:00+02:00;34259968
2019-06-06T13:33:00+02:00;35919872
2019-06-06T13:34:00+02:00;20332544
2019-06-06T13:35:00+02:00;20332544
2019-06-06T13:36:00+02:00;42085376
2019-06-06T13:37:00+02:00;30067712
2019-06-06T13:38:00+02:00;26246144
2019-06-06T13:39:00+02:00;47794176
2019-06-06T13:40:00+02:00;47794176
2019-06-06T13:41:00+02:00;37093376
2019-06-06T13:42:00+02:00;54837248
2019-06-06T13:43:00+02:00;34418688
2019-06-06T13:44:00+02:00;34418688
2019-06-06T13:45:00+02:00;30751744
2019-06-06T13:46:00+02:00;26350592
2019-06-06T13:47:00+02:00;50915328
2019-06-06T13:48:00+02:00;41308160
2019-06-06T13:49:00+02:00;41308160
2019-06-06T13:50:00+02:00;36402176
2019-06-06T13:51:00+02:00;44498944
2019-06-06T13:52:00+02:00;38779904
2019-06-06T13:53:00+02:00;38779904
2019-06-06T13:54:00+02:00;33073152
2019-06-06T13:55:00+02:00;32801792
2019-06-06T13:56:00+02:00;59290624
2019-06-06T13:57:00+02:00;33097728
2019-06-06T13:58:00+02:00;33097728
2019-06-06T13:59:00+02:00;38518784
2019-06-06T14:00:00+02:00;45995008
2019-06-06T14:01:00+02:00;47753216
2019-06-06T14:02:00+02:00;25077760
2019-06-06T14:03:00+02:00;25077760
2019-06-06T14:04:00+02:00;31589376
2019-06-06T14:05:00+02:00;27071488
2019-06-06T14:06:00+02:00;25117696
2019-06-06T14:07:00+02:00;25117696
2019-06-06T14:08:00+02:00;25942016
2019-06-06T14:09:00+02:00;26484736
2019-06-06T14:10:00+02:00;28542976
2019-06-06T14:11:00+02:00;25497600
2019-06-06T14:12:00+02:00;25497600
2019-06-06T14:13:00+02:00;29478912
2019-06-06T14:14:00+02:00;24468480
2019-06-06T14:15:00+02:00;30441472
2019-06-06T14:16:00+02:00;30441472
2019-06-06T14:17:00+02:00;26902528
2019-06-06T14:18:00+02:00;23723008
2019-06-06T14:19:00+02:00;23982080
2019-06-06T14:20:00+02:00;23788544
2019-06-06T14:21:00+02:00;23788544
2019-06-06T14:22:00+02:00;22333440
2019-06-06T14:23:00+02:00;23997440
2019-06-06T14:24:00+02:00;27546624
2019-06-06T14:25:00+02:00;27546624
2019-06-06T14:26:00+02:00;24945664
2019-06-06T14:27:00+02:00;24912896
2019-06-06T14:28:00+02:00;22825984
2019-06-06T14:29:00+02:00;20012032
2019-06-06T14:30:00+02:00;20012032
2019-06-06T14:31:00+02:00;16992256
2019-06-06T14:32:00+02:00;18982912
2019-06-06T14:33:00+02:00;20990976
2019-06-06T14:34:00+02:00;20990976
2019-06-06T14:35:00+02:00;19008512
2019-06-06T14:36:00+02:00;16771072
2019-06-06T14:37:00+02:00;17017856
2019-06-06T14:38:00+02:00;20968448
2019-06-06T14:39:00+02:00;20968448
2019-06-06T14:40:00+02:00;21266432
2019-06-06T14:41:00+02:00;17710080
2019-06-06T14:42:00+02:00;19893248
2019-06-06T14:43:00+02:00;19893248
2019-06-06T14:44:00+02:00;20198400
2019-06-06T14:45:00+02:00;19064832
2019-06-06T14:46:00+02:00;21196800
2019-06-06T14:47:00+02:00;23586816
2019-06-06T14:48:00+02:00;23586816
2019-06-06T14:49:00+02:00;19944448
2019-06-06T14:50:00+02:00;21946368
2019-06-06T14:51:00+02:00;21761024
2019-06-06T14:52:00+02:00;21761024
2019-06-06T14:53:00+02:00;48787456
2019-06-06T14:54:00+02:00;25267200
2019-06-06T14:55:00+02:00;22630400
2019-06-06T14:56:00+02:00;23118848
2019-06-06T14:57:00+02:00;23118848
2019-06-06T14:58:00+02:00;22245376
2019-06-06T14:59:00+02:00;25628672
2019-06-06T15:00:00+02:00;21915648
2019-06-06T15:01:00+02:00;21915648
2019-06-06T15:02:00+02:00;36696064
2019-06-06T15:03:00+02:00;37214208
2019-06-06T15:04:00+02:00;36785152
2019-06-06T15:05:00+02:00;41299968
2019-06-06T15:06:00+02:00;41299968
2019-06-06T15:07:00+02:00;47496192
2019-06-06T15:08:00+02:00;36902912
2019-06-06T15:09:00+02:00;21496832
2019-06-06T15:10:00+02:00;21496832
2019-06-06T15:11:00+02:00;16581632
2019-06-06T15:12:00+02:00;15759360
2019-06-06T15:13:00+02:00;17596416
2019-06-06T15:14:00+02:00;20999168
2019-06-06T15:15:00+02:00;20999168
2019-06-06T15:16:00+02:00;18360320
2019-06-06T15:17:00+02:00;20807680
2019-06-06T15:18:00+02:00;19449856
2019-06-06T15:19:00+02:00;19449856
2019-06-06T15:20:00+02:00;18916352
2019-06-06T15:21:00+02:00;18399232
2019-06-06T15:22:00+02:00;20943872
2019-06-06T15:23:00+02:00;20015104
2019-06-06T15:24:00+02:00;20015104
2019-06-06T15:25:00+02:00;18991104
2019-06-06T15:26:00+02:00;18906112
2019-06-06T15:27:00+02:00;16914432
2019-06-06T15:28:00+02:00;16914432
2019-06-06T15:29:00+02:00;18059264
2019-06-06T15:30:00+02:00;17528832
2019-06-06T15:31:00+02:00;20503552
2019-06-06T15:32:00+02:00;17571840
2019-06-06T15:33:00+02:00;17571840
2019-06-06T15:34:00+02:00;18306048
2019-06-06T15:35:00+02:00;16940032
2019-06-06T15:36:00+02:00;19770368
2019-06-06T15:37:00+02:00;19770368
2019-06-06T15:38:00+02:00;17917952
2019-06-06T15:39:00+02:00;18019328
2019-06-06T15:40:00+02:00;20070400
2019-06-06T15:41:00+02:00;17790976
2019-06-06T15:42:00+02:00;17790976
2019-06-06T15:43:00+02:00;21792768
2019-06-06T15:44:00+02:00;20752384
2019-06-06T15:45:00+02:00;21508096
2019-06-06T15:46:00+02:00;21508096
2019-06-06T15:47:00+02:00;24017920
2019-06-06T15:48:00+02:00;22672384
2019-06-06T15:49:00+02:00;47004672
2019-06-06T15:50:00+02:00;31982592
2019-06-06T15:51:00+02:00;31982592
2019-06-06T15:52:00+02:00;34176000
2019-06-06T15:53:00+02:00;40170496
2019-06-06T15:54:00+02:00;48263168
2019-06-06T15:55:00+02:00;48263168
2019-06-06T15:56:00+02:00;19918848
2019-06-06T15:57:00+02:00;17814528
2019-06-06T15:58:00+02:00;17665024
2019-06-06T15:59:00+02:00;16714752
2019-06-06T16:00:00+02:00;16714752
2019-06-06T16:01:00+02:00;15185920
2019-06-06T16:02:00+02:00;15347712
2019-06-06T16:03:00+02:00;16453632
2019-06-06T16:04:00+02:00;16408576
2019-06-06T16:05:00+02:00;16408576
2019-06-06T16:06:00+02:00;13775872
2019-06-06T16:07:00+02:00;18404352
2019-06-06T16:08:00+02:00;17400832
2019-06-06T16:09:00+02:00;17400832
2019-06-06T16:10:00+02:00;18173952
2019-06-06T16:11:00+02:00;19392512
2019-06-06T16:12:00+02:00;19019776
2019-06-06T16:13:00+02:00;19019776
2019-06-06T16:14:00+02:00;20018176
2019-06-06T16:15:00+02:00;19440640
2019-06-06T16:16:00+02:00;22047744
2019-06-06T16:17:00+02:00;22047744
2019-06-06T16:18:00+02:00;20642816
2019-06-06T16:19:00+02:00;23783424
2019-06-06T16:20:00+02:00;22061056
2019-06-06T16:21:00+02:00;24029184
2019-06-06T16:22:00+02:00;24029184
2019-06-06T16:23:00+02:00;null
2019-06-06T16:24:00+02:00;18153472
2019-06-06T16:25:00+02:00;21007360
2019-06-06T16:26:00+02:00;21007360
2019-06-06T16:27:00+02:00;20125696
2019-06-06T16:28:00+02:00;26624000
2019-06-06T16:29:00+02:00;21494784
2019-06-06T16:30:00+02:00;21494784
2019-06-06T16:31:00+02:00;23553024
2019-06-06T16:32:00+02:00;30240768
2019-06-06T16:33:00+02:00;30860288
2019-06-06T16:34:00+02:00;26084352
2019-06-06T16:35:00+02:00;26084352
2019-06-06T16:36:00+02:00;22560768
2019-06-06T16:37:00+02:00;27393024
2019-06-06T16:38:00+02:00;26553344
2019-06-06T16:39:00+02:00;29588480
2019-06-06T16:40:00+02:00;29588480
2019-06-06T16:41:00+02:00;27656192
2019-06-06T16:42:00+02:00;25875456
2019-06-06T16:43:00+02:00;30676992
2019-06-06T16:44:00+02:00;30676992
2019-06-06T16:45:00+02:00;27122688
2019-06-06T16:46:00+02:00;27217920
2019-06-06T16:47:00+02:00;24929280
2019-06-06T16:48:00+02:00;24065024
2019-06-06T16:49:00+02:00;24065024
2019-06-06T16:50:00+02:00;24531968
2019-06-06T16:51:00+02:00;25931776
2019-06-06T16:52:00+02:00;24167424
2019-06-06T16:53:00+02:00;24167424
2019-06-06T16:54:00+02:00;26856448
2019-06-06T16:55:00+02:00;23689216
2019-06-06T16:56:00+02:00;28965888
2019-06-06T16:57:00+02:00;26861568
2019-06-06T16:58:00+02:00;26861568
2019-06-06T16:59:00+02:00;23190528
2019-06-06T17:00:00+02:00;25886720
2019-06-06T17:01:00+02:00;29195264
2019-06-06T17:02:00+02:00;29195264
2019-06-06T17:03:00+02:00;27791360
2019-06-06T17:04:00+02:00;27839488
2019-06-06T17:05:00+02:00;30003200
2019-06-06T17:06:00+02:00;30003200
2019-06-06T17:07:00+02:00;30368768
2019-06-06T17:08:00+02:00;20919296
2019-06-06T17:09:00+02:00;29562880
2019-06-06T17:10:00+02:00;24835072
2019-06-06T17:11:00+02:00;24835072
2019-06-06T17:12:00+02:00;24750080
2019-06-06T17:13:00+02:00;23809024
2019-06-06T17:14:00+02:00;23995392
2019-06-06T17:15:00+02:00;23995392
2019-06-06T17:16:00+02:00;26247168
2019-06-06T17:17:00+02:00;24411136
2019-06-06T17:18:00+02:00;23835648
2019-06-06T17:19:00+02:00;23835648
2019-06-06T17:20:00+02:00;22224896
2019-06-06T17:21:00+02:00;23842816
2019-06-06T17:22:00+02:00;22710272
2019-06-06T17:23:00+02:00;23446528
2019-06-06T17:24:00+02:00;23446528
2019-06-06T17:25:00+02:00;24907776
2019-06-06T17:26:00+02:00;23820288
2019-06-06T17:27:00+02:00;24153088
2019-06-06T17:28:00+02:00;24153088
2019-06-06T17:29:00+02:00;25741312
2019-06-06T17:30:00+02:00;23887872
2019-06-06T17:31:00+02:00;24071168
2019-06-06T17:32:00+02:00;24071168
2019-06-06T17:33:00+02:00;19761152
2019-06-06T17:34:00+02:00;19192832
2019-06-06T17:35:00+02:00;18447360
2019-06-06T17:36:00+02:00;22416384
2019-06-06T17:37:00+02:00;22416384
2019-06-06T17:38:00+02:00;23222272
2019-06-06T17:39:00+02:00;23811072
2019-06-06T17:40:00+02:00;24016896
2019-06-06T17:41:00+02:00;24016896
2019-06-06T17:42:00+02:00;24613888
2019-06-06T17:43:00+02:00;21574656
2019-06-06T17:44:00+02:00;23104512
2019-06-06T17:45:00+02:00;19197952
2019-06-06T17:46:00+02:00;19197952
2019-06-06T17:47:00+02:00;18153472
2019-06-06T17:48:00+02:00;21006336
2019-06-06T17:49:00+02:00;28103680
2019-06-06T17:50:00+02:00;28103680
2019-06-06T17:51:00+02:00;21213184
2019-06-06T17:52:00+02:00;20285440
2019-06-06T17:53:00+02:00;22550528
2019-06-06T17:54:00+02:00;22550528
2019-06-06T17:55:00+02:00;24896512
2019-06-06T17:56:00+02:00;21900288
2019-06-06T17:57:00+02:00;22622208
2019-06-06T17:58:00+02:00;21374976
2019-06-06T17:59:00+02:00;21374976
2019-06-06T18:00:00+02:00;23235584
2019-06-06T18:01:00+02:00;25021440
2019-06-06T18:02:00+02:00;22374400
2019-06-06T18:03:00+02:00;22374400
2019-06-06T18:04:00+02:00;24521728
2019-06-06T18:05:00+02:00;22942720
2019-06-06T18:06:00+02:00;27172864
2019-06-06T18:07:00+02:00;21840896
2019-06-06T18:08:00+02:00;21840896
2019-06-06T18:09:00+02:00;21983232
2019-06-06T18:10:00+02:00;21783552
2019-06-06T18:11:00+02:00;35207168
2019-06-06T18:12:00+02:00;17931264
2019-06-06T18:13:00+02:00;17931264
2019-06-06T18:14:00+02:00;17868800
2019-06-06T18:15:00+02:00;19180544
2019-06-06T18:16:00+02:00;19186688
2019-06-06T18:17:00+02:00;19186688
2019-06-06T18:18:00+02:00;19006464
2019-06-06T18:19:00+02:00;20111360
2019-06-06T18:20:00+02:00;20790272
2019-06-06T18:21:00+02:00;22544384
2019-06-06T18:22:00+02:00;22544384
2019-06-06T18:23:00+02:00;19563520
2019-06-06T18:24:00+02:00;19281920
2019-06-06T18:25:00+02:00;18073600
2019-06-06T18:26:00+02:00;18073600
2019-06-06T18:27:00+02:00;21095424
2019-06-06T18:28:00+02:00;23452672
2019-06-06T18:29:00+02:00;23970816
2019-06-06T18:30:00+02:00;21332992
2019-06-06T18:31:00+02:00;21332992
2019-06-06T18:32:00+02:00;13763584
2019-06-06T18:33:00+02:00;6785024
2019-06-06T18:34:00+02:00;10391552
2019-06-06T18:35:00+02:00;5201920
2019-06-06T18:36:00+02:00;5201920
2019-06-06T18:37:00+02:00;14059520
2019-06-06T18:38:00+02:00;4948992
2019-06-06T18:39:00+02:00;10884096
2019-06-06T18:40:00+02:00;10884096
2019-06-06T18:41:00+02:00;9714688
2019-06-06T18:42:00+02:00;13623296
2019-06-06T18:43:00+02:00;7945216
2019-06-06T18:44:00+02:00;7945216
2019-06-06T18:45:00+02:00;13727744
2019-06-06T18:46:00+02:00;13900800
2019-06-06T18:47:00+02:00;9709568
2019-06-06T18:48:00+02:00;9763840
2019-06-06T18:49:00+02:00;9763840
2019-06-06T18:50:00+02:00;10458112
2019-06-06T18:51:00+02:00;10900480
2019-06-06T18:52:00+02:00;3103744
2019-06-06T18:53:00+02:00;11025408
2019-06-06T18:54:00+02:00;11025408
2019-06-06T18:55:00+02:00;6624256
2019-06-06T18:56:00+02:00;12266496
2019-06-06T18:57:00+02:00;10201088
2019-06-06T18:58:00+02:00;10201088
2019-06-06T18:59:00+02:00;7948288
2019-06-06T19:00:00+02:00;7852032
2019-06-06T19:01:00+02:00;3934208
2019-06-06T19:02:00+02:00;3934208
2019-06-06T19:03:00+02:00;11102208
2019-06-06T19:04:00+02:00;4935680
2019-06-06T19:05:00+02:00;6672384
2019-06-06T19:06:00+02:00;14698496
2019-06-06T19:07:00+02:00;14698496
2019-06-06T19:08:00+02:00;11496448
2019-06-06T19:09:00+02:00;11627520
2019-06-06T19:10:00+02:00;11043840
2019-06-06T19:11:00+02:00;11043840
2019-06-06T19:12:00+02:00;11380736
2019-06-06T19:13:00+02:00;9012224
2019-06-06T19:14:00+02:00;7180288
2019-06-06T19:15:00+02:00;7180288
2019-06-06T19:16:00+02:00;8852480
2019-06-06T19:17:00+02:00;9313280
2019-06-06T19:18:00+02:00;11551744
2019-06-06T19:19:00+02:00;15739904
2019-06-06T19:20:00+02:00;15739904
2019-06-06T19:21:00+02:00;10761216
2019-06-06T19:22:00+02:00;12179456
2019-06-06T19:23:00+02:00;5020672
2019-06-06T19:24:00+02:00;5020672
2019-06-06T19:25:00+02:00;12406784
2019-06-06T19:26:00+02:00;9726976
2019-06-06T19:27:00+02:00;3380224
2019-06-06T19:28:00+02:00;15134720
2019-06-06T19:29:00+02:00;15134720
2019-06-06T19:30:00+02:00;8876032
2019-06-06T19:31:00+02:00;11985920
2019-06-06T19:32:00+02:00;12734464
2019-06-06T19:33:00+02:00;12734464
2019-06-06T19:34:00+02:00;15293440
2019-06-06T19:35:00+02:00;10583040
2019-06-06T19:36:00+02:00;9922560
2019-06-06T19:37:00+02:00;12290048
2019-06-06T19:38:00+02:00;12290048
2019-06-06T19:39:00+02:00;6288384
2019-06-06T19:40:00+02:00;10556416
2019-06-06T19:41:00+02:00;9709568
2019-06-06T19:42:00+02:00;9709568
2019-06-06T19:43:00+02:00;8260608
2019-06-06T19:44:00+02:00;11757568
2019-06-06T19:45:00+02:00;8707072
2019-06-06T19:46:00+02:00;8707072
2019-06-06T19:47:00+02:00;16016384
2019-06-06T19:48:00+02:00;13986816
2019-06-06T19:49:00+02:00;13322240
2019-06-06T19:50:00+02:00;13322240
2019-06-06T19:51:00+02:00;6692864
2019-06-06T19:52:00+02:00;6410240
2019-06-06T19:53:00+02:00;13871104
2019-06-06T19:54:00+02:00;3949568
2019-06-06T19:55:00+02:00;3949568
2019-06-06T19:56:00+02:00;9135104
2019-06-06T19:57:00+02:00;9728000
2019-06-06T19:58:00+02:00;11785216
2019-06-06T19:59:00+02:00;11785216
2019-06-06T20:00:00+02:00;11081728
2019-06-06T20:01:00+02:00;18255872
2019-06-06T20:02:00+02:00;12310528
2019-06-06T20:03:00+02:00;12310528
2019-06-06T20:04:00+02:00;14002176
2019-06-06T20:05:00+02:00;9683968
2019-06-06T20:06:00+02:00;12908544
2019-06-06T20:07:00+02:00;12908544
2019-06-06T20:08:00+02:00;7583744
2019-06-06T20:09:00+02:00;8709120
2019-06-06T20:10:00+02:00;13604864
2019-06-06T20:11:00+02:00;13604864
2019-06-06T20:12:00+02:00;11017216
2019-06-06T20:13:00+02:00;7245824
2019-06-06T20:14:00+02:00;14660608
2019-06-06T20:15:00+02:00;14660608
2019-06-06T20:16:00+02:00;13333504
2019-06-06T20:17:00+02:00;14804992
2019-06-06T20:18:00+02:00;15539200
2019-06-06T20:19:00+02:00;14756864
2019-06-06T20:20:00+02:00;14756864
2019-06-06T20:21:00+02:00;17221632
2019-06-06T20:22:00+02:00;16741376
2019-06-06T20:23:00+02:00;17463296
2019-06-06T20:24:00+02:00;17463296
2019-06-06T20:25:00+02:00;11452416
2019-06-06T20:26:00+02:00;16705536
2019-06-06T20:27:00+02:00;20850688
2019-06-06T20:28:00+02:00;20850688
2019-06-06T20:29:00+02:00;19430400
2019-06-06T20:30:00+02:00;23391232
2019-06-06T20:31:00+02:00;25360384
2019-06-06T20:32:00+02:00;24387584
2019-06-06T20:33:00+02:00;24387584
2019-06-06T20:34:00+02:00;23359488
2019-06-06T20:35:00+02:00;26144768
2019-06-06T20:36:00+02:00;31640576
2019-06-06T20:37:00+02:00;31640576
2019-06-06T20:38:00+02:00;32474112
2019-06-06T20:39:00+02:00;27020288
2019-06-06T20:40:00+02:00;26633216
2019-06-06T20:41:00+02:00;24764416
2019-06-06T20:42:00+02:00;24764416
2019-06-06T20:43:00+02:00;25512960
2019-06-06T20:44:00+02:00;28510208
2019-06-06T20:45:00+02:00;29948928
2019-06-06T20:46:00+02:00;29948928
2019-06-06T20:47:00+02:00;28286976
2019-06-06T20:48:00+02:00;31920128
2019-06-06T20:49:00+02:00;31555584
2019-06-06T20:50:00+02:00;35692544
2019-06-06T20:51:00+02:00;35692544
2019-06-06T20:52:00+02:00;31143936
2019-06-06T20:53:00+02:00;34685952
2019-06-06T20:54:00+02:00;35080192
2019-06-06T20:55:00+02:00;35080192
2019-06-06T20:56:00+02:00;32043008
2019-06-06T20:57:00+02:00;37561344
2019-06-06T20:58:00+02:00;32472064
2019-06-06T20:59:00+02:00;29276160
2019-06-06T21:00:00+02:00;29276160
2019-06-06T21:01:00+02:00;30428160
2019-06-06T21:02:00+02:00;31356928
2019-06-06T21:03:00+02:00;61562880
2019-06-06T21:04:00+02:00;61562880
2019-06-06T21:05:00+02:00;59293696
2019-06-06T21:06:00+02:00;61382656
2019-06-06T21:07:00+02:00;54432768
2019-06-06T21:08:00+02:00;62217216
2019-06-06T21:09:00+02:00;62217216
2019-06-06T21:10:00+02:00;63640576
2019-06-06T21:11:00+02:00;74306560
2019-06-06T21:12:00+02:00;78268416
2019-06-06T21:13:00+02:00;75080704
2019-06-06T21:14:00+02:00;75080704
2019-06-06T21:15:00+02:00;78492672
2019-06-06T21:16:00+02:00;65078272
2019-06-06T21:17:00+02:00;31783936
2019-06-06T21:18:00+02:00;31783936
2019-06-06T21:19:00+02:00;31273984
2019-06-06T21:20:00+02:00;34529280
2019-06-06T21:21:00+02:00;32713728
2019-06-06T21:22:00+02:00;31799296
2019-06-06T21:23:00+02:00;31799296
2019-06-06T21:24:00+02:00;29150208
2019-06-06T21:25:00+02:00;34410496
2019-06-06T21:26:00+02:00;34753536
2019-06-06T21:27:00+02:00;34753536
2019-06-06T21:28:00+02:00;34188288
2019-06-06T21:29:00+02:00;33576960
2019-06-06T21:30:00+02:00;30005248
2019-06-06T21:31:00+02:00;30005248
2019-06-06T21:32:00+02:00;28131328
2019-06-06T21:33:00+02:00;27202560
2019-06-06T21:34:00+02:00;33398784
2019-06-06T21:35:00+02:00;29305856
2019-06-06T21:36:00+02:00;29305856
2019-06-06T21:37:00+02:00;28618752
2019-06-06T21:38:00+02:00;30191616
2019-06-06T21:39:00+02:00;29572096
2019-06-06T21:40:00+02:00;29572096
2019-06-06T21:41:00+02:00;28101632
2019-06-06T21:42:00+02:00;25804800
2019-06-06T21:43:00+02:00;null
2019-06-06T21:44:00+02:00;30070784
2019-06-06T21:45:00+02:00;30070784
2019-06-06T21:46:00+02:00;30846976
2019-06-06T21:47:00+02:00;29623296
2019-06-06T21:48:00+02:00;31211520
2019-06-06T21:49:00+02:00;31211520
2019-06-06T21:50:00+02:00;31818752
2019-06-06T21:51:00+02:00;29137920
2019-06-06T21:52:00+02:00;32984064
2019-06-06T21:53:00+02:00;33556480
2019-06-06T21:54:00+02:00;33556480
2019-06-06T21:55:00+02:00;30543872
2019-06-06T21:56:00+02:00;32136192
2019-06-06T21:57:00+02:00;32500736
2019-06-06T21:58:00+02:00;32500736
2019-06-06T21:59:00+02:00;33486848
2019-06-06T22:00:00+02:00;42851328
2019-06-06T22:01:00+02:00;29950976
2019-06-06T22:02:00+02:00;26970112
2019-06-06T22:03:00+02:00;26970112
2019-06-06T22:04:00+02:00;23986176
2019-06-06T22:05:00+02:00;24692736
2019-06-06T22:06:00+02:00;22990848
2019-06-06T22:07:00+02:00;30269440
2019-06-06T22:08:00+02:00;30269440
2019-06-06T22:09:00+02:00;25946112
2019-06-06T22:10:00+02:00;24502272
2019-06-06T22:11:00+02:00;25820160
2019-06-06T22:12:00+02:00;25820160
2019-06-06T22:13:00+02:00;26785792
2019-06-06T22:14:00+02:00;28383232
2019-06-06T22:15:00+02:00;30568448
2019-06-06T22:16:00+02:00;28402688
2019-06-06T22:17:00+02:00;28402688
2019-06-06T22:18:00+02:00;26070016
2019-06-06T22:19:00+02:00;31453184
2019-06-06T22:20:00+02:00;28221440
2019-06-06T22:21:00+02:00;28221440
2019-06-06T22:22:00+02:00;31963136
2019-06-06T22:23:00+02:00;35119104
2019-06-06T22:24:00+02:00;33941504
2019-06-06T22:25:00+02:00;36542464
2019-06-06T22:26:00+02:00;36542464
2019-06-06T22:27:00+02:00;35135488
2019-06-06T22:28:00+02:00;31816704
2019-06-06T22:29:00+02:00;33941504
2019-06-06T22:30:00+02:00;33941504
2019-06-06T22:31:00+02:00;33048576
2019-06-06T22:32:00+02:00;30425088
2019-06-06T22:33:00+02:00;31449088
2019-06-06T22:34:00+02:00;31449088
2019-06-06T22:35:00+02:00;34707456
2019-06-06T22:36:00+02:00;34324480
2019-06-06T22:37:00+02:00;37439488
2019-06-06T22:38:00+02:00;33079296
2019-06-06T22:39:00+02:00;33079296
2019-06-06T22:40:00+02:00;33782784
2019-06-06T22:41:00+02:00;32377856
2019-06-06T22:42:00+02:00;35920896
2019-06-06T22:43:00+02:00;35920896
2019-06-06T22:44:00+02:00;30840832
2019-06-06T22:45:00+02:00;21896192
2019-06-06T22:46:00+02:00;28166144
2019-06-06T22:47:00+02:00;24911872
2019-06-06T22:48:00+02:00;24911872
2019-06-06T22:49:00+02:00;23810048
2019-06-06T22:50:00+02:00;27624448
2019-06-06T22:51:00+02:00;36768768
2019-06-06T22:52:00+02:00;36768768
2019-06-06T22:53:00+02:00;32593920
2019-06-06T22:54:00+02:00;35463168
2019-06-06T22:55:00+02:00;34680832
2019-06-06T22:56:00+02:00;34680832
2019-06-06T22:57:00+02:00;24966144
2019-06-06T22:58:00+02:00;30943232
2019-06-06T22:59:00+02:00;34229248
2019-06-06T23:00:00+02:00;36129792
2019-06-06T23:01:00+02:00;36129792
2019-06-06T23:02:00+02:00;36272128
2019-06-06T23:03:00+02:00;30619648
2019-06-06T23:04:00+02:00;32858112
2019-06-06T23:05:00+02:00;32858112
2019-06-06T23:06:00+02:00;31843328
2019-06-06T23:07:00+02:00;29729792
2019-06-06T23:08:00+02:00;33355776
2019-06-06T23:09:00+02:00;28497920
2019-06-06T23:10:00+02:00;28497920
2019-06-06T23:11:00+02:00;29666304
2019-06-06T23:12:00+02:00;27646976
2019-06-06T23:13:00+02:00;26376192
2019-06-06T23:14:00+02:00;24742912
2019-06-06T23:15:00+02:00;24742912
2019-06-06T23:16:00+02:00;21311488
2019-06-06T23:17:00+02:00;23306240
2019-06-06T23:18:00+02:00;23098368
2019-06-06T23:19:00+02:00;23098368
2019-06-06T23:20:00+02:00;23233536
2019-06-06T23:21:00+02:00;24599552
2019-06-06T23:22:00+02:00;21834752
2019-06-06T23:23:00+02:00;21655552
2019-06-06T23:24:00+02:00;21655552
2019-06-06T23:25:00+02:00;17709056
2019-06-06T23:26:00+02:00;21472256
2019-06-06T23:27:00+02:00;25191424
2019-06-06T23:28:00+02:00;25191424
2019-06-06T23:29:00+02:00;26014720
2019-06-06T23:30:00+02:00;27269120
2019-06-06T23:31:00+02:00;25195520
2019-06-06T23:32:00+02:00;27673600
2019-06-06T23:33:00+02:00;27673600
2019-06-06T23:34:00+02:00;22946816
2019-06-06T23:35:00+02:00;17376256
2019-06-06T23:36:00+02:00;21562368
2019-06-06T23:37:00+02:00;21562368
2019-06-06T23:38:00+02:00;38767616
2019-06-06T23:39:00+02:00;21963776
2019-06-06T23:40:00+02:00;25632768
2019-06-06T23:41:00+02:00;26234880
2019-06-06T23:42:00+02:00;26234880
2019-06-06T23:43:00+02:00;27027456
2019-06-06T23:44:00+02:00;28166144
2019-06-06T23:45:00+02:00;29030400
2019-06-06T23:46:00+02:00;29030400
2019-06-06T23:47:00+02:00;27636736
2019-06-06T23:48:00+02:00;22117376
2019-06-06T23:49:00+02:00;27513856
2019-06-06T23:50:00+02:00;18612224
2019-06-06T23:51:00+02:00;18612224
2019-06-06T23:52:00+02:00;22496256
2019-06-06T23:53:00+02:00;22179840
2019-06-06T23:54:00+02:00;25277440
2019-06-06T23:55:00+02:00;25277440
2019-06-06T23:56:00+02:00;21109760
2019-06-06T23:57:00+02:00;20301824
2019-06-06T23:58:00+02:00;null
2019-06-06T23:59:00+02:00;23230464
