Time;CPU usage;Used memory;Number of bytes received;Number of bytes transmitted
2019-06-06T00:00:00+02:00;15407000000;2,29E+11;20417536;20557824
2019-06-06T00:01:00+02:00;23226000000;2,29E+11;24104960;23638016
2019-06-06T00:02:00+02:00;23226000000;2,29E+11;23094272;22553600
2019-06-06T00:03:00+02:00;11886000000;2,29E+11;16806912;16589824
2019-06-06T00:04:00+02:00;14181000000;2,29E+11;16806912;16589824
2019-06-06T00:05:00+02:00;13911000000;2,29E+11;21393408;20831232
2019-06-06T00:06:00+02:00;11943000000;2,29E+11;20037632;19510272
2019-06-06T00:07:00+02:00;12838000000;2,29E+11;22304768;21619712
2019-06-06T00:08:00+02:00;13866000000;2,29E+11;19375104;18931712
2019-06-06T00:09:00+02:00;13905000000;2,29E+11;19375104;18931712
2019-06-06T00:10:00+02:00;14043000000;2,29E+11;16268288;15814656
2019-06-06T00:11:00+02:00;18007000000;2,29E+11;17701888;16940032
2019-06-06T00:12:00+02:00;11966000000;2,29E+11;17695744;17291264
2019-06-06T00:13:00+02:00;12945000000;2,29E+11;18889728;18812928
2019-06-06T00:14:00+02:00;12949000000;2,29E+11;18889728;18812928
2019-06-06T00:15:00+02:00;13915000000;2,29E+11;15301632;14530560
2019-06-06T00:16:00+02:00;14684000000;2,29E+11;19156992;18587648
2019-06-06T00:17:00+02:00;13591000000;2,29E+11;15679488;15391744
2019-06-06T00:18:00+02:00;17341000000;2,29E+11;15679488;15391744
2019-06-06T00:19:00+02:00;15049000000;2,29E+11;14834688;14525440
2019-06-06T00:20:00+02:00;14057000000;2,29E+11;15210496;14675968
2019-06-06T00:21:00+02:00;17960000000;2,29E+11;17726464;17373184
2019-06-06T00:22:00+02:00;13455000000;2,29E+11;16734208;16549888
2019-06-06T00:23:00+02:00;13455000000;2,29E+11;16734208;16549888
2019-06-06T00:24:00+02:00;12452000000;2,29E+11;17930240;17273856
2019-06-06T00:25:00+02:00;10854000000;2,29E+11;15736832;15781888
2019-06-06T00:26:00+02:00;14779000000;2,29E+11;17395712;16993280
2019-06-06T00:27:00+02:00;13209000000;2,29E+11;17395712;16993280
2019-06-06T00:28:00+02:00;12687000000;2,29E+11;20402176;19886080
2019-06-06T00:29:00+02:00;12835000000;2,29E+11;17500160;17096704
2019-06-06T00:30:00+02:00;10931000000;2,29E+11;14722048;14300160
2019-06-06T00:31:00+02:00;20139000000;2,29E+11;15502336;15248384
2019-06-06T00:32:00+02:00;14393000000;2,29E+11;15502336;15248384
2019-06-06T00:33:00+02:00;12652000000;2,29E+11;13885440;13490176
2019-06-06T00:34:00+02:00;12110000000;2,29E+11;13536256;12996608
2019-06-06T00:35:00+02:00;14480000000;2,29E+11;11411456;11421696
2019-06-06T00:36:00+02:00;15569000000;2,29E+11;11411456;11421696
2019-06-06T00:37:00+02:00;11629000000;2,29E+11;14134272;14285824
2019-06-06T00:38:00+02:00;12036000000;2,29E+11;13985792;13389824
2019-06-06T00:39:00+02:00;13645000000;2,29E+11;16497664;16252928
2019-06-06T00:40:00+02:00;17503000000;2,29E+11;14280704;14126080
2019-06-06T00:41:00+02:00;17683000000;2,29E+11;14280704;14126080
2019-06-06T00:42:00+02:00;17683000000;2,29E+11;13203456;12325888
2019-06-06T00:43:00+02:00;13086000000;2,29E+11;14244864;14546944
2019-06-06T00:44:00+02:00;14139000000;2,29E+11;14560256;14377984
2019-06-06T00:45:00+02:00;13184000000;2,29E+11;14560256;14377984
2019-06-06T00:46:00+02:00;12221000000;2,29E+11;16622592;16001024
2019-06-06T00:47:00+02:00;11573000000;2,29E+11;16324608;16036864
2019-06-06T00:48:00+02:00;14992000000;2,29E+11;12319744;11797504
2019-06-06T00:49:00+02:00;16426000000;2,29E+11;12319744;11797504
2019-06-06T00:50:00+02:00;12895000000;2,29E+11;9417728;9195520
2019-06-06T00:51:00+02:00;15572000000;2,29E+11;11575296;10778624
2019-06-06T00:52:00+02:00;10795000000;2,29E+11;11478016;10953728
2019-06-06T00:53:00+02:00;16309000000;2,29E+11;7907328;8724480
2019-06-06T00:54:00+02:00;14116000000;2,29E+11;7907328;8724480
2019-06-06T00:55:00+02:00;12097000000;2,29E+11;11184128;10745856
2019-06-06T00:56:00+02:00;13331000000;2,29E+11;9216000;8426496
2019-06-06T00:57:00+02:00;13792000000;2,29E+11;7546880;8290304
2019-06-06T00:58:00+02:00;13525000000;2,29E+11;7546880;8290304
2019-06-06T00:59:00+02:00;10800000000;2,29E+11;9705472;9546752
2019-06-06T01:00:00+02:00;13381000000;2,29E+11;8962048;8354816
2019-06-06T01:01:00+02:00;13381000000;2,29E+11;10359808;21538816
2019-06-06T01:02:00+02:00;22404000000;2,29E+11;11770880;26688512
2019-06-06T01:03:00+02:00;15662000000;2,29E+11;11770880;26688512
2019-06-06T01:04:00+02:00;14077000000;2,29E+11;8404992;28891136
2019-06-06T01:05:00+02:00;14249000000;2,29E+11;11061248;29418496
2019-06-06T01:06:00+02:00;17568000000;2,29E+11;7708672;19950592
2019-06-06T01:07:00+02:00;15725000000;2,29E+11;7708672;19950592
2019-06-06T01:08:00+02:00;11258000000;2,29E+11;7872512;42235904
2019-06-06T01:09:00+02:00;10242000000;2,29E+11;8582144;20363264
2019-06-06T01:10:00+02:00;11775000000;2,29E+11;6890496;23963648
2019-06-06T01:11:00+02:00;16668000000;2,29E+11;7443456;14940160
2019-06-06T01:12:00+02:00;12709000000;2,29E+11;7443456;14940160
2019-06-06T01:13:00+02:00;11118000000;2,29E+11;8428544;46596096
2019-06-06T01:14:00+02:00;11236000000;2,29E+11;7156736;20648960
2019-06-06T01:15:00+02:00;16542000000;2,29E+11;7727104;29451264
2019-06-06T01:16:00+02:00;12790000000;2,29E+11;7727104;29451264
2019-06-06T01:17:00+02:00;11763000000;2,29E+11;7270400;23182336
2019-06-06T01:18:00+02:00;10160000000;2,29E+11;6975488;37512192
2019-06-06T01:19:00+02:00;10500000000;2,29E+11;5297152;20348928
2019-06-06T01:20:00+02:00;10500000000;2,29E+11;6239232;31708160
2019-06-06T01:21:00+02:00;11946000000;2,29E+11;6239232;31708160
2019-06-06T01:22:00+02:00;15359000000;2,29E+11;6099968;29578240
2019-06-06T01:23:00+02:00;9869000000;2,29E+11;5892096;37749760
2019-06-06T01:24:00+02:00;9479000000;2,29E+11;4029440;24422400
2019-06-06T01:25:00+02:00;7458000000;2,29E+11;3927040;24598528
2019-06-06T01:26:00+02:00;10626000000;2,29E+11;3927040;24598528
2019-06-06T01:27:00+02:00;9295000000;2,29E+11;4380672;26669056
2019-06-06T01:28:00+02:00;7381000000;2,29E+11;3654656;25889792
2019-06-06T01:29:00+02:00;12863000000;2,29E+11;7263232;23840768
2019-06-06T01:30:00+02:00;9348000000;2,29E+11;7263232;23056384
2019-06-06T01:31:00+02:00;14686000000;2,29E+11;4264960;23056384
2019-06-06T01:32:00+02:00;8523000000;2,29E+11;4662272;32953344
2019-06-06T01:33:00+02:00;8501000000;2,29E+11;6988800;21928960
2019-06-06T01:34:00+02:00;10226000000;2,29E+11;7282688;35316736
2019-06-06T01:35:00+02:00;11186000000;2,29E+11;7282688;35316736
2019-06-06T01:36:00+02:00;11567000000;2,29E+11;5607424;22462464
2019-06-06T01:37:00+02:00;9863000000;2,29E+11;5810176;41477120
2019-06-06T01:38:00+02:00;9779000000;2,29E+11;6757376;26893312
2019-06-06T01:39:00+02:00;9779000000;2,29E+11;7521280;37357568
2019-06-06T01:40:00+02:00;12376000000;2,29E+11;7521280;37357568
2019-06-06T01:41:00+02:00;8220000000;2,29E+11;5540864;28942336
2019-06-06T01:42:00+02:00;13372000000;2,29E+11;6692864;37021696
2019-06-06T01:43:00+02:00;8839000000;2,29E+11;6326272;23362560
2019-06-06T01:44:00+02:00;13051000000;2,29E+11;6326272;23362560
2019-06-06T01:45:00+02:00;7926000000;2,29E+11;5360640;26414080
2019-06-06T01:46:00+02:00;8704000000;2,29E+11;4704256;19597312
2019-06-06T01:47:00+02:00;8927000000;2,29E+11;5095424;23158784
2019-06-06T01:48:00+02:00;8919000000;2,29E+11;5760000;19420160
2019-06-06T01:49:00+02:00;10581000000;2,29E+11;5760000;19420160
2019-06-06T01:50:00+02:00;9357000000;2,29E+11;3889152;24799232
2019-06-06T01:51:00+02:00;12964000000;2,29E+11;5225472;24343552
2019-06-06T01:52:00+02:00;9033000000;2,29E+11;4580352;30660608
2019-06-06T01:53:00+02:00;9115000000;2,29E+11;4580352;30660608
2019-06-06T01:54:00+02:00;10499000000;2,29E+11;6874112;40160256
2019-06-06T01:55:00+02:00;8858000000;2,29E+11;5318656;34693120
2019-06-06T01:56:00+02:00;9471000000;2,29E+11;5422080;24085504
2019-06-06T01:57:00+02:00;12972000000;2,29E+11;5096448;49125376
2019-06-06T01:58:00+02:00;9551000000;2,29E+11;5096448;49125376
2019-06-06T01:59:00+02:00;7188000000;2,29E+11;5102592;4987904
2019-06-06T02:00:00+02:00;6959000000;2,29E+11;5128192;4594688
2019-06-06T02:01:00+02:00;6959000000;2,29E+11;5145600;10068992
2019-06-06T02:02:00+02:00;21097000000;2,29E+11;5145600;10068992
2019-06-06T02:03:00+02:00;11603000000;2,29E+11;4720640;17712128
2019-06-06T02:04:00+02:00;13749000000;2,29E+11;4418560;23947264
2019-06-06T02:05:00+02:00;10630000000;2,29E+11;6998016;25218048
2019-06-06T02:06:00+02:00;14095000000;2,29E+11;5763072;7023616
2019-06-06T02:07:00+02:00;13368000000;2,29E+11;5763072;7023616
2019-06-06T02:08:00+02:00;9480000000;2,29E+11;6749184;19867648
2019-06-06T02:09:00+02:00;8379000000;2,29E+11;7077888;23815168
2019-06-06T02:10:00+02:00;10196000000;2,29E+11;5915648;23627776
2019-06-06T02:11:00+02:00;13919000000;2,29E+11;5915648;27369472
2019-06-06T02:12:00+02:00;10544000000;2,29E+11;4765696;27369472
2019-06-06T02:13:00+02:00;9827000000;2,29E+11;4467712;19634176
2019-06-06T02:14:00+02:00;7322000000;2,29E+11;5135360;8035328
2019-06-06T02:15:00+02:00;10619000000;2,29E+11;5458944;31251456
2019-06-06T02:16:00+02:00;10321000000;2,29E+11;5458944;31251456
2019-06-06T02:17:00+02:00;8800000000;2,29E+11;6090752;31110144
2019-06-06T02:18:00+02:00;8724000000;2,29E+11;5189632;18911232
2019-06-06T02:19:00+02:00;12124000000;2,29E+11;3627008;16734208
2019-06-06T02:20:00+02:00;12124000000;2,29E+11;3557376;15415296
2019-06-06T02:21:00+02:00;9323000000;2,29E+11;3557376;15415296
2019-06-06T02:22:00+02:00;12097000000;2,29E+11;4110336;16487424
2019-06-06T02:23:00+02:00;11046000000;2,29E+11;4405248;19291136
2019-06-06T02:24:00+02:00;7703000000;2,29E+11;6049792;31350784
2019-06-06T02:25:00+02:00;10104000000;2,29E+11;4165632;36772864
2019-06-06T02:26:00+02:00;10501000000;2,29E+11;4165632;36772864
2019-06-06T02:27:00+02:00;11735000000;2,29E+11;5256192;28952576
2019-06-06T02:28:00+02:00;10508000000;2,29E+11;3284992;12375040
2019-06-06T02:29:00+02:00;12877000000;2,29E+11;2893824;17788928
2019-06-06T02:30:00+02:00;8698000000;2,29E+11;2893824;17788928
2019-06-06T02:31:00+02:00;12898000000;2,29E+11;2861056;17007616
2019-06-06T02:32:00+02:00;6705000000;2,29E+11;3120128;13967360
2019-06-06T02:33:00+02:00;9132000000;2,29E+11;3374080;22544384
2019-06-06T02:34:00+02:00;9836000000;2,29E+11;4065280;34857984
2019-06-06T02:35:00+02:00;9010000000;2,29E+11;4065280;34857984
2019-06-06T02:36:00+02:00;10808000000;2,29E+11;3045376;43678720
2019-06-06T02:37:00+02:00;8382000000;2,29E+11;3579904;46846976
2019-06-06T02:38:00+02:00;7089000000;2,29E+11;3480576;20136960
2019-06-06T02:39:00+02:00;9289000000;2,29E+11;3027968;20486144
2019-06-06T02:40:00+02:00;10719000000;2,29E+11;3027968;20486144
2019-06-06T02:41:00+02:00;10719000000;2,29E+11;4633600;29755392
2019-06-06T02:42:00+02:00;12552000000;2,29E+11;4120576;34208768
2019-06-06T02:43:00+02:00;8189000000;2,29E+11;2920448;14347264
2019-06-06T02:44:00+02:00;9547000000;2,29E+11;2920448;14347264
2019-06-06T02:45:00+02:00;12690000000;2,29E+11;4318208;22746112
2019-06-06T02:46:00+02:00;9521000000;2,29E+11;3952640;15835136
2019-06-06T02:47:00+02:00;8261000000;2,29E+11;2997248;22957056
2019-06-06T02:48:00+02:00;9142000000;2,29E+11;3523584;24029184
2019-06-06T02:49:00+02:00;10806000000;2,29E+11;3523584;24029184
2019-06-06T02:50:00+02:00;12236000000;2,29E+11;2684928;18689024
2019-06-06T02:51:00+02:00;17283000000;2,29E+11;2800640;31362048
2019-06-06T02:52:00+02:00;11129000000;2,29E+11;4011008;33510400
2019-06-06T02:53:00+02:00;10206000000;2,29E+11;4011008;33510400
2019-06-06T02:54:00+02:00;12221000000;2,29E+11;3866624;34886656
2019-06-06T02:55:00+02:00;10737000000;2,29E+11;4051968;33364992
2019-06-06T02:56:00+02:00;12167000000;2,29E+11;3505152;28856320
2019-06-06T02:57:00+02:00;13077000000;2,29E+11;2124800;22064128
2019-06-06T02:58:00+02:00;11743000000;2,29E+11;2124800;22064128
2019-06-06T02:59:00+02:00;10323000000;2,29E+11;2661376;22591488
2019-06-06T03:00:00+02:00;10662000000;2,28E+11;2870272;27791360
2019-06-06T03:01:00+02:00;19847000000;2,28E+11;2445312;16024576
2019-06-06T03:02:00+02:00;19847000000;2,28E+11;2445312;16024576
2019-06-06T03:03:00+02:00;13540000000;2,28E+11;3102720;33105920
2019-06-06T03:04:00+02:00;11388000000;2,28E+11;2574336;19551232
2019-06-06T03:05:00+02:00;8955000000;2,28E+11;3179520;31078400
2019-06-06T03:06:00+02:00;14471000000;2,28E+11;2502656;16583680
2019-06-06T03:07:00+02:00;14546000000;2,28E+11;2502656;16583680
2019-06-06T03:08:00+02:00;8555000000;2,28E+11;2077696;26696704
2019-06-06T03:09:00+02:00;6881000000;2,28E+11;3351552;20672512
2019-06-06T03:10:00+02:00;6621000000;2,28E+11;3581952;13100032
2019-06-06T03:11:00+02:00;12035000000;2,28E+11;3581952;13100032
2019-06-06T03:12:00+02:00;9453000000;2,28E+11;3354624;17329152
2019-06-06T03:13:00+02:00;7649000000;2,28E+11;2412544;18983936
2019-06-06T03:14:00+02:00;8665000000;2,28E+11;2658304;20152320
2019-06-06T03:15:00+02:00;11420000000;2,28E+11;3501056;14644224
2019-06-06T03:16:00+02:00;9714000000;2,28E+11;3501056;14644224
2019-06-06T03:17:00+02:00;8412000000;2,28E+11;2100224;14075904
2019-06-06T03:18:00+02:00;6450000000;2,28E+11;2981888;25574400
2019-06-06T03:19:00+02:00;10622000000;2,28E+11;2865152;19241984
2019-06-06T03:20:00+02:00;8481000000;2,28E+11;2865152;19241984
2019-06-06T03:21:00+02:00;10861000000;2,28E+11;2882560;20359168
2019-06-06T03:22:00+02:00;10861000000;2,28E+11;2214912;20202496
2019-06-06T03:23:00+02:00;9632000000;2,28E+11;2742272;17416192
2019-06-06T03:24:00+02:00;7437000000;2,28E+11;2760704;15218688
2019-06-06T03:25:00+02:00;10938000000;2,28E+11;2760704;15218688
2019-06-06T03:26:00+02:00;10069000000;2,28E+11;2059264;11224064
2019-06-06T03:27:00+02:00;10525000000;2,28E+11;3336192;20457472
2019-06-06T03:28:00+02:00;8607000000;2,28E+11;2343936;7763968
2019-06-06T03:29:00+02:00;8350000000;2,28E+11;3438592;12181504
2019-06-06T03:30:00+02:00;8446000000;2,28E+11;3438592;12181504
2019-06-06T03:31:00+02:00;9620000000;2,28E+11;4068352;9955328
2019-06-06T03:32:00+02:00;8983000000;2,28E+11;2305024;4669440
2019-06-06T03:33:00+02:00;11717000000;2,28E+11;2950144;12537856
2019-06-06T03:34:00+02:00;8692000000;2,28E+11;2950144;12537856
2019-06-06T03:35:00+02:00;9759000000;2,28E+11;2829312;18001920
2019-06-06T03:36:00+02:00;8934000000;2,28E+11;2342912;21634048
2019-06-06T03:37:00+02:00;13417000000;2,28E+11;3419136;20815872
2019-06-06T03:38:00+02:00;8170000000;2,28E+11;3002368;16711680
2019-06-06T03:39:00+02:00;7566000000;2,28E+11;3002368;16711680
2019-06-06T03:40:00+02:00;7580000000;2,28E+11;2757632;23867392
2019-06-06T03:41:00+02:00;11050000000;2,28E+11;2638848;15784960
2019-06-06T03:42:00+02:00;11050000000;2,28E+11;2857984;25332736
2019-06-06T03:43:00+02:00;11333000000;2,28E+11;2486272;21286912
2019-06-06T03:44:00+02:00;9204000000;2,28E+11;2486272;21286912
2019-06-06T03:45:00+02:00;10412000000;2,28E+11;2531328;19434496
2019-06-06T03:46:00+02:00;7211000000;2,28E+11;3098624;14542848
2019-06-06T03:47:00+02:00;7876000000;2,28E+11;3080192;22567936
2019-06-06T03:48:00+02:00;6647000000;2,28E+11;3080192;22567936
2019-06-06T03:49:00+02:00;10637000000;2,28E+11;2904064;18506752
2019-06-06T03:50:00+02:00;8060000000;2,28E+11;2837504;29767680
2019-06-06T03:51:00+02:00;13407000000;2,28E+11;3674112;17144832
2019-06-06T03:52:00+02:00;9514000000;2,28E+11;3313664;31617024
2019-06-06T03:53:00+02:00;7383000000;2,28E+11;3313664;31617024
2019-06-06T03:54:00+02:00;8309000000;2,28E+11;5667840;30071808
2019-06-06T03:55:00+02:00;7641000000;2,28E+11;3640320;42392576
2019-06-06T03:56:00+02:00;9786000000;2,28E+11;3522560;36935680
2019-06-06T03:57:00+02:00;12372000000;2,28E+11;3522560;36935680
2019-06-06T03:58:00+02:00;10021000000;2,28E+11;2934784;46990336
2019-06-06T03:59:00+02:00;10049000000;2,28E+11;3273728;44633088
2019-06-06T04:00:00+02:00;10049000000;2,28E+11;3224576;38920192
2019-06-06T04:01:00+02:00;10932000000;2,28E+11;2772992;43169792
2019-06-06T04:02:00+02:00;20051000000;2,28E+11;2772992;43169792
2019-06-06T04:03:00+02:00;11522000000;2,28E+11;3616768;21363712
2019-06-06T04:04:00+02:00;12182000000;2,28E+11;3121152;31360000
2019-06-06T04:05:00+02:00;9055000000;2,28E+11;2715648;16390144
2019-06-06T04:06:00+02:00;14358000000;2,28E+11;2715648;16390144
2019-06-06T04:07:00+02:00;7722000000;2,28E+11;3040256;33438720
2019-06-06T04:08:00+02:00;7291000000;2,28E+11;3650560;28879872
2019-06-06T04:09:00+02:00;12205000000;2,28E+11;2653184;27166720
2019-06-06T04:10:00+02:00;10012000000;2,28E+11;3051520;42593280
2019-06-06T04:11:00+02:00;11365000000;2,28E+11;3051520;42593280
2019-06-06T04:12:00+02:00;8520000000;2,28E+11;2753536;66279424
2019-06-06T04:13:00+02:00;10019000000;2,28E+11;2919424;44780544
2019-06-06T04:14:00+02:00;8947000000;2,28E+11;3136512;42616832
2019-06-06T04:15:00+02:00;14278000000;2,28E+11;3136512;42616832
2019-06-06T04:16:00+02:00;11986000000;2,28E+11;2690048;28275712
2019-06-06T04:17:00+02:00;7620000000;2,28E+11;6634496;79177728
2019-06-06T04:18:00+02:00;9470000000;2,28E+11;2397184;2443264
2019-06-06T04:19:00+02:00;13175000000;2,28E+11;1852416;2096128
2019-06-06T04:20:00+02:00;13175000000;2,28E+11;1852416;2096128
2019-06-06T04:21:00+02:00;13667000000;2,28E+11;2513920;2221056
2019-06-06T04:22:00+02:00;12151000000;2,28E+11;2443264;2867200
2019-06-06T04:23:00+02:00;7160000000;2,28E+11;1945600;2618368
2019-06-06T04:24:00+02:00;9889000000;2,28E+11;1945600;2909184
2019-06-06T04:25:00+02:00;11590000000;2,28E+11;1931264;2909184
2019-06-06T04:26:00+02:00;7741000000;2,28E+11;2231296;5504000
2019-06-06T04:27:00+02:00;7473000000;2,28E+11;null;null
2019-06-06T04:28:00+02:00;9374000000;2,28E+11;2068480;2701312
2019-06-06T04:29:00+02:00;11757000000;2,28E+11;2068480;2701312
2019-06-06T04:30:00+02:00;8510000000;2,28E+11;2089984;8742912
2019-06-06T04:31:00+02:00;14965000000;2,28E+11;2344960;4958208
2019-06-06T04:32:00+02:00;8590000000;2,28E+11;2600960;6796288
2019-06-06T04:33:00+02:00;10004000000;2,28E+11;2600960;6796288
2019-06-06T04:34:00+02:00;8597000000;2,28E+11;1908736;3736576
2019-06-06T04:35:00+02:00;7904000000;2,28E+11;3914752;4542464
2019-06-06T04:36:00+02:00;9253000000;2,28E+11;2456576;2388992
2019-06-06T04:37:00+02:00;9145000000;2,28E+11;2132992;10082304
2019-06-06T04:38:00+02:00;8652000000;2,28E+11;2132992;10082304
2019-06-06T04:39:00+02:00;7709000000;2,28E+11;2978816;2571264
2019-06-06T04:40:00+02:00;8542000000;2,28E+11;2305024;1472512
2019-06-06T04:41:00+02:00;14176000000;2,28E+11;2755584;2481152
2019-06-06T04:42:00+02:00;14176000000;2,28E+11;2176000;1620992
2019-06-06T04:43:00+02:00;11133000000;2,28E+11;2176000;1620992
2019-06-06T04:44:00+02:00;7003000000;2,28E+11;2089984;1757184
2019-06-06T04:45:00+02:00;7306000000;2,28E+11;1916928;1853440
2019-06-06T04:46:00+02:00;9373000000;2,28E+11;1958912;1503232
2019-06-06T04:47:00+02:00;9324000000;2,28E+11;1958912;1503232
2019-06-06T04:48:00+02:00;8852000000;2,28E+11;3019776;2601984
2019-06-06T04:49:00+02:00;8194000000;2,28E+11;2539520;2131968
2019-06-06T04:50:00+02:00;12507000000;2,28E+11;2335744;1879040
2019-06-06T04:51:00+02:00;12618000000;2,28E+11;1813504;1741824
2019-06-06T04:52:00+02:00;7601000000;2,28E+11;1813504;1741824
2019-06-06T04:53:00+02:00;8519000000;2,28E+11;2347008;1505280
2019-06-06T04:54:00+02:00;6461000000;2,28E+11;2583552;1856512
2019-06-06T04:55:00+02:00;9367000000;2,28E+11;2432000;3188736
2019-06-06T04:56:00+02:00;11284000000;2,28E+11;2306048;1982464
2019-06-06T04:57:00+02:00;8004000000;2,28E+11;2306048;1982464
2019-06-06T04:58:00+02:00;8683000000;2,28E+11;2089984;1455104
2019-06-06T04:59:00+02:00;10911000000;2,28E+11;1898496;2020352
2019-06-06T05:00:00+02:00;9802000000;2,28E+11;2509824;1969152
2019-06-06T05:01:00+02:00;9802000000;2,28E+11;2509824;1969152
2019-06-06T05:02:00+02:00;18492000000;2,28E+11;1870848;1149952
2019-06-06T05:03:00+02:00;10910000000;2,28E+11;2018304;1658880
2019-06-06T05:04:00+02:00;15204000000;2,28E+11;3603456;2812928
2019-06-06T05:05:00+02:00;12073000000;2,28E+11;3091456;2446336
2019-06-06T05:06:00+02:00;16017000000;2,28E+11;3091456;2446336
2019-06-06T05:07:00+02:00;7866000000;2,28E+11;3518464;2941952
2019-06-06T05:08:00+02:00;8335000000;2,28E+11;3410944;2787328
2019-06-06T05:09:00+02:00;8145000000;2,28E+11;3287040;3217408
2019-06-06T05:10:00+02:00;9823000000;2,28E+11;3660800;2819072
2019-06-06T05:11:00+02:00;11575000000;2,28E+11;3660800;2819072
2019-06-06T05:12:00+02:00;8556000000;2,28E+11;3485696;3025920
2019-06-06T05:13:00+02:00;10051000000;2,28E+11;2959360;2739200
2019-06-06T05:14:00+02:00;12534000000;2,28E+11;3775488;2893824
2019-06-06T05:15:00+02:00;9776000000;2,28E+11;3775488;2893824
2019-06-06T05:16:00+02:00;9668000000;2,28E+11;3615744;3209216
2019-06-06T05:17:00+02:00;7955000000;2,28E+11;2955264;2643968
2019-06-06T05:18:00+02:00;8330000000;2,28E+11;3018752;2491392
2019-06-06T05:19:00+02:00;9700000000;2,28E+11;3220480;2844672
2019-06-06T05:20:00+02:00;9700000000;2,28E+11;3220480;2844672
2019-06-06T05:21:00+02:00;9772000000;2,28E+11;3163136;2656256
2019-06-06T05:22:00+02:00;13928000000;2,28E+11;2929664;2759680
2019-06-06T05:23:00+02:00;6231000000;2,28E+11;3123200;2855936
2019-06-06T05:24:00+02:00;9837000000;2,28E+11;3123200;2855936
2019-06-06T05:25:00+02:00;9347000000;2,28E+11;3402752;2539520
2019-06-06T05:26:00+02:00;6999000000;2,28E+11;3435520;2945024
2019-06-06T05:27:00+02:00;8773000000;2,28E+11;580608;539648
2019-06-06T05:28:00+02:00;8530000000;2,28E+11;2973696;2173952
2019-06-06T05:29:00+02:00;6982000000;2,28E+11;2973696;2173952
2019-06-06T05:30:00+02:00;8099000000;2,28E+11;1435648;827392
2019-06-06T05:31:00+02:00;12733000000;2,28E+11;1207296;945152
2019-06-06T05:32:00+02:00;9401000000;2,28E+11;2089984;2828288
2019-06-06T05:33:00+02:00;9255000000;2,28E+11;2089984;2828288
2019-06-06T05:34:00+02:00;6474000000;2,28E+11;2149376;1697792
2019-06-06T05:35:00+02:00;10762000000;2,28E+11;2019328;1294336
2019-06-06T05:36:00+02:00;8625000000;2,28E+11;1699840;1192960
2019-06-06T05:37:00+02:00;11391000000;2,28E+11;1699840;1157120
2019-06-06T05:38:00+02:00;7409000000;2,28E+11;1158144;1157120
2019-06-06T05:39:00+02:00;7409000000;2,28E+11;1906688;1305600
2019-06-06T05:40:00+02:00;9050000000;2,28E+11;1948672;8847360
2019-06-06T05:41:00+02:00;6692000000;2,28E+11;1308672;1110016
2019-06-06T05:42:00+02:00;12675000000;2,28E+11;1308672;1110016
2019-06-06T05:43:00+02:00;10571000000;2,28E+11;1171456;407552
2019-06-06T05:44:00+02:00;6019000000;2,28E+11;1132544;586752
2019-06-06T05:45:00+02:00;7163000000;2,28E+11;544768;230400
2019-06-06T05:46:00+02:00;8033000000;2,28E+11;940032;480256
2019-06-06T05:47:00+02:00;5948000000;2,28E+11;940032;480256
2019-06-06T05:48:00+02:00;4962000000;2,28E+11;935936;397312
2019-06-06T05:49:00+02:00;8859000000;2,28E+11;528384;194560
2019-06-06T05:50:00+02:00;8189000000;2,28E+11;820224;701440
2019-06-06T05:51:00+02:00;11014000000;2,28E+11;820224;701440
2019-06-06T05:52:00+02:00;8034000000;2,28E+11;693248;303104
2019-06-06T05:53:00+02:00;8602000000;2,28E+11;1116160;378880
2019-06-06T05:54:00+02:00;6479000000;2,28E+11;1149952;486400
2019-06-06T05:55:00+02:00;8784000000;2,28E+11;676864;712704
2019-06-06T05:56:00+02:00;7949000000;2,28E+11;676864;712704
2019-06-06T05:57:00+02:00;7344000000;2,28E+11;1176576;436224
2019-06-06T05:58:00+02:00;10180000000;2,28E+11;1096704;591872
2019-06-06T05:59:00+02:00;10103000000;2,28E+11;636928;762880
2019-06-06T06:00:00+02:00;10103000000;2,28E+11;636928;762880
2019-06-06T06:01:00+02:00;9300000000;2,28E+11;1386496;906240
2019-06-06T06:02:00+02:00;15982000000;2,28E+11;1157120;873472
2019-06-06T06:03:00+02:00;10733000000;2,28E+11;1103872;431104
2019-06-06T06:04:00+02:00;12145000000;2,28E+11;986112;414720
2019-06-06T06:05:00+02:00;10784000000;2,28E+11;986112;414720
2019-06-06T06:06:00+02:00;10489000000;2,28E+11;957440;326656
2019-06-06T06:07:00+02:00;10013000000;2,29E+11;1509376;1127424
2019-06-06T06:08:00+02:00;6600000000;2,29E+11;1211392;880640
2019-06-06T06:09:00+02:00;7934000000;2,29E+11;887808;606208
2019-06-06T06:10:00+02:00;7697000000;2,29E+11;887808;606208
2019-06-06T06:11:00+02:00;10083000000;2,29E+11;1993728;1184768
2019-06-06T06:12:00+02:00;6236000000;2,29E+11;1426432;1053696
2019-06-06T06:13:00+02:00;8089000000;2,29E+11;498688;284672
2019-06-06T06:14:00+02:00;9400000000;2,29E+11;498688;284672
2019-06-06T06:15:00+02:00;7125000000;2,29E+11;1356800;800768
2019-06-06T06:16:00+02:00;8492000000;2,29E+11;1925120;1141760
2019-06-06T06:17:00+02:00;9626000000;2,29E+11;499712;287744
2019-06-06T06:18:00+02:00;8511000000;2,29E+11;1161216;339968
2019-06-06T06:19:00+02:00;8511000000;2,29E+11;1161216;339968
2019-06-06T06:20:00+02:00;8728000000;2,29E+11;1007616;524288
2019-06-06T06:21:00+02:00;7488000000;2,29E+11;649216;489472
2019-06-06T06:22:00+02:00;13391000000;2,29E+11;625664;1297408
2019-06-06T06:23:00+02:00;9032000000;2,29E+11;631808;260096
2019-06-06T06:24:00+02:00;8828000000;2,29E+11;631808;260096
2019-06-06T06:25:00+02:00;8164000000;2,29E+11;620544;310272
2019-06-06T06:26:00+02:00;9722000000;2,29E+11;1904640;1633280
2019-06-06T06:27:00+02:00;12111000000;2,29E+11;1086464;1081344
2019-06-06T06:28:00+02:00;7931000000;2,29E+11;1086464;1081344
2019-06-06T06:29:00+02:00;7898000000;2,29E+11;1114112;646144
2019-06-06T06:30:00+02:00;7967000000;2,29E+11;2110464;1374208
2019-06-06T06:31:00+02:00;13174000000;2,29E+11;1691648;1709056
2019-06-06T06:32:00+02:00;10337000000;2,29E+11;1297408;1002496
2019-06-06T06:33:00+02:00;8602000000;2,29E+11;1297408;1002496
2019-06-06T06:34:00+02:00;7925000000;2,29E+11;1246208;547840
2019-06-06T06:35:00+02:00;9096000000;2,29E+11;598016;370688
2019-06-06T06:36:00+02:00;7943000000;2,29E+11;1892352;1095680
2019-06-06T06:37:00+02:00;9617000000;2,29E+11;1591296;1422336
2019-06-06T06:38:00+02:00;8635000000;2,29E+11;1591296;1422336
2019-06-06T06:39:00+02:00;10037000000;2,29E+11;1710080;1849344
2019-06-06T06:40:00+02:00;6007000000;2,29E+11;1434624;936960
2019-06-06T06:41:00+02:00;6007000000;2,29E+11;1727488;1035264
2019-06-06T06:42:00+02:00;12632000000;2,29E+11;1519616;855040
2019-06-06T06:43:00+02:00;8493000000;2,29E+11;1519616;855040
2019-06-06T06:44:00+02:00;6294000000;2,29E+11;2337792;1942528
2019-06-06T06:45:00+02:00;9061000000;2,29E+11;961536;1815552
2019-06-06T06:46:00+02:00;11477000000;2,29E+11;1501184;793600
2019-06-06T06:47:00+02:00;10264000000;2,29E+11;1501184;793600
2019-06-06T06:48:00+02:00;6884000000;2,29E+11;3543040;3093504
2019-06-06T06:49:00+02:00;14704000000;2,29E+11;1855488;1750016
2019-06-06T06:50:00+02:00;9052000000;2,29E+11;2414592;2078720
2019-06-06T06:51:00+02:00;11662000000;2,29E+11;1536000;1141760
2019-06-06T06:52:00+02:00;7223000000;2,29E+11;1536000;1141760
2019-06-06T06:53:00+02:00;8562000000;2,29E+11;744448;572416
2019-06-06T06:54:00+02:00;6869000000;2,29E+11;2573312;2112512
2019-06-06T06:55:00+02:00;9196000000;2,29E+11;4360192;3632128
2019-06-06T06:56:00+02:00;13936000000;2,29E+11;3897344;3580928
2019-06-06T06:57:00+02:00;14594000000;2,29E+11;3897344;3580928
2019-06-06T06:58:00+02:00;10080000000;2,29E+11;2633728;2219008
2019-06-06T06:59:00+02:00;7846000000;2,29E+11;2699264;2102272
2019-06-06T07:00:00+02:00;7846000000;2,29E+11;2973696;2421760
2019-06-06T07:01:00+02:00;11763000000;2,29E+11;2973696;2421760
2019-06-06T07:02:00+02:00;14240000000;2,29E+11;3786752;3241984
2019-06-06T07:03:00+02:00;7704000000;2,29E+11;2236416;2333696
2019-06-06T07:04:00+02:00;8272000000;2,29E+11;5704704;5049344
2019-06-06T07:05:00+02:00;10213000000;2,29E+11;3021824;2247680
2019-06-06T07:06:00+02:00;9056000000;2,29E+11;3021824;2247680
2019-06-06T07:07:00+02:00;8621000000;2,29E+11;2612224;2536448
2019-06-06T07:08:00+02:00;7185000000;2,29E+11;4278272;3613696
2019-06-06T07:09:00+02:00;8323000000;2,29E+11;4582400;4221952
2019-06-06T07:10:00+02:00;9072000000;2,29E+11;4582400;4221952
2019-06-06T07:11:00+02:00;15371000000;2,29E+11;5334016;5004288
2019-06-06T07:12:00+02:00;6277000000;2,29E+11;4947968;4580352
2019-06-06T07:13:00+02:00;11127000000;2,29E+11;5280768;5089280
2019-06-06T07:14:00+02:00;12298000000;2,29E+11;7419904;7212032
2019-06-06T07:15:00+02:00;8320000000;2,29E+11;7419904;7212032
2019-06-06T07:16:00+02:00;9178000000;2,29E+11;6868992;6892544
2019-06-06T07:17:00+02:00;8201000000;2,29E+11;5327872;5123072
2019-06-06T07:18:00+02:00;11055000000;2,29E+11;5108736;4398080
2019-06-06T07:19:00+02:00;11055000000;2,29E+11;5108736;3354624
2019-06-06T07:20:00+02:00;8773000000;2,29E+11;3856384;3354624
2019-06-06T07:21:00+02:00;7957000000;2,29E+11;5013504;5143552
2019-06-06T07:22:00+02:00;12220000000;2,29E+11;6552576;6226944
2019-06-06T07:23:00+02:00;7050000000;2,29E+11;5172224;4510720
2019-06-06T07:24:00+02:00;9325000000;2,29E+11;5172224;4510720
2019-06-06T07:25:00+02:00;9196000000;2,29E+11;6884352;6662144
2019-06-06T07:26:00+02:00;8518000000;2,29E+11;7270400;6905856
2019-06-06T07:27:00+02:00;11057000000;2,29E+11;6086656;5787648
2019-06-06T07:28:00+02:00;9961000000;2,29E+11;6845440;6231040
2019-06-06T07:29:00+02:00;7838000000;2,29E+11;6845440;6231040
2019-06-06T07:30:00+02:00;8724000000;2,29E+11;6610944;7462912
2019-06-06T07:31:00+02:00;12233000000;2,29E+11;6682624;6587392
2019-06-06T07:32:00+02:00;11778000000;2,29E+11;8220672;7320576
2019-06-06T07:33:00+02:00;9472000000;2,29E+11;8220672;7320576
2019-06-06T07:34:00+02:00;8091000000;2,29E+11;6423552;9239552
2019-06-06T07:35:00+02:00;13434000000;2,29E+11;6524928;9442304
2019-06-06T07:36:00+02:00;11286000000;2,29E+11;5446656;4848640
2019-06-06T07:37:00+02:00;11333000000;2,29E+11;7646208;7305216
2019-06-06T07:38:00+02:00;7560000000;2,29E+11;7646208;7305216
2019-06-06T07:39:00+02:00;7560000000;2,29E+11;6867968;6813696
2019-06-06T07:40:00+02:00;10760000000;2,29E+11;6123520;5929984
2019-06-06T07:41:00+02:00;8769000000;2,29E+11;5609472;4982784
2019-06-06T07:42:00+02:00;15063000000;2,29E+11;5609472;4982784
2019-06-06T07:43:00+02:00;10363000000;2,29E+11;6218752;5854208
2019-06-06T07:44:00+02:00;9454000000;2,29E+11;6892544;6619136
2019-06-06T07:45:00+02:00;7733000000;2,29E+11;5391360;5394432
2019-06-06T07:46:00+02:00;12896000000;2,29E+11;7214080;6441984
2019-06-06T07:47:00+02:00;8107000000;2,29E+11;7214080;6441984
2019-06-06T07:48:00+02:00;13020000000;2,29E+11;8371200;7808000
2019-06-06T07:49:00+02:00;18592000000;2,29E+11;4763648;4602880
2019-06-06T07:50:00+02:00;13311000000;2,29E+11;6624256;6111232
2019-06-06T07:51:00+02:00;14649000000;2,29E+11;6624256;6111232
2019-06-06T07:52:00+02:00;7373000000;2,29E+11;6663168;5938176
2019-06-06T07:53:00+02:00;11822000000;2,29E+11;6273024;5965824
2019-06-06T07:54:00+02:00;8015000000;2,29E+11;7631872;7504896
2019-06-06T07:55:00+02:00;13179000000;2,29E+11;5642240;5738496
2019-06-06T07:56:00+02:00;13136000000;2,29E+11;5642240;5738496
2019-06-06T07:57:00+02:00;16062000000;2,29E+11;6300672;7056384
2019-06-06T07:58:00+02:00;9045000000;2,29E+11;8651776;8547328
2019-06-06T07:59:00+02:00;9045000000;2,29E+11;7691264;8147968
2019-06-06T08:00:00+02:00;13023000000;2,29E+11;7691264;8147968
2019-06-06T08:01:00+02:00;9378000000;2,29E+11;7920640;7139328
2019-06-06T08:02:00+02:00;14491000000;2,29E+11;6417408;11247616
2019-06-06T08:03:00+02:00;8449000000;2,29E+11;7805952;7689216
2019-06-06T08:04:00+02:00;11724000000;2,29E+11;7805952;9784320
2019-06-06T08:05:00+02:00;9193000000;2,29E+11;10386432;9784320
2019-06-06T08:06:00+02:00;12049000000;2,29E+11;8126464;7533568
2019-06-06T08:07:00+02:00;12188000000;2,29E+11;9085952;8840192
2019-06-06T08:08:00+02:00;13062000000;2,29E+11;null;null
2019-06-06T08:09:00+02:00;11313000000;2,29E+11;null;null
2019-06-06T08:10:00+02:00;8905000000;2,29E+11;5965824;5778432
2019-06-06T08:11:00+02:00;16748000000;2,29E+11;6322176;5899264
2019-06-06T08:12:00+02:00;12926000000;2,29E+11;5287936;4764672
2019-06-06T08:13:00+02:00;13436000000;2,29E+11;5287936;4764672
2019-06-06T08:14:00+02:00;12891000000;2,29E+11;8147968;8487936
2019-06-06T08:15:00+02:00;14997000000;2,29E+11;10066944;10637312
2019-06-06T08:16:00+02:00;14799000000;2,29E+11;8091648;8346624
2019-06-06T08:17:00+02:00;14799000000;2,29E+11;10791936;10701824
2019-06-06T08:18:00+02:00;13992000000;2,29E+11;10791936;10701824
2019-06-06T08:19:00+02:00;13864000000;2,29E+11;11667456;9460736
2019-06-06T08:20:00+02:00;13971000000;2,29E+11;9910272;9764864
2019-06-06T08:21:00+02:00;11967000000;2,29E+11;9041920;8877056
2019-06-06T08:22:00+02:00;15879000000;2,29E+11;9041920;8877056
2019-06-06T08:23:00+02:00;14386000000;2,29E+11;9379840;8981504
2019-06-06T08:24:00+02:00;12267000000;2,29E+11;8707072;8108032
2019-06-06T08:25:00+02:00;12929000000;2,29E+11;7869440;7792640
2019-06-06T08:26:00+02:00;14521000000;2,29E+11;null;null
2019-06-06T08:27:00+02:00;12007000000;2,29E+11;null;null
2019-06-06T08:28:00+02:00;10546000000;2,29E+11;37383168;39015424
2019-06-06T08:29:00+02:00;14821000000;2,29E+11;32631808;34597888
2019-06-06T08:30:00+02:00;12155000000;2,29E+11;11279360;10863616
2019-06-06T08:31:00+02:00;17413000000;2,29E+11;11279360;10863616
2019-06-06T08:32:00+02:00;16147000000;2,29E+11;13408256;13730816
2019-06-06T08:33:00+02:00;21122000000;2,29E+11;11098112;11952128
2019-06-06T08:34:00+02:00;11199000000;2,29E+11;9150464;8645632
2019-06-06T08:35:00+02:00;12709000000;2,29E+11;8170496;8322048
2019-06-06T08:36:00+02:00;12709000000;2,29E+11;8170496;8322048
2019-06-06T08:37:00+02:00;12715000000;2,29E+11;8941568;8285184
2019-06-06T08:38:00+02:00;10246000000;2,29E+11;11529216;11847680
2019-06-06T08:39:00+02:00;11637000000;2,29E+11;9755648;9543680
2019-06-06T08:40:00+02:00;11647000000;2,29E+11;9755648;9543680
2019-06-06T08:41:00+02:00;13545000000;2,29E+11;10652672;10164224
2019-06-06T08:42:00+02:00;13941000000;2,29E+11;9435136;9586688
2019-06-06T08:43:00+02:00;9497000000;2,29E+11;10465280;10808320
2019-06-06T08:44:00+02:00;10835000000;2,29E+11;9127936;9292800
2019-06-06T08:45:00+02:00;9782000000;2,29E+11;9127936;9292800
2019-06-06T08:46:00+02:00;10255000000;2,29E+11;10805248;10815488
2019-06-06T08:47:00+02:00;10168000000;2,29E+11;11812864;12710912
2019-06-06T08:48:00+02:00;11604000000;2,29E+11;16598016;16843776
2019-06-06T08:49:00+02:00;13315000000;2,29E+11;16598016;10472448
2019-06-06T08:50:00+02:00;8325000000;2,29E+11;10249216;10472448
2019-06-06T08:51:00+02:00;14373000000;2,29E+11;11977728;13488128
2019-06-06T08:52:00+02:00;11958000000;2,29E+11;13556736;13656064
2019-06-06T08:53:00+02:00;14322000000;2,29E+11;12045312;12926976
2019-06-06T08:54:00+02:00;10593000000;2,29E+11;12045312;12926976
2019-06-06T08:55:00+02:00;10294000000;2,29E+11;9848832;10203136
2019-06-06T08:56:00+02:00;10294000000;2,29E+11;9610240;10473472
2019-06-06T08:57:00+02:00;10571000000;2,29E+11;14526464;13881344
2019-06-06T08:58:00+02:00;14744000000;2,29E+11;14526464;12715008
2019-06-06T08:59:00+02:00;11082000000;2,29E+11;13133824;12715008
2019-06-06T09:00:00+02:00;13469000000;2,29E+11;17391616;18031616
2019-06-06T09:01:00+02:00;10201000000;2,29E+11;15287296;15148032
2019-06-06T09:02:00+02:00;16506000000;2,29E+11;14756864;14045184
2019-06-06T09:03:00+02:00;9092000000;2,29E+11;14756864;14045184
2019-06-06T09:04:00+02:00;13486000000;2,29E+11;14699520;14830592
2019-06-06T09:05:00+02:00;12648000000;2,29E+11;15599616;15430656
2019-06-06T09:06:00+02:00;14941000000;2,29E+11;18589696;18280448
2019-06-06T09:07:00+02:00;15845000000;2,29E+11;15075328;14911488
2019-06-06T09:08:00+02:00;12127000000;2,29E+11;15075328;14911488
2019-06-06T09:09:00+02:00;12941000000;2,29E+11;13312000;13047808
2019-06-06T09:10:00+02:00;13360000000;2,29E+11;16180224;15464448
2019-06-06T09:11:00+02:00;18620000000;2,29E+11;15632384;12347392
2019-06-06T09:12:00+02:00;13578000000;2,29E+11;15632384;12347392
2019-06-06T09:13:00+02:00;13269000000;2,29E+11;11967488;15535104
2019-06-06T09:14:00+02:00;14716000000;2,29E+11;13235200;13426688
2019-06-06T09:15:00+02:00;14716000000;2,29E+11;17133568;41207808
2019-06-06T09:16:00+02:00;17923000000;2,29E+11;14439424;29158400
2019-06-06T09:17:00+02:00;17318000000;2,29E+11;14439424;29158400
2019-06-06T09:18:00+02:00;14465000000;2,29E+11;13918208;29322240
2019-06-06T09:19:00+02:00;16283000000;2,29E+11;12139520;12848128
2019-06-06T09:20:00+02:00;14452000000;2,29E+11;12597248;24066048
2019-06-06T09:21:00+02:00;16487000000;2,29E+11;12597248;24066048
2019-06-06T09:22:00+02:00;15305000000;2,29E+11;12014592;18351104
2019-06-06T09:23:00+02:00;14015000000;2,29E+11;13409280;14005248
2019-06-06T09:24:00+02:00;13575000000;2,29E+11;10834944;16545792
2019-06-06T09:25:00+02:00;17346000000;2,29E+11;12051456;11525120
2019-06-06T09:26:00+02:00;13556000000;2,29E+11;12051456;11525120
2019-06-06T09:27:00+02:00;16861000000;2,29E+11;16717824;25525248
2019-06-06T09:28:00+02:00;14324000000;2,29E+11;12248064;11049984
2019-06-06T09:29:00+02:00;19731000000;2,29E+11;12952576;11553792
2019-06-06T09:30:00+02:00;17886000000;2,29E+11;10715136;10817536
2019-06-06T09:31:00+02:00;20376000000;2,29E+11;10715136;10817536
2019-06-06T09:32:00+02:00;13393000000;2,29E+11;12960768;12015616
2019-06-06T09:33:00+02:00;13393000000;2,29E+11;16828416;17576960
2019-06-06T09:34:00+02:00;18600000000;2,29E+11;17902592;17745920
2019-06-06T09:35:00+02:00;13636000000;2,29E+11;17902592;17745920
2019-06-06T09:36:00+02:00;15615000000;2,29E+11;13358080;13557760
2019-06-06T09:37:00+02:00;14982000000;2,29E+11;14481408;12444672
2019-06-06T09:38:00+02:00;14214000000;2,29E+11;14599168;13928448
2019-06-06T09:39:00+02:00;13787000000;2,29E+11;null;null
2019-06-06T09:40:00+02:00;14891000000;2,29E+11;null;null
2019-06-06T09:41:00+02:00;16613000000;2,29E+11;11497472;10681344
2019-06-06T09:42:00+02:00;14069000000;2,29E+11;11827200;12664832
2019-06-06T09:43:00+02:00;13054000000;2,29E+11;10240000;10328064
2019-06-06T09:44:00+02:00;16380000000;2,29E+11;13156352;12615680
2019-06-06T09:45:00+02:00;13950000000;2,29E+11;13156352;12615680
2019-06-06T09:46:00+02:00;14634000000;2,29E+11;12021760;11481088
2019-06-06T09:47:00+02:00;15288000000;2,29E+11;10138624;10302464
2019-06-06T09:48:00+02:00;14233000000;2,29E+11;15185920;14717952
2019-06-06T09:49:00+02:00;16169000000;2,29E+11;15185920;14717952
2019-06-06T09:50:00+02:00;16321000000;2,29E+11;12915712;12041216
2019-06-06T09:51:00+02:00;18314000000;2,29E+11;11371520;12301312
2019-06-06T09:52:00+02:00;18314000000;2,29E+11;14026752;14903296
2019-06-06T09:53:00+02:00;14338000000;2,29E+11;null;null
2019-06-06T09:54:00+02:00;16187000000;2,29E+11;null;null
2019-06-06T09:55:00+02:00;15732000000;2,29E+11;12638208;13314048
2019-06-06T09:56:00+02:00;19196000000;2,29E+11;11049984;10977280
2019-06-06T09:57:00+02:00;13526000000;2,29E+11;9193472;10055680
2019-06-06T09:58:00+02:00;15495000000;2,29E+11;9193472;10055680
2019-06-06T09:59:00+02:00;13041000000;2,29E+11;10068992;9359360
2019-06-06T10:00:00+02:00;13031000000;2,29E+11;11867136;11268096
2019-06-06T10:01:00+02:00;19164000000;2,29E+11;11936768;12640256
2019-06-06T10:02:00+02:00;16998000000;2,29E+11;12601344;12453888
2019-06-06T10:03:00+02:00;12177000000;2,29E+11;12601344;12453888
2019-06-06T10:04:00+02:00;14559000000;2,29E+11;12278784;13237248
2019-06-06T10:05:00+02:00;15075000000;2,29E+11;11711488;11531264
2019-06-06T10:06:00+02:00;14965000000;2,29E+11;10710016;10722304
2019-06-06T10:07:00+02:00;15333000000;2,29E+11;12289024;12024832
2019-06-06T10:08:00+02:00;13694000000;2,29E+11;12289024;12024832
2019-06-06T10:09:00+02:00;15516000000;2,29E+11;10517504;10309632
2019-06-06T10:10:00+02:00;12754000000;2,29E+11;11248640;10589184
2019-06-06T10:11:00+02:00;19485000000;2,29E+11;13669376;13196288
2019-06-06T10:12:00+02:00;15802000000;2,29E+11;13669376;13196288
2019-06-06T10:13:00+02:00;15802000000;2,29E+11;18727936;18368512
2019-06-06T10:14:00+02:00;14283000000;2,29E+11;18522112;17737728
2019-06-06T10:15:00+02:00;13932000000;2,29E+11;17210368;16867328
2019-06-06T10:16:00+02:00;15825000000;2,29E+11;14887936;14346240
2019-06-06T10:17:00+02:00;16922000000;2,29E+11;14887936;14346240
2019-06-06T10:18:00+02:00;14187000000;2,29E+11;18495488;18273280
2019-06-06T10:19:00+02:00;13611000000;2,29E+11;18991104;16538624
2019-06-06T10:20:00+02:00;16886000000;2,29E+11;19272704;18945024
2019-06-06T10:21:00+02:00;18465000000;2,29E+11;19272704;18945024
2019-06-06T10:22:00+02:00;17786000000;2,29E+11;18912256;19436544
2019-06-06T10:23:00+02:00;17439000000;2,29E+11;19970048;21101568
2019-06-06T10:24:00+02:00;15573000000;2,29E+11;21242880;22217728
2019-06-06T10:25:00+02:00;17836000000;2,29E+11;19957760;20015104
2019-06-06T10:26:00+02:00;15793000000;2,29E+11;19957760;20015104
2019-06-06T10:27:00+02:00;19236000000;2,29E+11;21816320;20631552
2019-06-06T10:28:00+02:00;15912000000;2,29E+11;23497728;23475200
2019-06-06T10:29:00+02:00;19832000000;2,29E+11;27258880;27005952
2019-06-06T10:30:00+02:00;19832000000;2,29E+11;27258880;27005952
2019-06-06T10:31:00+02:00;17645000000;2,29E+11;22921216;22963200
2019-06-06T10:32:00+02:00;21046000000;2,29E+11;25226240;25973760
2019-06-06T10:33:00+02:00;15244000000;2,29E+11;24245248;24343552
2019-06-06T10:34:00+02:00;15740000000;2,29E+11;22216704;22209536
2019-06-06T10:35:00+02:00;17417000000;2,29E+11;22216704;22209536
2019-06-06T10:36:00+02:00;15573000000;2,29E+11;20787200;22403072
2019-06-06T10:37:00+02:00;14418000000;2,29E+11;21228544;21102592
2019-06-06T10:38:00+02:00;18122000000;2,29E+11;23298048;23136256
2019-06-06T10:39:00+02:00;15665000000;2,29E+11;23298048;23136256
2019-06-06T10:40:00+02:00;16483000000;2,29E+11;22591488;21915648
2019-06-06T10:41:00+02:00;19871000000;2,29E+11;21022720;21279744
2019-06-06T10:42:00+02:00;18648000000;2,29E+11;22717440;22210560
2019-06-06T10:43:00+02:00;16496000000;2,29E+11;27185152;26936320
2019-06-06T10:44:00+02:00;16469000000;2,29E+11;27185152;26936320
2019-06-06T10:45:00+02:00;18079000000;2,29E+11;24257536;24458240
2019-06-06T10:46:00+02:00;16125000000;2,29E+11;24757248;24151040
2019-06-06T10:47:00+02:00;18227000000;2,29E+11;23910400;24955904
2019-06-06T10:48:00+02:00;18126000000;2,29E+11;23910400;24955904
2019-06-06T10:49:00+02:00;18126000000;2,29E+11;20426752;20467712
2019-06-06T10:50:00+02:00;22512000000;2,29E+11;21456896;21527552
2019-06-06T10:51:00+02:00;14062000000;2,29E+11;18120704;19428352
2019-06-06T10:52:00+02:00;19836000000;2,29E+11;18120704;19428352
2019-06-06T10:53:00+02:00;17822000000;2,29E+11;19051520;19952640
2019-06-06T10:54:00+02:00;16054000000;2,29E+11;22760448;24259584
2019-06-06T10:55:00+02:00;14620000000;2,29E+11;22241280;22830080
2019-06-06T10:56:00+02:00;19829000000;2,29E+11;25589760;25492480
2019-06-06T10:57:00+02:00;16541000000;2,29E+11;25589760;25492480
2019-06-06T10:58:00+02:00;16029000000;2,29E+11;21296128;21060608
2019-06-06T10:59:00+02:00;15643000000;2,29E+11;18870272;37909504
2019-06-06T11:00:00+02:00;19931000000;2,29E+11;19819520;19660800
2019-06-06T11:01:00+02:00;22159000000;2,29E+11;19819520;19660800
2019-06-06T11:02:00+02:00;16375000000;2,29E+11;19122176;19893248
2019-06-06T11:03:00+02:00;18028000000;2,29E+11;16195584;33776640
2019-06-06T11:04:00+02:00;16423000000;2,29E+11;21108736;40445952
2019-06-06T11:05:00+02:00;18322000000;2,29E+11;20525056;21745664
2019-06-06T11:06:00+02:00;15738000000;2,29E+11;20525056;21745664
2019-06-06T11:07:00+02:00;18563000000;2,29E+11;21045248;23063552
2019-06-06T11:08:00+02:00;18563000000;2,29E+11;21100544;23270400
2019-06-06T11:09:00+02:00;15267000000;2,29E+11;21059584;21369856
2019-06-06T11:10:00+02:00;16716000000;2,29E+11;21059584;21369856
2019-06-06T11:11:00+02:00;15388000000;2,29E+11;17150976;18122752
2019-06-06T11:12:00+02:00;18929000000;2,29E+11;21339136;20737024
2019-06-06T11:13:00+02:00;14912000000;2,29E+11;19973120;19532800
2019-06-06T11:14:00+02:00;16688000000;2,29E+11;17105920;17459200
2019-06-06T11:15:00+02:00;22182000000;2,29E+11;17105920;17459200
2019-06-06T11:16:00+02:00;18316000000;2,29E+11;22520832;22372352
2019-06-06T11:17:00+02:00;18329000000;2,29E+11;23357440;22725632
2019-06-06T11:18:00+02:00;16956000000;2,29E+11;17244160;17033216
2019-06-06T11:19:00+02:00;17575000000;2,29E+11;17244160;17033216
2019-06-06T11:20:00+02:00;15392000000;2,29E+11;20163584;18742272
2019-06-06T11:21:00+02:00;17569000000;2,29E+11;17094656;18256896
2019-06-06T11:22:00+02:00;14623000000;2,29E+11;16893952;18017280
2019-06-06T11:23:00+02:00;16694000000;2,29E+11;14219264;14995456
2019-06-06T11:24:00+02:00;14602000000;2,29E+11;14219264;14995456
2019-06-06T11:25:00+02:00;15702000000;2,29E+11;16958464;17893376
2019-06-06T11:26:00+02:00;20687000000;2,29E+11;15655936;15875072
2019-06-06T11:27:00+02:00;16162000000;2,29E+11;14662656;14101504
2019-06-06T11:28:00+02:00;16162000000;2,29E+11;13646848;13810688
2019-06-06T11:29:00+02:00;16713000000;2,29E+11;13646848;13810688
2019-06-06T11:30:00+02:00;16487000000;2,29E+11;14287872;13865984
2019-06-06T11:31:00+02:00;14618000000;2,29E+11;11945984;11765760
2019-06-06T11:32:00+02:00;18875000000;2,29E+11;11396096;11159552
2019-06-06T11:33:00+02:00;14369000000;2,29E+11;11396096;11159552
2019-06-06T11:34:00+02:00;17415000000;2,29E+11;13730816;13511680
2019-06-06T11:35:00+02:00;15386000000;2,29E+11;13879296;13068288
2019-06-06T11:36:00+02:00;18625000000;2,29E+11;10842112;10943488
2019-06-06T11:37:00+02:00;17632000000;2,29E+11;10647552;10345472
2019-06-06T11:38:00+02:00;13605000000;2,29E+11;10647552;10345472
2019-06-06T11:39:00+02:00;13260000000;2,29E+11;10433536;9836544
2019-06-06T11:40:00+02:00;17020000000;2,29E+11;10722304;9548800
2019-06-06T11:41:00+02:00;19625000000;2,29E+11;6421504;6097920
2019-06-06T11:42:00+02:00;13934000000;2,29E+11;6421504;6097920
2019-06-06T11:43:00+02:00;14955000000;2,29E+11;11839488;12046336
2019-06-06T11:44:00+02:00;16839000000;2,29E+11;10785792;10013696
2019-06-06T11:45:00+02:00;14448000000;2,29E+11;13535232;13074432
2019-06-06T11:46:00+02:00;18899000000;2,29E+11;14688256;14560256
2019-06-06T11:47:00+02:00;18899000000;2,29E+11;14688256;14560256
2019-06-06T11:48:00+02:00;15245000000;2,29E+11;9499648;9368576
2019-06-06T11:49:00+02:00;13722000000;2,29E+11;9134080;8887296
2019-06-06T11:50:00+02:00;15763000000;2,29E+11;9882624;10218496
2019-06-06T11:51:00+02:00;15673000000;2,29E+11;9882624;10218496
2019-06-06T11:52:00+02:00;22165000000;2,29E+11;11626496;12753920
2019-06-06T11:53:00+02:00;13573000000;2,29E+11;19896320;10757120
2019-06-06T11:54:00+02:00;16704000000;2,29E+11;9328640;32476160
2019-06-06T11:55:00+02:00;16071000000;2,29E+11;8739840;30664704
2019-06-06T11:56:00+02:00;15122000000;2,29E+11;8739840;30664704
2019-06-06T11:57:00+02:00;13435000000;2,29E+11;8584192;29606912
2019-06-06T11:58:00+02:00;16533000000;2,29E+11;6706176;25363456
2019-06-06T11:59:00+02:00;16857000000;2,29E+11;9117696;33005568
2019-06-06T12:00:00+02:00;16315000000;2,29E+11;7954432;32197632
2019-06-06T12:01:00+02:00;23538000000;2,29E+11;7954432;32197632
2019-06-06T12:02:00+02:00;12825000000;2,29E+11;7206912;29491200
2019-06-06T12:03:00+02:00;13879000000;2,29E+11;8029184;9763840
2019-06-06T12:04:00+02:00;15544000000;2,29E+11;9714688;10007552
2019-06-06T12:05:00+02:00;15091000000;2,29E+11;9714688;10007552
2019-06-06T12:06:00+02:00;15410000000;2,29E+11;8779776;8141824
2019-06-06T12:07:00+02:00;15410000000;2,29E+11;9763840;9585664
2019-06-06T12:08:00+02:00;15554000000;2,29E+11;10931200;10743808
2019-06-06T12:09:00+02:00;18938000000;2,29E+11;10931200;10743808
2019-06-06T12:10:00+02:00;15724000000;2,29E+11;8528896;8600576
2019-06-06T12:11:00+02:00;14644000000;2,29E+11;8417280;8274944
2019-06-06T12:12:00+02:00;19098000000;2,29E+11;11907072;11314176
2019-06-06T12:13:00+02:00;15461000000;2,29E+11;10760192;10279936
2019-06-06T12:14:00+02:00;13272000000;2,29E+11;10760192;10279936
2019-06-06T12:15:00+02:00;16185000000;2,29E+11;8839168;8861696
2019-06-06T12:16:00+02:00;16960000000;2,29E+11;10265600;9626624
2019-06-06T12:17:00+02:00;12747000000;2,29E+11;12112896;12077056
2019-06-06T12:18:00+02:00;15724000000;2,29E+11;12112896;12077056
2019-06-06T12:19:00+02:00;16018000000;2,29E+11;12365824;12296192
2019-06-06T12:20:00+02:00;14007000000;2,29E+11;10723328;10366976
2019-06-06T12:21:00+02:00;17911000000;2,29E+11;12220416;12504064
2019-06-06T12:22:00+02:00;14971000000;2,29E+11;11939840;12866560
2019-06-06T12:23:00+02:00;16211000000;2,29E+11;11939840;12866560
2019-06-06T12:24:00+02:00;12621000000;2,29E+11;12311552;12971008
2019-06-06T12:25:00+02:00;15047000000;2,29E+11;12510208;13109248
2019-06-06T12:26:00+02:00;15047000000;2,29E+11;16205824;16040960
2019-06-06T12:27:00+02:00;20296000000;2,29E+11;15692800;15473664
2019-06-06T12:28:00+02:00;16421000000;2,29E+11;15692800;15473664
2019-06-06T12:29:00+02:00;12392000000;2,29E+11;13381632;12795904
2019-06-06T12:30:00+02:00;12543000000;2,29E+11;16151552;17605632
2019-06-06T12:31:00+02:00;13368000000;2,29E+11;15516672;15128576
2019-06-06T12:32:00+02:00;18291000000;2,29E+11;15516672;15128576
2019-06-06T12:33:00+02:00;15799000000;2,29E+11;16512000;16542720
2019-06-06T12:34:00+02:00;14299000000;2,29E+11;17351680;17246208
2019-06-06T12:35:00+02:00;16581000000;2,29E+11;16026624;16023552
2019-06-06T12:36:00+02:00;17138000000;2,29E+11;16891904;25026560
2019-06-06T12:37:00+02:00;17276000000;2,29E+11;16891904;25026560
2019-06-06T12:38:00+02:00;12891000000;2,29E+11;18142208;17583104
2019-06-06T12:39:00+02:00;14086000000;2,29E+11;15522816;14870528
2019-06-06T12:40:00+02:00;15400000000;2,29E+11;19025920;20305920
2019-06-06T12:41:00+02:00;22393000000;2,29E+11;19025920;20305920
2019-06-06T12:42:00+02:00;13063000000;2,29E+11;22029312;21800960
2019-06-06T12:43:00+02:00;14766000000;2,29E+11;16760832;16463872
2019-06-06T12:44:00+02:00;14001000000;2,29E+11;19530752;18855936
2019-06-06T12:45:00+02:00;14680000000;2,29E+11;19530752;18179072
2019-06-06T12:46:00+02:00;14680000000;2,29E+11;18732032;18179072
2019-06-06T12:47:00+02:00;15839000000;2,29E+11;18529280;17854464
2019-06-06T12:48:00+02:00;14655000000;2,29E+11;23412736;22330368
2019-06-06T12:49:00+02:00;20358000000;2,29E+11;19888128;19311616
2019-06-06T12:50:00+02:00;21570000000;2,29E+11;19888128;19311616
2019-06-06T12:51:00+02:00;18344000000;2,29E+11;17015808;16917504
2019-06-06T12:52:00+02:00;16996000000;2,29E+11;24948736;25768960
2019-06-06T12:53:00+02:00;15305000000;2,29E+11;28157952;28874752
2019-06-06T12:54:00+02:00;15922000000;2,29E+11;28157952;28874752
2019-06-06T12:55:00+02:00;15269000000;2,29E+11;25437184;28680192
2019-06-06T12:56:00+02:00;14607000000;2,29E+11;34551808;34345984
2019-06-06T12:57:00+02:00;15055000000;2,29E+11;27175936;26695680
2019-06-06T12:58:00+02:00;15173000000;2,29E+11;22898688;22658048
2019-06-06T12:59:00+02:00;15846000000;2,29E+11;22898688;22658048
2019-06-06T13:00:00+02:00;14685000000;2,29E+11;24397824;24305664
2019-06-06T13:01:00+02:00;19364000000;2,29E+11;23362560;22778880
2019-06-06T13:02:00+02:00;17273000000;2,29E+11;24340480;23745536
2019-06-06T13:03:00+02:00;17273000000;2,29E+11;24340480;23745536
2019-06-06T13:04:00+02:00;13033000000;2,29E+11;23288832;22553600
2019-06-06T13:05:00+02:00;13090000000;2,29E+11;25365504;25637888
2019-06-06T13:06:00+02:00;15627000000;2,29E+11;24066048;23283712
2019-06-06T13:07:00+02:00;18002000000;2,29E+11;36992000;36899840
2019-06-06T13:08:00+02:00;15837000000;2,29E+11;36992000;36899840
2019-06-06T13:09:00+02:00;15403000000;2,29E+11;21885952;21740544
2019-06-06T13:10:00+02:00;13441000000;2,29E+11;22285312;21767168
2019-06-06T13:11:00+02:00;19756000000;2,29E+11;19503104;19191808
2019-06-06T13:12:00+02:00;15204000000;2,29E+11;19503104;19191808
2019-06-06T13:13:00+02:00;18492000000;2,29E+11;21662720;21506048
2019-06-06T13:14:00+02:00;14569000000;2,29E+11;22703104;22448128
2019-06-06T13:15:00+02:00;16164000000;2,29E+11;19334144;19368960
2019-06-06T13:16:00+02:00;18598000000;2,29E+11;22520832;22118400
2019-06-06T13:17:00+02:00;15025000000;2,29E+11;22520832;22118400
2019-06-06T13:18:00+02:00;14341000000;2,29E+11;21102592;20653056
2019-06-06T13:19:00+02:00;14060000000;2,29E+11;24650752;24623104
2019-06-06T13:20:00+02:00;19268000000;2,29E+11;24678400;23946240
2019-06-06T13:21:00+02:00;19268000000;2,29E+11;24678400;23946240
2019-06-06T13:22:00+02:00;18971000000;2,29E+11;23833600;24765440
2019-06-06T13:23:00+02:00;14833000000;2,29E+11;21065728;22590464
2019-06-06T13:24:00+02:00;14973000000;2,29E+11;24247296;24844288
2019-06-06T13:25:00+02:00;14344000000;2,29E+11;21037056;20588544
2019-06-06T13:26:00+02:00;15744000000;2,29E+11;21037056;20588544
2019-06-06T13:27:00+02:00;14949000000;2,29E+11;18201600;17996800
2019-06-06T13:28:00+02:00;18087000000;2,29E+11;17819648;17770496
2019-06-06T13:29:00+02:00;16067000000;2,29E+11;20318208;43560960
2019-06-06T13:30:00+02:00;14765000000;2,29E+11;20318208;43560960
2019-06-06T13:31:00+02:00;18374000000;2,29E+11;20156416;29613056
2019-06-06T13:32:00+02:00;14793000000;2,29E+11;24381440;34259968
2019-06-06T13:33:00+02:00;15245000000;2,29E+11;20952064;35919872
2019-06-06T13:34:00+02:00;19512000000;2,29E+11;20420608;20332544
2019-06-06T13:35:00+02:00;14706000000;2,29E+11;20420608;20332544
2019-06-06T13:36:00+02:00;17882000000;2,29E+11;20847616;42085376
2019-06-06T13:37:00+02:00;18008000000;2,29E+11;21228544;30067712
2019-06-06T13:38:00+02:00;15865000000;2,29E+11;23092224;26246144
2019-06-06T13:39:00+02:00;17028000000;2,29E+11;21230592;47794176
2019-06-06T13:40:00+02:00;14348000000;2,29E+11;21230592;47794176
2019-06-06T13:41:00+02:00;20598000000;2,29E+11;24371200;37093376
2019-06-06T13:42:00+02:00;20598000000;2,29E+11;26489856;54837248
2019-06-06T13:43:00+02:00;14248000000;2,29E+11;27590656;34418688
2019-06-06T13:44:00+02:00;18948000000;2,29E+11;27590656;34418688
2019-06-06T13:45:00+02:00;15117000000;2,29E+11;30482432;30751744
2019-06-06T13:46:00+02:00;16558000000;2,29E+11;25922560;26350592
2019-06-06T13:47:00+02:00;15972000000;2,29E+11;25540608;50915328
2019-06-06T13:48:00+02:00;18893000000;2,29E+11;26231808;41308160
2019-06-06T13:49:00+02:00;21225000000;2,29E+11;26231808;41308160
2019-06-06T13:50:00+02:00;16354000000;2,29E+11;28446720;36402176
2019-06-06T13:51:00+02:00;19719000000;2,29E+11;31579136;44498944
2019-06-06T13:52:00+02:00;18036000000;2,29E+11;32386048;38779904
2019-06-06T13:53:00+02:00;15814000000;2,29E+11;32386048;38779904
2019-06-06T13:54:00+02:00;16414000000;2,29E+11;32123904;33073152
2019-06-06T13:55:00+02:00;16665000000;2,29E+11;30230528;32801792
2019-06-06T13:56:00+02:00;17067000000;2,29E+11;29794304;59290624
2019-06-06T13:57:00+02:00;19255000000;2,29E+11;30584832;33097728
2019-06-06T13:58:00+02:00;15451000000;2,29E+11;30584832;33097728
2019-06-06T13:59:00+02:00;19038000000;2,29E+11;30898176;38518784
2019-06-06T14:00:00+02:00;15062000000;2,29E+11;28702720;45995008
2019-06-06T14:01:00+02:00;15062000000;2,29E+11;28729344;47753216
2019-06-06T14:02:00+02:00;23899000000;2,29E+11;25592832;25077760
2019-06-06T14:03:00+02:00;17880000000;2,29E+11;25592832;25077760
2019-06-06T14:04:00+02:00;14905000000;2,29E+11;38857728;31589376
2019-06-06T14:05:00+02:00;17754000000;2,29E+11;25783296;27071488
2019-06-06T14:06:00+02:00;15299000000;2,29E+11;24096768;25117696
2019-06-06T14:07:00+02:00;15933000000;2,29E+11;24096768;25117696
2019-06-06T14:08:00+02:00;16534000000;2,29E+11;24912896;25942016
2019-06-06T14:09:00+02:00;17394000000;2,29E+11;26678272;26484736
2019-06-06T14:10:00+02:00;17264000000;2,29E+11;28691456;28542976
2019-06-06T14:11:00+02:00;19676000000;2,29E+11;25657344;25497600
2019-06-06T14:12:00+02:00;13743000000;2,29E+11;25657344;25497600
2019-06-06T14:13:00+02:00;17119000000;2,29E+11;29665280;29478912
2019-06-06T14:14:00+02:00;15745000000;2,29E+11;24984576;24468480
2019-06-06T14:15:00+02:00;17608000000;2,29E+11;30379008;30441472
2019-06-06T14:16:00+02:00;20315000000;2,29E+11;30379008;30441472
2019-06-06T14:17:00+02:00;21149000000;2,29E+11;27032576;26902528
2019-06-06T14:18:00+02:00;16705000000;2,29E+11;24123392;23723008
2019-06-06T14:19:00+02:00;16789000000;2,29E+11;24144896;23982080
2019-06-06T14:20:00+02:00;16789000000;2,29E+11;24708096;23788544
2019-06-06T14:21:00+02:00;19007000000;2,29E+11;24708096;23788544
2019-06-06T14:22:00+02:00;19577000000;2,29E+11;22173696;22333440
2019-06-06T14:23:00+02:00;17404000000;2,29E+11;22883328;23997440
2019-06-06T14:24:00+02:00;16823000000;2,29E+11;26892288;27546624
2019-06-06T14:25:00+02:00;19429000000;2,29E+11;26892288;27546624
2019-06-06T14:26:00+02:00;15829000000;2,29E+11;24357888;24945664
2019-06-06T14:27:00+02:00;16255000000;2,29E+11;24168448;24912896
2019-06-06T14:28:00+02:00;13771000000;2,29E+11;22900736;22825984
2019-06-06T14:29:00+02:00;17634000000;2,29E+11;20291584;20012032
2019-06-06T14:30:00+02:00;14958000000;2,29E+11;20291584;20012032
2019-06-06T14:31:00+02:00;21338000000;2,29E+11;17472512;16992256
2019-06-06T14:32:00+02:00;18962000000;2,29E+11;19390464;18982912
2019-06-06T14:33:00+02:00;19525000000;2,29E+11;21182464;20990976
2019-06-06T14:34:00+02:00;18586000000;2,29E+11;21182464;20990976
2019-06-06T14:35:00+02:00;15289000000;2,29E+11;19489792;19008512
2019-06-06T14:36:00+02:00;15397000000;2,29E+11;17469440;16771072
2019-06-06T14:37:00+02:00;15365000000;2,29E+11;16932864;17017856
2019-06-06T14:38:00+02:00;18510000000;2,29E+11;20526080;20968448
2019-06-06T14:39:00+02:00;18510000000;2,29E+11;20526080;20968448
2019-06-06T14:40:00+02:00;15904000000;2,29E+11;22455296;21266432
2019-06-06T14:41:00+02:00;15441000000;2,29E+11;17590272;17710080
2019-06-06T14:42:00+02:00;20380000000;2,29E+11;19181568;19893248
2019-06-06T14:43:00+02:00;15904000000;2,29E+11;19181568;19893248
2019-06-06T14:44:00+02:00;15878000000;2,29E+11;21045248;20198400
2019-06-06T14:45:00+02:00;14502000000;2,29E+11;19113984;19064832
2019-06-06T14:46:00+02:00;17391000000;2,29E+11;21353472;21196800
2019-06-06T14:47:00+02:00;18582000000;2,29E+11;31830016;23586816
2019-06-06T14:48:00+02:00;17493000000;2,29E+11;31830016;23586816
2019-06-06T14:49:00+02:00;19022000000;2,29E+11;30497792;19944448
2019-06-06T14:50:00+02:00;13503000000;2,29E+11;22575104;21946368
2019-06-06T14:51:00+02:00;19523000000;2,29E+11;21632000;21761024
2019-06-06T14:52:00+02:00;14206000000;2,29E+11;21632000;21761024
2019-06-06T14:53:00+02:00;14860000000;2,29E+11;21619712;48787456
2019-06-06T14:54:00+02:00;14664000000;2,29E+11;24973312;25267200
2019-06-06T14:55:00+02:00;16483000000;2,29E+11;22089728;22630400
2019-06-06T14:56:00+02:00;18134000000;2,29E+11;27834368;23118848
2019-06-06T14:57:00+02:00;18050000000;2,29E+11;27834368;23118848
2019-06-06T14:58:00+02:00;17200000000;2,29E+11;27743232;22245376
2019-06-06T14:59:00+02:00;17173000000;2,29E+11;33803264;25628672
2019-06-06T15:00:00+02:00;17173000000;2,29E+11;22302720;21915648
2019-06-06T15:01:00+02:00;18932000000;2,29E+11;22302720;21915648
2019-06-06T15:02:00+02:00;21455000000;2,29E+11;18412544;36696064
2019-06-06T15:03:00+02:00;14273000000;2,29E+11;19290112;37214208
2019-06-06T15:04:00+02:00;14527000000;2,29E+11;21361664;36785152
2019-06-06T15:05:00+02:00;13301000000;2,29E+11;17121280;41299968
2019-06-06T15:06:00+02:00;15080000000;2,29E+11;17121280;41299968
2019-06-06T15:07:00+02:00;13397000000;2,29E+11;24404992;47496192
2019-06-06T15:08:00+02:00;13696000000;2,29E+11;19800064;36902912
2019-06-06T15:09:00+02:00;15029000000;2,29E+11;19596288;21496832
2019-06-06T15:10:00+02:00;16002000000;2,29E+11;19596288;21496832
2019-06-06T15:11:00+02:00;17542000000;2,29E+11;16799744;16581632
2019-06-06T15:12:00+02:00;14312000000;2,29E+11;16337920;15759360
2019-06-06T15:13:00+02:00;15942000000;2,29E+11;19319808;17596416
2019-06-06T15:14:00+02:00;15616000000;2,29E+11;21156864;20999168
2019-06-06T15:15:00+02:00;17245000000;2,29E+11;21156864;20999168
2019-06-06T15:16:00+02:00;17613000000;2,29E+11;17790976;18360320
2019-06-06T15:17:00+02:00;15028000000;2,29E+11;21079040;20807680
2019-06-06T15:18:00+02:00;15247000000;2,29E+11;20178944;19449856
2019-06-06T15:19:00+02:00;18818000000;2,29E+11;20178944;19449856
2019-06-06T15:20:00+02:00;16833000000;2,29E+11;18422784;18916352
2019-06-06T15:21:00+02:00;16833000000;2,29E+11;19192832;18399232
2019-06-06T15:22:00+02:00;18757000000;2,29E+11;22590464;20943872
2019-06-06T15:23:00+02:00;14032000000;2,29E+11;19991552;20015104
2019-06-06T15:24:00+02:00;16550000000;2,29E+11;19991552;20015104
2019-06-06T15:25:00+02:00;17832000000;2,29E+11;18493440;18991104
2019-06-06T15:26:00+02:00;12805000000;2,29E+11;18394112;18906112
2019-06-06T15:27:00+02:00;15033000000;2,29E+11;15993856;16914432
2019-06-06T15:28:00+02:00;17426000000;2,29E+11;15993856;16914432
2019-06-06T15:29:00+02:00;14882000000;2,29E+11;17674240;18059264
2019-06-06T15:30:00+02:00;12587000000;2,29E+11;18036736;17528832
2019-06-06T15:31:00+02:00;19971000000;2,29E+11;20923392;20503552
2019-06-06T15:32:00+02:00;14012000000;2,29E+11;18095104;17571840
2019-06-06T15:33:00+02:00;15176000000;2,29E+11;18095104;17571840
2019-06-06T15:34:00+02:00;16997000000;2,29E+11;18376704;18306048
2019-06-06T15:35:00+02:00;17784000000;2,29E+11;17789952;16940032
2019-06-06T15:36:00+02:00;17422000000;2,29E+11;20272128;19770368
2019-06-06T15:37:00+02:00;15164000000;2,29E+11;20272128;19770368
2019-06-06T15:38:00+02:00;15899000000;2,29E+11;18461696;17917952
2019-06-06T15:39:00+02:00;15565000000;2,29E+11;18288640;18019328
2019-06-06T15:40:00+02:00;16605000000;2,29E+11;20785152;20070400
2019-06-06T15:41:00+02:00;16605000000;2,29E+11;18228224;17790976
2019-06-06T15:42:00+02:00;21632000000;2,29E+11;18228224;17790976
2019-06-06T15:43:00+02:00;16364000000;2,29E+11;22043648;21792768
2019-06-06T15:44:00+02:00;14768000000;2,29E+11;20984832;20752384
2019-06-06T15:45:00+02:00;15501000000;2,29E+11;22296576;21508096
2019-06-06T15:46:00+02:00;17287000000;2,29E+11;22296576;21508096
2019-06-06T15:47:00+02:00;16377000000;2,29E+11;25023488;24017920
2019-06-06T15:48:00+02:00;15176000000;2,29E+11;21084160;22672384
2019-06-06T15:49:00+02:00;20256000000;2,29E+11;24424448;47004672
2019-06-06T15:50:00+02:00;16742000000;2,29E+11;22673408;31982592
2019-06-06T15:51:00+02:00;19601000000;2,29E+11;22673408;31982592
2019-06-06T15:52:00+02:00;15957000000;2,29E+11;22891520;34176000
2019-06-06T15:53:00+02:00;15612000000;2,29E+11;25079808;40170496
2019-06-06T15:54:00+02:00;18207000000;2,29E+11;23695360;48263168
2019-06-06T15:55:00+02:00;16858000000;2,25E+11;23695360;48263168
2019-06-06T15:56:00+02:00;18771000000;2,25E+11;19164160;19918848
2019-06-06T15:57:00+02:00;15763000000;2,25E+11;16975872;17814528
2019-06-06T15:58:00+02:00;15258000000;2,25E+11;17320960;17665024
2019-06-06T15:59:00+02:00;15258000000;2,25E+11;16388096;16714752
2019-06-06T16:00:00+02:00;20137000000;2,25E+11;16388096;16714752
2019-06-06T16:01:00+02:00;14562000000;2,25E+11;15068160;15185920
2019-06-06T16:02:00+02:00;20069000000;2,25E+11;14865408;15347712
2019-06-06T16:03:00+02:00;15042000000;2,25E+11;16218112;16453632
2019-06-06T16:04:00+02:00;18170000000;2,25E+11;16218112;16408576
2019-06-06T16:05:00+02:00;16041000000;2,25E+11;16624640;16408576
2019-06-06T16:06:00+02:00;15921000000;2,25E+11;13673472;13775872
2019-06-06T16:07:00+02:00;15012000000;2,25E+11;18173952;18404352
2019-06-06T16:08:00+02:00;17331000000;2,25E+11;17507328;17400832
2019-06-06T16:09:00+02:00;17968000000;2,25E+11;17507328;17400832
2019-06-06T16:10:00+02:00;17593000000;2,25E+11;18046976;18173952
2019-06-06T16:11:00+02:00;17654000000;2,25E+11;20028416;19392512
2019-06-06T16:12:00+02:00;15813000000;2,25E+11;20359168;19019776
2019-06-06T16:13:00+02:00;17197000000;2,25E+11;20359168;19019776
2019-06-06T16:14:00+02:00;23165000000;2,25E+11;27804672;20018176
2019-06-06T16:15:00+02:00;17516000000;2,25E+11;19912704;19440640
2019-06-06T16:16:00+02:00;19675000000;2,25E+11;22780928;22047744
2019-06-06T16:17:00+02:00;17194000000;2,25E+11;22780928;22047744
2019-06-06T16:18:00+02:00;17422000000;2,25E+11;20860928;20642816
2019-06-06T16:19:00+02:00;17422000000;2,25E+11;24012800;23783424
2019-06-06T16:20:00+02:00;18475000000;2,25E+11;22170624;22061056
2019-06-06T16:21:00+02:00;16884000000;2,25E+11;24518656;24029184
2019-06-06T16:22:00+02:00;19852000000;2,25E+11;24518656;24029184
2019-06-06T16:23:00+02:00;13548000000;2,25E+11;null;null
2019-06-06T16:24:00+02:00;14508000000;2,25E+11;17925120;18153472
2019-06-06T16:25:00+02:00;18823000000;2,25E+11;20349952;21007360
2019-06-06T16:26:00+02:00;16501000000;2,25E+11;20349952;21007360
2019-06-06T16:27:00+02:00;17586000000;2,25E+11;19641344;20125696
2019-06-06T16:28:00+02:00;14783000000;2,25E+11;25826304;26624000
2019-06-06T16:29:00+02:00;17006000000;2,25E+11;21918720;21494784
2019-06-06T16:30:00+02:00;14876000000;2,25E+11;21918720;21494784
2019-06-06T16:31:00+02:00;18678000000;2,25E+11;23682048;23553024
2019-06-06T16:32:00+02:00;18624000000;2,25E+11;28393472;30240768
2019-06-06T16:33:00+02:00;15442000000;2,25E+11;31397888;30860288
2019-06-06T16:34:00+02:00;17797000000;2,25E+11;26199040;26084352
2019-06-06T16:35:00+02:00;15313000000;2,25E+11;26199040;26084352
2019-06-06T16:36:00+02:00;18572000000;2,25E+11;22707200;22560768
2019-06-06T16:37:00+02:00;14448000000;2,25E+11;27844608;27393024
2019-06-06T16:38:00+02:00;14448000000;2,25E+11;26753024;26553344
2019-06-06T16:39:00+02:00;16599000000;2,25E+11;26753024;29588480
2019-06-06T16:40:00+02:00;20062000000;2,25E+11;30299136;29588480
2019-06-06T16:41:00+02:00;14064000000;2,25E+11;27977728;27656192
2019-06-06T16:42:00+02:00;17042000000;2,25E+11;26041344;25875456
2019-06-06T16:43:00+02:00;14452000000;2,25E+11;31271936;30676992
2019-06-06T16:44:00+02:00;17683000000;2,25E+11;31271936;30676992
2019-06-06T16:45:00+02:00;14683000000;2,25E+11;27628544;27122688
2019-06-06T16:46:00+02:00;14763000000;2,25E+11;27075584;27217920
2019-06-06T16:47:00+02:00;14198000000;2,25E+11;25026560;24929280
2019-06-06T16:48:00+02:00;16124000000;2,25E+11;24488960;24065024
2019-06-06T16:49:00+02:00;16263000000;2,25E+11;24488960;24065024
2019-06-06T16:50:00+02:00;14937000000;2,25E+11;24676352;24531968
2019-06-06T16:51:00+02:00;16958000000;2,25E+11;26392576;25931776
2019-06-06T16:52:00+02:00;15886000000;2,25E+11;24747008;24167424
2019-06-06T16:53:00+02:00;17435000000;2,25E+11;24747008;24167424
2019-06-06T16:54:00+02:00;16539000000;2,25E+11;27044864;26856448
2019-06-06T16:55:00+02:00;14655000000;2,25E+11;22474752;23689216
2019-06-06T16:56:00+02:00;14816000000;2,25E+11;23599104;28965888
2019-06-06T16:57:00+02:00;14816000000;2,25E+11;23599104;26861568
2019-06-06T16:58:00+02:00;16760000000;2,25E+11;26247168;26861568
2019-06-06T16:59:00+02:00;12944000000;2,25E+11;23560192;23190528
2019-06-06T17:00:00+02:00;14064000000;2,25E+11;26014720;25886720
2019-06-06T17:01:00+02:00;12796000000;2,25E+11;29822976;29195264
2019-06-06T17:02:00+02:00;21774000000;2,25E+11;29822976;29195264
2019-06-06T17:03:00+02:00;16699000000;2,25E+11;29168640;27791360
2019-06-06T17:04:00+02:00;17896000000;2,25E+11;27851776;27839488
2019-06-06T17:05:00+02:00;18687000000;2,25E+11;30403584;30003200
2019-06-06T17:06:00+02:00;17309000000;2,25E+11;30403584;30003200
2019-06-06T17:07:00+02:00;15662000000;2,25E+11;30019584;30368768
2019-06-06T17:08:00+02:00;18095000000;2,25E+11;21523456;20919296
2019-06-06T17:09:00+02:00;15175000000;2,25E+11;29431808;29562880
2019-06-06T17:10:00+02:00;16481000000;2,25E+11;24300544;24835072
2019-06-06T17:11:00+02:00;19023000000;2,25E+11;24300544;24835072
2019-06-06T17:12:00+02:00;13853000000;2,25E+11;25382912;24750080
2019-06-06T17:13:00+02:00;17013000000;2,25E+11;24506368;23809024
2019-06-06T17:14:00+02:00;17827000000;2,25E+11;24211456;23995392
2019-06-06T17:15:00+02:00;16708000000;2,25E+11;24211456;23995392
2019-06-06T17:16:00+02:00;16708000000;2,25E+11;26989568;26247168
2019-06-06T17:17:00+02:00;16971000000;2,25E+11;24807424;24411136
2019-06-06T17:18:00+02:00;17572000000;2,25E+11;24134656;23835648
2019-06-06T17:19:00+02:00;16445000000;2,25E+11;24134656;23835648
2019-06-06T17:20:00+02:00;16995000000;2,25E+11;22469632;22224896
2019-06-06T17:21:00+02:00;13989000000;2,25E+11;23269376;23842816
2019-06-06T17:22:00+02:00;16719000000;2,25E+11;23200768;22710272
2019-06-06T17:23:00+02:00;18439000000;2,25E+11;23751680;23446528
2019-06-06T17:24:00+02:00;17299000000;2,25E+11;23751680;23446528
2019-06-06T17:25:00+02:00;17636000000;2,25E+11;24637440;24907776
2019-06-06T17:26:00+02:00;18988000000;2,25E+11;21799936;23820288
2019-06-06T17:27:00+02:00;19918000000;2,25E+11;22376448;24153088
2019-06-06T17:28:00+02:00;14439000000;2,25E+11;22376448;24153088
2019-06-06T17:29:00+02:00;18401000000;2,25E+11;24958976;25741312
2019-06-06T17:30:00+02:00;15707000000;2,25E+11;23313408;23887872
2019-06-06T17:31:00+02:00;18947000000;2,25E+11;23933952;24071168
2019-06-06T17:32:00+02:00;14428000000;2,25E+11;23933952;24071168
2019-06-06T17:33:00+02:00;15865000000;2,25E+11;19769344;19761152
2019-06-06T17:34:00+02:00;15579000000;2,25E+11;19510272;19192832
2019-06-06T17:35:00+02:00;15869000000;2,25E+11;19470336;18447360
2019-06-06T17:36:00+02:00;15869000000;2,25E+11;22716416;22416384
2019-06-06T17:37:00+02:00;16850000000;2,25E+11;22716416;22416384
2019-06-06T17:38:00+02:00;16115000000;2,25E+11;23435264;23222272
2019-06-06T17:39:00+02:00;14686000000;2,25E+11;22662144;23811072
2019-06-06T17:40:00+02:00;19786000000;2,25E+11;23284736;24016896
2019-06-06T17:41:00+02:00;18917000000;2,25E+11;23284736;24016896
2019-06-06T17:42:00+02:00;16796000000;2,25E+11;24287232;24613888
2019-06-06T17:43:00+02:00;19375000000;2,25E+11;20860928;21574656
2019-06-06T17:44:00+02:00;17264000000;2,25E+11;23131136;23104512
2019-06-06T17:45:00+02:00;18262000000;2,25E+11;19514368;19197952
2019-06-06T17:46:00+02:00;19197000000;2,25E+11;19514368;19197952
2019-06-06T17:47:00+02:00;18851000000;2,25E+11;17501184;18153472
2019-06-06T17:48:00+02:00;15876000000;2,25E+11;21538816;21006336
2019-06-06T17:49:00+02:00;21890000000;2,25E+11;31110144;28103680
2019-06-06T17:50:00+02:00;21118000000;2,25E+11;31110144;28103680
2019-06-06T17:51:00+02:00;19984000000;2,25E+11;22707200;21213184
2019-06-06T17:52:00+02:00;16375000000;2,25E+11;20493312;20285440
2019-06-06T17:53:00+02:00;17330000000;2,25E+11;21760000;22550528
2019-06-06T17:54:00+02:00;20340000000;2,25E+11;21760000;22550528
2019-06-06T17:55:00+02:00;20340000000;2,25E+11;24975360;24896512
2019-06-06T17:56:00+02:00;15300000000;2,25E+11;21415936;21900288
2019-06-06T17:57:00+02:00;16420000000;2,25E+11;21725184;22622208
2019-06-06T17:58:00+02:00;17606000000;2,25E+11;21187584;21374976
2019-06-06T17:59:00+02:00;16170000000;2,25E+11;21187584;21374976
2019-06-06T18:00:00+02:00;16480000000;2,25E+11;23491584;23235584
2019-06-06T18:01:00+02:00;14882000000;2,25E+11;24463360;25021440
2019-06-06T18:02:00+02:00;23325000000;2,25E+11;22179840;22374400
2019-06-06T18:03:00+02:00;17361000000;2,25E+11;22179840;22374400
2019-06-06T18:04:00+02:00;15776000000;2,25E+11;24911872;24521728
2019-06-06T18:05:00+02:00;17455000000;2,25E+11;22282240;22942720
2019-06-06T18:06:00+02:00;16845000000;2,25E+11;26550272;27172864
2019-06-06T18:07:00+02:00;16995000000;2,25E+11;21470208;21840896
2019-06-06T18:08:00+02:00;14222000000;2,25E+11;21470208;21840896
2019-06-06T18:09:00+02:00;14902000000;2,25E+11;22068224;21983232
2019-06-06T18:10:00+02:00;13796000000;2,25E+11;22087680;21783552
2019-06-06T18:11:00+02:00;21422000000;2,25E+11;20444160;35207168
2019-06-06T18:12:00+02:00;16431000000;2,25E+11;20444160;17931264
2019-06-06T18:13:00+02:00;13156000000;2,25E+11;18402304;17931264
2019-06-06T18:14:00+02:00;13156000000;2,25E+11;17974272;17868800
2019-06-06T18:15:00+02:00;14305000000;2,25E+11;19148800;19180544
2019-06-06T18:16:00+02:00;13860000000;2,25E+11;19545088;19186688
2019-06-06T18:17:00+02:00;15496000000;2,25E+11;19545088;19186688
2019-06-06T18:18:00+02:00;13922000000;2,25E+11;19433472;19006464
2019-06-06T18:19:00+02:00;12894000000;2,25E+11;20475904;20111360
2019-06-06T18:20:00+02:00;16595000000;2,25E+11;20175872;20790272
2019-06-06T18:21:00+02:00;13306000000;2,25E+11;22478848;22544384
2019-06-06T18:22:00+02:00;15051000000;2,25E+11;22478848;22544384
2019-06-06T18:23:00+02:00;12756000000;2,25E+11;20132864;19563520
2019-06-06T18:24:00+02:00;13311000000;2,25E+11;19145728;19281920
2019-06-06T18:25:00+02:00;14800000000;2,25E+11;19072000;18073600
2019-06-06T18:26:00+02:00;18153000000;2,25E+11;19072000;18073600
2019-06-06T18:27:00+02:00;13836000000;2,25E+11;21143552;21095424
2019-06-06T18:28:00+02:00;14760000000;2,25E+11;23717888;23452672
2019-06-06T18:29:00+02:00;18331000000;2,25E+11;23012352;23970816
2019-06-06T18:30:00+02:00;14880000000;2,25E+11;21588992;21332992
2019-06-06T18:31:00+02:00;16535000000;2,25E+11;21588992;21332992
2019-06-06T18:32:00+02:00;10825000000;2,25E+11;13476864;13763584
2019-06-06T18:33:00+02:00;12842000000;2,25E+11;6840320;6785024
2019-06-06T18:34:00+02:00;14549000000;2,25E+11;10698752;10391552
2019-06-06T18:35:00+02:00;14549000000;2,25E+11;10698752;5201920
2019-06-06T18:36:00+02:00;11824000000;2,25E+11;5565440;5201920
2019-06-06T18:37:00+02:00;13057000000;2,25E+11;13744128;14059520
2019-06-06T18:38:00+02:00;11068000000;2,25E+11;5195776;4948992
2019-06-06T18:39:00+02:00;10657000000;2,25E+11;11830272;10884096
2019-06-06T18:40:00+02:00;14520000000;2,25E+11;11830272;10884096
2019-06-06T18:41:00+02:00;13394000000;2,25E+11;10375168;9714688
2019-06-06T18:42:00+02:00;7611000000;2,25E+11;13687808;13623296
2019-06-06T18:43:00+02:00;11182000000;2,25E+11;7740416;7945216
2019-06-06T18:44:00+02:00;10175000000;2,25E+11;7740416;7945216
2019-06-06T18:45:00+02:00;10326000000;2,25E+11;14162944;13727744
2019-06-06T18:46:00+02:00;11682000000;2,25E+11;14302208;13900800
2019-06-06T18:47:00+02:00;10988000000;2,25E+11;9575424;9709568
2019-06-06T18:48:00+02:00;15181000000;2,25E+11;9748480;9763840
2019-06-06T18:49:00+02:00;12962000000;2,25E+11;9748480;9763840
2019-06-06T18:50:00+02:00;10370000000;2,25E+11;10583040;10458112
2019-06-06T18:51:00+02:00;13493000000;2,25E+11;11169792;10900480
2019-06-06T18:52:00+02:00;11994000000;2,25E+11;3317760;3103744
2019-06-06T18:53:00+02:00;12381000000;2,25E+11;3317760;11025408
2019-06-06T18:54:00+02:00;12223000000;2,25E+11;11302912;11025408
2019-06-06T18:55:00+02:00;12389000000;2,25E+11;6682624;6624256
2019-06-06T18:56:00+02:00;12389000000;2,25E+11;12101632;12266496
2019-06-06T18:57:00+02:00;11747000000;2,25E+11;10418176;10201088
2019-06-06T18:58:00+02:00;17861000000;2,25E+11;10418176;10201088
2019-06-06T18:59:00+02:00;11185000000;2,25E+11;8395776;7948288
2019-06-06T19:00:00+02:00;13178000000;2,25E+11;8297472;7852032
2019-06-06T19:01:00+02:00;9767000000;2,25E+11;4033536;3934208
2019-06-06T19:02:00+02:00;12992000000;2,25E+11;4033536;3934208
2019-06-06T19:03:00+02:00;12274000000;2,25E+11;10678272;11102208
2019-06-06T19:04:00+02:00;14150000000;2,25E+11;5117952;4935680
2019-06-06T19:05:00+02:00;13524000000;2,25E+11;5339136;6672384
2019-06-06T19:06:00+02:00;14370000000;2,25E+11;13213696;14698496
2019-06-06T19:07:00+02:00;16063000000;2,25E+11;13213696;14698496
2019-06-06T19:08:00+02:00;11672000000;2,25E+11;11335680;11496448
2019-06-06T19:09:00+02:00;14276000000;2,25E+11;11616256;11627520
2019-06-06T19:10:00+02:00;14340000000;2,25E+11;11529216;11043840
2019-06-06T19:11:00+02:00;16811000000;2,25E+11;11529216;11043840
2019-06-06T19:12:00+02:00;15825000000;2,25E+11;11137024;11380736
2019-06-06T19:13:00+02:00;15825000000;2,25E+11;9118720;9012224
2019-06-06T19:14:00+02:00;12716000000;2,25E+11;7601152;7180288
2019-06-06T19:15:00+02:00;13385000000;2,25E+11;7601152;7180288
2019-06-06T19:16:00+02:00;12941000000;2,25E+11;8784896;8852480
2019-06-06T19:17:00+02:00;11541000000;2,25E+11;8526848;9313280
2019-06-06T19:18:00+02:00;14060000000;2,25E+11;11796480;11551744
2019-06-06T19:19:00+02:00;11076000000;2,25E+11;15932416;15739904
2019-06-06T19:20:00+02:00;11033000000;2,25E+11;15932416;15739904
2019-06-06T19:21:00+02:00;14066000000;2,25E+11;10785792;10761216
2019-06-06T19:22:00+02:00;10929000000;2,25E+11;12801024;12179456
2019-06-06T19:23:00+02:00;12847000000;2,25E+11;5417984;5020672
2019-06-06T19:24:00+02:00;11129000000;2,25E+11;5417984;5020672
2019-06-06T19:25:00+02:00;10845000000;2,25E+11;12485632;12406784
2019-06-06T19:26:00+02:00;13148000000;2,25E+11;9843712;9726976
2019-06-06T19:27:00+02:00;12887000000;2,25E+11;3548160;3380224
2019-06-06T19:28:00+02:00;12557000000;2,25E+11;15256576;15134720
2019-06-06T19:29:00+02:00;12957000000;2,25E+11;15256576;15134720
2019-06-06T19:30:00+02:00;12976000000;2,25E+11;8615936;8876032
2019-06-06T19:31:00+02:00;14038000000;2,25E+11;11682816;11985920
2019-06-06T19:32:00+02:00;14038000000;2,25E+11;12896256;12734464
2019-06-06T19:33:00+02:00;14131000000;2,25E+11;12896256;12734464
2019-06-06T19:34:00+02:00;12105000000;2,25E+11;15234048;15293440
2019-06-06T19:35:00+02:00;10899000000;2,25E+11;10307584;10583040
2019-06-06T19:36:00+02:00;12903000000;2,25E+11;10337280;9922560
2019-06-06T19:37:00+02:00;12885000000;2,25E+11;12943360;12290048
2019-06-06T19:38:00+02:00;11291000000;2,25E+11;12943360;12290048
2019-06-06T19:39:00+02:00;10105000000;2,25E+11;6474752;6288384
2019-06-06T19:40:00+02:00;9791000000;2,25E+11;10393600;10556416
2019-06-06T19:41:00+02:00;15849000000;2,25E+11;9342976;9709568
2019-06-06T19:42:00+02:00;10059000000;2,25E+11;9342976;9709568
2019-06-06T19:43:00+02:00;10552000000;2,25E+11;8466432;8260608
2019-06-06T19:44:00+02:00;12512000000;2,25E+11;12412928;11757568
2019-06-06T19:45:00+02:00;14769000000;2,25E+11;9261056;8707072
2019-06-06T19:46:00+02:00;14024000000;2,25E+11;9261056;8707072
2019-06-06T19:47:00+02:00;16474000000;2,25E+11;15584256;16016384
2019-06-06T19:48:00+02:00;12167000000;2,25E+11;13419520;13986816
2019-06-06T19:49:00+02:00;16382000000;2,25E+11;13820928;13322240
2019-06-06T19:50:00+02:00;12076000000;2,25E+11;13820928;13322240
2019-06-06T19:51:00+02:00;14271000000;2,25E+11;6622208;6692864
2019-06-06T19:52:00+02:00;11880000000;2,25E+11;6302720;6410240
2019-06-06T19:53:00+02:00;10511000000;2,25E+11;13991936;13871104
2019-06-06T19:54:00+02:00;10511000000;2,25E+11;4111360;3949568
2019-06-06T19:55:00+02:00;14290000000;2,25E+11;4111360;3949568
2019-06-06T19:56:00+02:00;11195000000;2,25E+11;8778752;9135104
2019-06-06T19:57:00+02:00;12075000000;2,25E+11;9767936;9728000
2019-06-06T19:58:00+02:00;13526000000;2,25E+11;9767936;11785216
2019-06-06T19:59:00+02:00;14289000000;2,25E+11;12423168;11785216
2019-06-06T20:00:00+02:00;14409000000;2,25E+11;11738112;11081728
2019-06-06T20:01:00+02:00;20886000000;2,25E+11;13753344;18255872
2019-06-06T20:02:00+02:00;21637000000;2,25E+11;12423168;12310528
2019-06-06T20:03:00+02:00;15394000000;2,25E+11;12423168;12310528
2019-06-06T20:04:00+02:00;14852000000;2,25E+11;14138368;14002176
2019-06-06T20:05:00+02:00;15659000000;2,25E+11;10055680;9683968
2019-06-06T20:06:00+02:00;16589000000;2,25E+11;12822528;12908544
2019-06-06T20:07:00+02:00;13671000000;2,25E+11;12822528;12908544
2019-06-06T20:08:00+02:00;13027000000;2,25E+11;7525376;7583744
2019-06-06T20:09:00+02:00;14750000000;2,25E+11;9220096;8709120
2019-06-06T20:10:00+02:00;12238000000;2,25E+11;14360576;13604864
2019-06-06T20:11:00+02:00;13945000000;2,25E+11;14360576;13604864
2019-06-06T20:12:00+02:00;10651000000;2,25E+11;10773504;11017216
2019-06-06T20:13:00+02:00;14840000000;2,25E+11;7258112;7245824
2019-06-06T20:14:00+02:00;14840000000;2,25E+11;15224832;14660608
2019-06-06T20:15:00+02:00;13278000000;2,25E+11;15224832;14660608
2019-06-06T20:16:00+02:00;16124000000;2,25E+11;13920256;13333504
2019-06-06T20:17:00+02:00;17150000000;2,25E+11;14644224;14804992
2019-06-06T20:18:00+02:00;12281000000;2,25E+11;15705088;15539200
2019-06-06T20:19:00+02:00;16979000000;2,25E+11;15000576;14756864
2019-06-06T20:20:00+02:00;19283000000;2,25E+11;15000576;14756864
2019-06-06T20:21:00+02:00;15555000000;2,25E+11;17812480;17221632
2019-06-06T20:22:00+02:00;16695000000;2,25E+11;16898048;16741376
2019-06-06T20:23:00+02:00;14500000000;2,25E+11;17767424;17463296
2019-06-06T20:24:00+02:00;13373000000;2,25E+11;17767424;17463296
2019-06-06T20:25:00+02:00;11988000000;2,25E+11;11970560;11452416
2019-06-06T20:26:00+02:00;13696000000;2,25E+11;16698368;16705536
2019-06-06T20:27:00+02:00;19032000000;2,25E+11;21320704;20850688
2019-06-06T20:28:00+02:00;16242000000;2,25E+11;21320704;20850688
2019-06-06T20:29:00+02:00;15481000000;2,25E+11;19520512;19430400
2019-06-06T20:30:00+02:00;13270000000;2,25E+11;23568384;23391232
2019-06-06T20:31:00+02:00;18553000000;2,25E+11;25886720;25360384
2019-06-06T20:32:00+02:00;18553000000;2,25E+11;24913920;24387584
2019-06-06T20:33:00+02:00;16435000000;2,25E+11;24913920;24387584
2019-06-06T20:34:00+02:00;15093000000;2,25E+11;23665664;23359488
2019-06-06T20:35:00+02:00;15937000000;2,25E+11;26444800;26144768
2019-06-06T20:36:00+02:00;17251000000;2,25E+11;32250880;31640576
2019-06-06T20:37:00+02:00;16378000000;2,25E+11;32250880;31640576
2019-06-06T20:38:00+02:00;16517000000;2,25E+11;32464896;32474112
2019-06-06T20:39:00+02:00;15678000000;2,25E+11;27645952;27020288
2019-06-06T20:40:00+02:00;15125000000;2,25E+11;27278336;26633216
2019-06-06T20:41:00+02:00;20763000000;2,25E+11;24621056;24764416
2019-06-06T20:42:00+02:00;16265000000;2,25E+11;24621056;24764416
2019-06-06T20:43:00+02:00;15257000000;2,25E+11;25730048;25512960
2019-06-06T20:44:00+02:00;15279000000;2,25E+11;28726272;28510208
2019-06-06T20:45:00+02:00;17781000000;2,25E+11;30420992;29948928
2019-06-06T20:46:00+02:00;17042000000;2,25E+11;30420992;29948928
2019-06-06T20:47:00+02:00;15544000000;2,25E+11;28468224;28286976
2019-06-06T20:48:00+02:00;15421000000;2,25E+11;27047936;31920128
2019-06-06T20:49:00+02:00;22510000000;2,25E+11;28300288;31555584
2019-06-06T20:50:00+02:00;18351000000;2,25E+11;32684032;35692544
2019-06-06T20:51:00+02:00;18351000000;2,25E+11;32684032;35692544
2019-06-06T20:52:00+02:00;20982000000;2,25E+11;27361280;31143936
2019-06-06T20:53:00+02:00;16995000000;2,25E+11;31353856;34685952
2019-06-06T20:54:00+02:00;16470000000;2,25E+11;32106496;35080192
2019-06-06T20:55:00+02:00;17310000000;2,25E+11;32106496;35080192
2019-06-06T20:56:00+02:00;16818000000;2,25E+11;28763136;32043008
2019-06-06T20:57:00+02:00;17734000000;2,25E+11;35998720;37561344
2019-06-06T20:58:00+02:00;17542000000;2,25E+11;32588800;32472064
2019-06-06T20:59:00+02:00;21410000000;2,25E+11;28769280;29276160
2019-06-06T21:00:00+02:00;16536000000;2,25E+11;28769280;29276160
2019-06-06T21:01:00+02:00;21386000000;2,25E+11;28322816;30428160
2019-06-06T21:02:00+02:00;18075000000;2,25E+11;29807616;31356928
2019-06-06T21:03:00+02:00;21749000000;2,25E+11;28171264;61562880
2019-06-06T21:04:00+02:00;17651000000;2,25E+11;28171264;61562880
2019-06-06T21:05:00+02:00;18181000000;2,25E+11;31718400;59293696
2019-06-06T21:06:00+02:00;18561000000;2,25E+11;29787136;61382656
2019-06-06T21:07:00+02:00;15849000000;2,25E+11;29627392;54432768
2019-06-06T21:08:00+02:00;16016000000;2,25E+11;29941760;62217216
2019-06-06T21:09:00+02:00;15083000000;2,25E+11;29941760;62217216
2019-06-06T21:10:00+02:00;15083000000;2,25E+11;30993408;63640576
2019-06-06T21:11:00+02:00;13006000000;2,25E+11;31758336;74306560
2019-06-06T21:12:00+02:00;16899000000;2,25E+11;34692096;78268416
2019-06-06T21:13:00+02:00;15021000000;2,25E+11;34692096;75080704
2019-06-06T21:14:00+02:00;16140000000;2,25E+11;32760832;75080704
2019-06-06T21:15:00+02:00;16919000000;2,25E+11;32310272;78492672
2019-06-06T21:16:00+02:00;15526000000;2,25E+11;30156800;65078272
2019-06-06T21:17:00+02:00;16293000000;2,25E+11;28678144;31783936
2019-06-06T21:18:00+02:00;16804000000;2,25E+11;28678144;31783936
2019-06-06T21:19:00+02:00;15074000000;2,25E+11;28047360;31273984
2019-06-06T21:20:00+02:00;13639000000;2,25E+11;30814208;34529280
2019-06-06T21:21:00+02:00;19590000000;2,25E+11;29173760;32713728
2019-06-06T21:22:00+02:00;14963000000;2,25E+11;27254784;31799296
2019-06-06T21:23:00+02:00;14154000000;2,25E+11;27254784;31799296
2019-06-06T21:24:00+02:00;16748000000;2,25E+11;25314304;29150208
2019-06-06T21:25:00+02:00;14305000000;2,25E+11;31408128;34410496
2019-06-06T21:26:00+02:00;16996000000;2,25E+11;31633408;34753536
2019-06-06T21:27:00+02:00;14807000000;2,25E+11;31633408;34753536
2019-06-06T21:28:00+02:00;15564000000;2,25E+11;29931520;34188288
2019-06-06T21:29:00+02:00;15564000000;2,25E+11;28827648;33576960
2019-06-06T21:30:00+02:00;20385000000;2,25E+11;27994112;30005248
2019-06-06T21:31:00+02:00;16890000000;2,25E+11;27994112;30005248
2019-06-06T21:32:00+02:00;21864000000;2,25E+11;27998208;28131328
2019-06-06T21:33:00+02:00;16368000000;2,25E+11;26750976;27202560
2019-06-06T21:34:00+02:00;12917000000;2,25E+11;30192640;33398784
2019-06-06T21:35:00+02:00;15621000000;2,25E+11;29641728;29305856
2019-06-06T21:36:00+02:00;16042000000;2,25E+11;29641728;29305856
2019-06-06T21:37:00+02:00;14850000000;2,25E+11;29072384;28618752
2019-06-06T21:38:00+02:00;17221000000;2,25E+11;30278656;30191616
2019-06-06T21:39:00+02:00;20613000000;2,25E+11;30095360;29572096
2019-06-06T21:40:00+02:00;15667000000;2,25E+11;30095360;29572096
2019-06-06T21:41:00+02:00;18665000000;2,25E+11;28851200;28101632
2019-06-06T21:42:00+02:00;14511000000;2,25E+11;26515456;25804800
2019-06-06T21:43:00+02:00;15985000000;2,25E+11;null;null
2019-06-06T21:44:00+02:00;17308000000;2,25E+11;27073536;30070784
2019-06-06T21:45:00+02:00;14452000000;2,25E+11;27073536;30070784
2019-06-06T21:46:00+02:00;17454000000;2,25E+11;27088896;30846976
2019-06-06T21:47:00+02:00;14074000000;2,25E+11;26801152;29623296
2019-06-06T21:48:00+02:00;14074000000;2,25E+11;28099584;31211520
2019-06-06T21:49:00+02:00;15613000000;2,25E+11;28099584;31211520
2019-06-06T21:50:00+02:00;18182000000;2,25E+11;28608512;31818752
2019-06-06T21:51:00+02:00;15104000000;2,25E+11;25775104;29137920
2019-06-06T21:52:00+02:00;17007000000;2,25E+11;29024256;32984064
2019-06-06T21:53:00+02:00;13199000000;2,25E+11;30766080;33556480
2019-06-06T21:54:00+02:00;16805000000;2,25E+11;30766080;33556480
2019-06-06T21:55:00+02:00;14775000000;2,25E+11;27304960;30543872
2019-06-06T21:56:00+02:00;15105000000;2,25E+11;27515904;32136192
2019-06-06T21:57:00+02:00;17996000000;2,25E+11;29572096;32500736
2019-06-06T21:58:00+02:00;15027000000;2,25E+11;29572096;32500736
2019-06-06T21:59:00+02:00;15553000000;2,25E+11;30419968;33486848
2019-06-06T22:00:00+02:00;14456000000;2,25E+11;39207936;42851328
2019-06-06T22:01:00+02:00;23866000000;2,25E+11;26173440;29950976
2019-06-06T22:02:00+02:00;22933000000;2,25E+11;24236032;26970112
2019-06-06T22:03:00+02:00;17381000000;2,25E+11;24236032;26970112
2019-06-06T22:04:00+02:00;19608000000;2,25E+11;22578176;23986176
2019-06-06T22:05:00+02:00;17140000000;2,25E+11;24071168;24692736
2019-06-06T22:06:00+02:00;19936000000;2,25E+11;22376448;22990848
2019-06-06T22:07:00+02:00;17480000000;2,25E+11;29003776;30269440
2019-06-06T22:08:00+02:00;17480000000;2,25E+11;29003776;30269440
2019-06-06T22:09:00+02:00;13980000000;2,25E+11;26138624;25946112
2019-06-06T22:10:00+02:00;15253000000;2,25E+11;23995392;24502272
2019-06-06T22:11:00+02:00;16380000000;2,25E+11;26549248;25820160
2019-06-06T22:12:00+02:00;22565000000;2,25E+11;26549248;25820160
2019-06-06T22:13:00+02:00;14253000000;2,25E+11;27302912;26785792
2019-06-06T22:14:00+02:00;15089000000;2,25E+11;28055552;28383232
2019-06-06T22:15:00+02:00;15529000000;2,25E+11;30715904;30568448
2019-06-06T22:16:00+02:00;19076000000;2,25E+11;29111296;28402688
2019-06-06T22:17:00+02:00;16008000000;2,25E+11;29111296;28402688
2019-06-06T22:18:00+02:00;17875000000;2,25E+11;25733120;26070016
2019-06-06T22:19:00+02:00;17301000000;2,25E+11;28342272;31453184
2019-06-06T22:20:00+02:00;18132000000;2,25E+11;24933376;28221440
2019-06-06T22:21:00+02:00;19369000000;2,25E+11;24933376;28221440
2019-06-06T22:22:00+02:00;18137000000;2,25E+11;29135872;31963136
2019-06-06T22:23:00+02:00;15586000000;2,25E+11;31945728;35119104
2019-06-06T22:24:00+02:00;16171000000;2,25E+11;31528960;33941504
2019-06-06T22:25:00+02:00;17887000000;2,25E+11;34482176;36542464
2019-06-06T22:26:00+02:00;18130000000;2,25E+11;34482176;36542464
2019-06-06T22:27:00+02:00;17710000000;2,25E+11;32589824;35135488
2019-06-06T22:28:00+02:00;17710000000;2,25E+11;28072960;31816704
2019-06-06T22:29:00+02:00;16277000000;2,25E+11;31824896;33941504
2019-06-06T22:30:00+02:00;22751000000;2,25E+11;31824896;33941504
2019-06-06T22:31:00+02:00;15131000000;2,25E+11;30257152;33048576
2019-06-06T22:32:00+02:00;18422000000;2,25E+11;26846208;30425088
2019-06-06T22:33:00+02:00;17149000000;2,25E+11;28392448;31449088
2019-06-06T22:34:00+02:00;15743000000;2,25E+11;28392448;31449088
2019-06-06T22:35:00+02:00;18416000000;2,25E+11;31446016;34707456
2019-06-06T22:36:00+02:00;19961000000;2,25E+11;30852096;34324480
2019-06-06T22:37:00+02:00;16495000000;2,25E+11;34043904;37439488
2019-06-06T22:38:00+02:00;17806000000;2,25E+11;31527936;33079296
2019-06-06T22:39:00+02:00;20499000000;2,25E+11;31527936;33079296
2019-06-06T22:40:00+02:00;17346000000;2,25E+11;33157120;33782784
2019-06-06T22:41:00+02:00;19350000000;2,25E+11;31679488;32377856
2019-06-06T22:42:00+02:00;15856000000;2,25E+11;33941504;35920896
2019-06-06T22:43:00+02:00;21192000000;2,25E+11;33941504;35920896
2019-06-06T22:44:00+02:00;16539000000;2,25E+11;31049728;30840832
2019-06-06T22:45:00+02:00;16320000000;2,25E+11;22288384;21896192
2019-06-06T22:46:00+02:00;21156000000;2,25E+11;28533760;28166144
2019-06-06T22:47:00+02:00;21156000000;2,25E+11;25159680;24911872
2019-06-06T22:48:00+02:00;19818000000;2,25E+11;25159680;24911872
2019-06-06T22:49:00+02:00;15683000000;2,25E+11;24403968;23810048
2019-06-06T22:50:00+02:00;18674000000;2,25E+11;27738112;27624448
2019-06-06T22:51:00+02:00;15819000000;2,25E+11;33402880;36768768
2019-06-06T22:52:00+02:00;19265000000;2,25E+11;33402880;36768768
2019-06-06T22:53:00+02:00;15889000000;2,25E+11;28912640;32593920
2019-06-06T22:54:00+02:00;17068000000;2,25E+11;33114112;35463168
2019-06-06T22:55:00+02:00;16722000000;2,25E+11;32023552;34680832
2019-06-06T22:56:00+02:00;17580000000;2,25E+11;32023552;34680832
2019-06-06T22:57:00+02:00;17085000000;2,25E+11;21862400;24966144
2019-06-06T22:58:00+02:00;14983000000;2,25E+11;27449344;30943232
2019-06-06T22:59:00+02:00;17435000000;2,25E+11;31314944;34229248
2019-06-06T23:00:00+02:00;17844000000;2,25E+11;32368640;36129792
2019-06-06T23:01:00+02:00;24542000000;2,25E+11;32368640;36129792
2019-06-06T23:02:00+02:00;17782000000;2,25E+11;32982016;36272128
2019-06-06T23:03:00+02:00;19270000000;2,25E+11;27765760;30619648
2019-06-06T23:04:00+02:00;21079000000;2,25E+11;30005248;32858112
2019-06-06T23:05:00+02:00;21006000000;2,25E+11;30005248;32858112
2019-06-06T23:06:00+02:00;18645000000;2,25E+11;28309504;31843328
2019-06-06T23:07:00+02:00;18645000000;2,25E+11;25607168;29729792
2019-06-06T23:08:00+02:00;14841000000;2,25E+11;28710912;33355776
2019-06-06T23:09:00+02:00;18319000000;2,25E+11;25745408;28497920
2019-06-06T23:10:00+02:00;17101000000;2,25E+11;25745408;28497920
2019-06-06T23:11:00+02:00;15766000000;2,25E+11;25540608;29666304
2019-06-06T23:12:00+02:00;19141000000;2,25E+11;27308032;27646976
2019-06-06T23:13:00+02:00;13844000000;2,25E+11;23994368;26376192
2019-06-06T23:14:00+02:00;14899000000;2,25E+11;22779904;24742912
2019-06-06T23:15:00+02:00;17601000000;2,25E+11;22779904;24742912
2019-06-06T23:16:00+02:00;15013000000;2,25E+11;21688320;21311488
2019-06-06T23:17:00+02:00;15837000000;2,25E+11;24765440;23306240
2019-06-06T23:18:00+02:00;14599000000;2,25E+11;23749632;23098368
2019-06-06T23:19:00+02:00;13687000000;2,25E+11;23749632;23098368
2019-06-06T23:20:00+02:00;12438000000;2,25E+11;23421952;23233536
2019-06-06T23:21:00+02:00;15213000000;2,25E+11;24777728;24599552
2019-06-06T23:22:00+02:00;13171000000;2,25E+11;22782976;21834752
2019-06-06T23:23:00+02:00;15287000000;2,25E+11;22348800;21655552
2019-06-06T23:24:00+02:00;14029000000;2,25E+11;22348800;21655552
2019-06-06T23:25:00+02:00;14194000000;2,25E+11;17558528;17709056
2019-06-06T23:26:00+02:00;13078000000;2,25E+11;22437888;21472256
2019-06-06T23:27:00+02:00;13078000000;2,25E+11;25850880;25191424
2019-06-06T23:28:00+02:00;15308000000;2,25E+11;25850880;25191424
2019-06-06T23:29:00+02:00;14582000000;2,25E+11;22456320;26014720
2019-06-06T23:30:00+02:00;16873000000;2,25E+11;23953408;27269120
2019-06-06T23:31:00+02:00;12002000000;2,25E+11;22299648;25195520
2019-06-06T23:32:00+02:00;15051000000;2,25E+11;24167424;27673600
2019-06-06T23:33:00+02:00;12135000000;2,25E+11;24167424;27673600
2019-06-06T23:34:00+02:00;10788000000;2,25E+11;20076544;22946816
2019-06-06T23:35:00+02:00;10344000000;2,25E+11;14191616;17376256
2019-06-06T23:36:00+02:00;13501000000;2,25E+11;18243584;21562368
2019-06-06T23:37:00+02:00;11358000000;2,25E+11;18243584;21562368
2019-06-06T23:38:00+02:00;10975000000;2,25E+11;35946496;38767616
2019-06-06T23:39:00+02:00;11668000000;2,25E+11;18665472;21963776
2019-06-06T23:40:00+02:00;14858000000;2,25E+11;22464512;25632768
2019-06-06T23:41:00+02:00;15513000000;2,25E+11;23906304;26234880
2019-06-06T23:42:00+02:00;11042000000;2,25E+11;23906304;26234880
2019-06-06T23:43:00+02:00;11949000000;2,25E+11;23564288;27027456
2019-06-06T23:44:00+02:00;11688000000;2,25E+11;25025536;28166144
2019-06-06T23:45:00+02:00;15235000000;2,25E+11;26308608;29030400
2019-06-06T23:46:00+02:00;14933000000;2,25E+11;26308608;29030400
2019-06-06T23:47:00+02:00;14933000000;2,25E+11;23813120;27636736
2019-06-06T23:48:00+02:00;13390000000;2,25E+11;20715520;22117376
2019-06-06T23:49:00+02:00;9306000000;2,25E+11;24235008;27513856
2019-06-06T23:50:00+02:00;15271000000;2,25E+11;18433024;18612224
2019-06-06T23:51:00+02:00;13553000000;2,25E+11;18433024;18612224
2019-06-06T23:52:00+02:00;13657000000;2,25E+11;19122176;22496256
2019-06-06T23:53:00+02:00;10238000000;2,25E+11;22180864;22179840
2019-06-06T23:54:00+02:00;12785000000;2,25E+11;25663488;25277440
2019-06-06T23:55:00+02:00;12720000000;2,25E+11;25663488;25277440
2019-06-06T23:56:00+02:00;13124000000;2,25E+11;21497856;21109760
2019-06-06T23:57:00+02:00;14237000000;2,25E+11;20616192;20301824
2019-06-06T23:58:00+02:00;11802000000;2,25E+11;null;null
2019-06-06T23:59:00+02:00;13714000000;2,25E+11;23487488;23230464
